id_ptn,id_prodi,kode_prodi,nama_prodi,jenjang,daya_tampung_snbp,is_new,kode_portofolio,nama_portofolio
111,111001,11111001,PENDIDIKAN DOKTER HEWAN,S1,72,0,0,Tidak Ada
111,111002,11111002,TEKNIK SIPIL,S1,84,0,0,Tidak Ada
111,111003,11111003,TEKNIK MESIN,S1,36,0,0,Tidak Ada
111,111004,11111004,TEKNIK KIMIA,S1,54,0,0,Tidak Ada
111,111005,11111005,ARSITEKTUR,S1,48,0,0,Tidak Ada
111,111006,11111006,TEKNIK ELEKTRO,S1,48,0,0,Tidak Ada
111,111007,11111007,AGROTEKNOLOGI,S1,36,0,0,Tidak Ada
111,111008,11111008,AGRIBISNIS,S1,48,0,0,Tidak Ada
111,111009,11111009,PETERNAKAN,S1,44,0,0,Tidak Ada
111,111010,11111010,TEKNOLOGI PANGAN DAN HASIL PERTANIAN,S1,48,0,0,Tidak Ada
111,111011,11111011,TEKNIK PERTANIAN,S1,42,0,0,Tidak Ada
111,111012,11111012,PENDIDIKAN BIOLOGI,S1,36,0,0,Tidak Ada
111,111013,11111013,PENDIDIKAN MATEMATIKA,S1,36,0,0,Tidak Ada
111,111014,11111014,PENDIDIKAN FISIKA,S1,36,0,0,Tidak Ada
111,111015,11111015,PENDIDIKAN KIMIA,S1,36,0,0,Tidak Ada
111,111016,11111016,PENDIDIKAN DOKTER,S1,75,0,0,Tidak Ada
111,111017,11111017,ILMU KEPERAWATAN,S1,108,0,0,Tidak Ada
111,111018,11111018,PENDIDIKAN DOKTER GIGI,S1,30,0,0,Tidak Ada
111,111019,11111019,MATEMATIKA,S1,24,0,0,Tidak Ada
111,111020,11111020,FISIKA,S1,24,0,0,Tidak Ada
111,111021,11111021,KIMIA,S1,24,0,0,Tidak Ada
111,111022,11111022,BIOLOGI,S1,24,0,0,Tidak Ada
111,111023,11111023,ILMU KELAUTAN,S1,48,0,0,Tidak Ada
111,111024,11111024,BUDIDAYA PERAIRAN,S1,48,0,0,Tidak Ada
111,111025,11111025,TEKNIK INDUSTRI,S1,36,0,0,Tidak Ada
111,111026,11111026,INFORMATIKA,S1,36,0,0,Tidak Ada
111,111027,11111027,FARMASI,S1,27,0,0,Tidak Ada
111,111028,11111028,TEKNIK GEOFISIKA,S1,24,0,0,Tidak Ada
111,111029,11111029,TEKNIK PERTAMBANGAN,S1,36,0,0,Tidak Ada
111,111030,11111030,STATISTIKA,S1,36,0,0,Tidak Ada
111,111031,11111031,PEMANFAATAN SUMBERDAYA PERIKANAN,S1,36,0,0,Tidak Ada
111,111032,11111032,ILMU TANAH,S1,36,0,0,Tidak Ada
111,111033,11111033,TEKNIK GEOLOGI,S1,24,0,0,Tidak Ada
111,111034,11111034,AGROTEKNOLOGI (PSDKU GAYO LUES),S1,12,0,0,Tidak Ada
111,111035,11111035,PENDIDIKAN BIOLOGI  (PDSKU GAYO LUES),S1,12,0,0,Tidak Ada
111,111036,11111036,KEHUTANAN (PSDKU GAYO LUES),S1,18,0,0,Tidak Ada
111,111037,11111037,PROTEKSI TANAMAN,S1,24,0,0,Tidak Ada
111,111038,11111038,PERENCANAAN WILAYAH DAN KOTA,S1,36,0,0,Tidak Ada
111,111039,11111039,KEHUTANAN,S1,36,0,0,Tidak Ada
111,111040,11111040,TEKNIK KOMPUTER,S1,48,0,0,Tidak Ada
111,111041,11111041,EKONOMI PEMBANGUNAN,S1,48,0,0,Tidak Ada
111,111042,11111042,MANAJEMEN,S1,60,0,0,Tidak Ada
111,111043,11111043,AKUNTANSI,S1,60,0,0,Tidak Ada
111,111044,11111044,ILMU HUKUM,S1,168,0,0,Tidak Ada
111,111045,11111045,PENDIDIKAN PANCASILA DAN KEWARGANEGARAAN,S1,42,0,0,Tidak Ada
111,111046,11111046,PENDIDIKAN SEJARAH,S1,36,0,0,Tidak Ada
111,111047,11111047,PENDIDIKAN EKONOMI,S1,48,0,0,Tidak Ada
111,111048,11111048,PENDIDIKAN GEOGRAFI,S1,48,0,0,Tidak Ada
111,111049,11111049,PENDIDIKAN BAHASA INDONESIA,S1,48,0,0,Tidak Ada
111,111050,11111050,PENDIDIKAN BAHASA INGGRIS,S1,48,0,0,Tidak Ada
111,111051,11111051,PENDIDIKAN SENI DRAMA TARI DAN MUSIK,S1,36,0,3,Sendratasik
111,111052,11111052,PENDIDIKAN KESEJAHTERAAN KELUARGA,S1,48,0,0,Tidak Ada
111,111053,11111053,PEND. JASMANI KESEHATAN DAN REKREASI,S1,60,0,1,Olahraga
111,111054,11111054,BIMBINGAN KONSELING,S1,45,0,0,Tidak Ada
111,111055,11111055,PENDIDIKAN GURU SEKOLAH DASAR,S1,69,0,0,Tidak Ada
111,111056,11111056,PSIKOLOGI,S1,24,0,0,Tidak Ada
111,111057,11111057,ILMU POLITIK,S1,53,0,0,Tidak Ada
111,111058,11111058,SOSIOLOGI,S1,41,0,0,Tidak Ada
111,111059,11111059,ILMU KOMUNIKASI,S1,54,0,0,Tidak Ada
111,111060,11111060,PENDIDIKAN GURU PAUD,S1,42,0,0,Tidak Ada
111,111061,11111061,ILMU PEMERINTAHAN,S1,54,0,0,Tidak Ada
111,111062,11111062,EKONOMI ISLAM,S1,48,0,0,Tidak Ada
111,111063,11111063,MANAJEMEN (PSDKU GAYO LUES),S1,24,0,0,Tidak Ada
111,111064,11113064,KESEHATAN HEWAN,D3,9,0,0,Tidak Ada
111,111065,11112065,AKUNTANSI PERPAJAKAN,D4,24,0,0,Tidak Ada
111,111066,11113066,MANAJEMEN AGRIBISNIS,D3,30,0,0,Tidak Ada
111,111067,11113067,TEKNIK LISTRIK,D3,12,0,0,Tidak Ada
111,111068,11113068,BUDIDAYA PETERNAKAN,D3,18,0,0,Tidak Ada
111,111069,11113069,TEKNIK MESIN,D3,12,0,0,Tidak Ada
111,111071,11113071,TEKNIK SIPIL,D3,24,0,0,Tidak Ada
111,111072,11113072,SEKRETARI,D3,12,0,0,Tidak Ada
111,111073,11113073,MANAJEMEN PERUSAHAAN,D3,12,0,0,Tidak Ada
111,111075,11113075,AKUNTANSI,D3,24,0,0,Tidak Ada
111,111076,11113076,KEUANGAN DAN PERBANKAN,D3,24,0,0,Tidak Ada
111,111077,11113077,MANAJEMEN INFORMATIKA,D3,24,0,0,Tidak Ada
111,111078,11111078,TEKNOLOGI INDUSTRI HASIL PERIKANAN,S1,15,0,0,Tidak Ada
111,111079,11111079,BISNIS DIGITAL,S1,24,1,0,Tidak Ada
111,111080,11111080,TEKNIK SUMBER DAYA AIR,S1,18,1,0,Tidak Ada
111,111081,11111081,TEKNIK PERMINYAKAN,S1,18,1,0,Tidak Ada
111,111082,11111082,TEKNIK LINGKUNGAN,S1,18,1,0,Tidak Ada
112,112001,11121001,TEKNIK SIPIL,S1,165,0,0,Tidak Ada
112,112002,11121002,TEKNIK MESIN,S1,150,0,0,Tidak Ada
112,112003,11121003,TEKNIK KIMIA,S1,125,0,0,Tidak Ada
112,112004,11121004,TEKNIK ELEKTRO,S1,100,0,0,Tidak Ada
112,112005,11121005,TEKNIK INDUSTRI,S1,125,0,0,Tidak Ada
112,112006,11121006,TEKNIK INFORMATIKA,S1,148,0,0,Tidak Ada
112,112007,11121007,TEKNIK ARSITEKTUR,S1,75,0,0,Tidak Ada
112,112008,11121008,AGROEKOTEKNOLOGI,S1,158,0,0,Tidak Ada
112,112009,11121009,AGRIBISNIS,S1,133,0,0,Tidak Ada
112,112010,11121010,AKUAKULTUR,S1,58,0,0,Tidak Ada
112,112011,11121011,KEDOKTERAN,S1,42,0,0,Tidak Ada
112,112012,11121012,PENDIDIKAN FISIKA,S1,60,0,0,Tidak Ada
112,112013,11121013,PENDIDIKAN KIMIA,S1,60,0,0,Tidak Ada
112,112014,11121014,PENDIDIKAN MATEMATIKA,S1,60,0,0,Tidak Ada
112,112015,11121015,PENDIDIKAN VOKASIONAL TEKNIK MESIN,S1,38,0,0,Tidak Ada
112,112016,11121016,SISTEM INFORMASI,S1,100,0,0,Tidak Ada
112,112017,11121017,ILMU KELAUTAN,S1,58,0,0,Tidak Ada
112,112018,11121018,TEKNIK MATERIAL,S1,50,0,0,Tidak Ada
112,112019,11121019,TEKNIK LOGISTIK,S1,50,0,0,Tidak Ada
112,112020,11121020,MANAJEMEN,S1,208,0,0,Tidak Ada
112,112021,11121021,AKUNTANSI,S1,163,0,0,Tidak Ada
112,112022,11121022,ILMU EKONOMI & STUDI PEMBANGUNAN,S1,105,0,0,Tidak Ada
112,112023,11121023,ADMINISTRASI PUBLIK,S1,135,0,0,Tidak Ada
112,112024,11121024,SOSIOLOGI,S1,100,0,0,Tidak Ada
112,112025,11121025,ILMU POLITIK,S1,100,0,0,Tidak Ada
112,112026,11121026,ANTROPOLOGI,S1,50,0,0,Tidak Ada
112,112027,11121027,ILMU KOMUNIKASI,S1,139,0,0,Tidak Ada
112,112028,11121028,HUKUM,S1,250,0,0,Tidak Ada
112,112029,11121029,EKONOMI SYARIAH,S1,110,0,0,Tidak Ada
112,112030,11121030,PSIKOLOGI,S1,90,0,0,Tidak Ada
112,112031,11121031,PENDIDIKAN BAHASA INDONESIA,S1,98,0,0,Tidak Ada
112,112032,11121032,ADMINISTRASI BISNIS,S1,75,0,0,Tidak Ada
112,112033,11121033,KEWIRUSAHAAN,S1,68,0,0,Tidak Ada
112,112034,11123034,KEPERAWATAN,D3,58,0,0,Tidak Ada
112,112036,11121036,PENDIDIKAN ILMU PENGETAHUAN ALAM,S1,30,1,0,Tidak Ada
112,112037,11121037,PENDIDIKAN VOKASIONAL REKAYASA ELEKTRO,S1,30,1,0,Tidak Ada
112,112038,11121038,BIOTEKNOLOGI,S1,45,1,0,Tidak Ada
112,112039,11121039,PERENCANAAN WILAYAH DAN KOTA,S1,30,1,0,Tidak Ada
112,112040,11121040,TEKNIK LINGKUNGAN,S1,30,1,0,Tidak Ada
113,113001,11131001,TEKNIK SIPIL,S1,52,0,0,Tidak Ada
113,113002,11131002,TEKNIK MESIN,S1,44,0,0,Tidak Ada
113,113003,11131003,TEKNIK INDUSTRI,S1,44,0,0,Tidak Ada
113,113004,11131004,AGRIBISNIS,S1,48,0,0,Tidak Ada
113,113005,11131005,AGROTEKNOLOGI,S1,46,0,0,Tidak Ada
113,113006,11131006,PERIKANAN,S1,24,0,0,Tidak Ada
113,113007,11131007,KESEHATAN MASYARAKAT,S1,64,0,0,Tidak Ada
113,113008,11131008,AKUAKULTUR,S1,22,0,0,Tidak Ada
113,113009,11131009,SUMBER DAYA AKUATIK,S1,22,0,0,Tidak Ada
113,113010,11131010,TEKNOLOGI HASIL PERTANIAN,S1,48,0,0,Tidak Ada
113,113011,11131011,ILMU KELAUTAN,S1,22,0,0,Tidak Ada
113,113012,11131012,TEKNOLOGI INFORMASI,S1,48,0,0,Tidak Ada
113,113013,11131013,GIZI,S1,52,0,0,Tidak Ada
113,113014,11131014,EKONOMI PEMBANGUNAN,S1,34,0,0,Tidak Ada
113,113015,11131015,ILMU ADMINISTRASI NEGARA,S1,60,0,0,Tidak Ada
113,113016,11131016,SOSIOLOGI,S1,48,0,0,Tidak Ada
113,113017,11131017,ILMU KOMUNIKASI,S1,56,0,0,Tidak Ada
113,113018,11131018,MANAJEMEN,S1,64,0,0,Tidak Ada
113,113019,11131019,AKUNTANSI,S1,60,0,0,Tidak Ada
113,113020,11131020,ILMU HUKUM,S1,64,0,0,Tidak Ada
113,113021,11131021,PETERNAKAN,S1,24,0,0,Tidak Ada
113,113022,11131022,BISNIS DIGITAL,S1,38,0,0,Tidak Ada
113,113023,11131023,KESELAMATAN DAN KESEHATAN KERJA,S1,38,0,0,Tidak Ada
113,113024,11131024,BAHASA DAN KEBUDAYAAN INGGRIS,S1,24,0,0,Tidak Ada
113,113025,11131025,TEKNIK INFRASRUKTUR DAN LINGKUNGAN,S1,16,1,0,Tidak Ada
113,113026,11131026,SAINS KEOLAHRAGAAN,S1,16,1,1,Olahraga
113,113027,11131027,BIOSAINS HEWAN,S1,16,1,0,Tidak Ada
114,114001,11141001,AGROTEKNOLOGI,S1,48,0,0,Tidak Ada
114,114002,11141002,AGRIBISNIS,S1,60,0,0,Tidak Ada
114,114003,11141003,AKUAKULTUR,S1,16,0,0,Tidak Ada
114,114004,11141004,PENDIDIKAN MATEMATIKA,S1,12,0,0,Tidak Ada
114,114005,11141005,PENDIDIKAN FISIKA,S1,12,0,0,Tidak Ada
114,114006,11141006,PENDIDIKAN KIMIA,S1,12,0,0,Tidak Ada
114,114007,11141007,PENDIDIKAN BIOLOGI,S1,36,0,0,Tidak Ada
114,114008,11141008,TEKNIK MESIN,S1,44,0,0,Tidak Ada
114,114009,11141009,TEKNIK SIPIL,S1,60,0,0,Tidak Ada
114,114010,11141010,TEKNIK INDUSTRI,S1,48,0,0,Tidak Ada
114,114011,11141011,INFORMATIKA,S1,72,0,0,Tidak Ada
114,114012,11141012,MATEMATIKA,S1,12,0,0,Tidak Ada
114,114013,11141013,FISIKA,S1,12,0,0,Tidak Ada
114,114014,11141014,KIMIA ,S1,12,0,0,Tidak Ada
114,114015,11141015,BIOLOGI,S1,12,0,0,Tidak Ada
114,114016,11141016,HUKUM,S1,96,0,0,Tidak Ada
114,114017,11141017,EKONOMI MANAJEMEN,S1,96,0,0,Tidak Ada
114,114018,11141018,EKONOMI PEMBANGUNAN,S1,32,0,0,Tidak Ada
114,114019,11141019,PENDIDIKAN SEJARAH,S1,32,0,0,Tidak Ada
114,114020,11141020,PENDIDIKAN GEOGRAFI,S1,48,0,0,Tidak Ada
114,114021,11141021,PENDIDIKAN JASMANI,S1,48,0,1,Olahraga
114,114022,11141022,PENDIDIKAN GURU SEKOLAH DASAR,S1,130,0,0,Tidak Ada
114,114023,11141023,PENDIDIKAN BAHASA INGGRIS,S1,32,0,0,Tidak Ada
114,114024,11141024,PENDIDIKAN BAHASA INDONESIA,S1,48,0,0,Tidak Ada
114,114025,11141025,AKUNTANSI,S1,48,0,0,Tidak Ada
114,114026,11141026,GEOFISIKA,S1,12,0,0,Tidak Ada
114,114027,11141027,PENDIDIKAN ILMU PENGETAHUAN ALAM,S1,12,0,0,Tidak Ada
114,114028,11141028,PENDIDIKAN PANCASILA DAN KEWARGANEGARAAN,S1,12,0,0,Tidak Ada
114,114029,11141029,PENDIDIKAN VOKASIONAL SENI KULINER,S1,12,0,0,Tidak Ada
114,114030,11141030,KRIMINOLOGI,S1,16,1,0,Tidak Ada
114,114031,11141031,PETERNAKAN,S1,16,1,0,Tidak Ada
114,114032,11141032,HUKUM BISNIS,S1,16,1,0,Tidak Ada
114,114033,11141033,TEKNOLOGI PANGAN DAN HASIL PERTANIAN,S1,16,1,0,Tidak Ada
114,114034,11141034,BISNIS DIGITAL,S1,16,1,0,Tidak Ada
115,115001,11151001,SENI KARAWITAN,S1,20,0,10,Seni Karawitan
115,115002,11151002,SENI TARI,S1,38,0,5,Tari
115,115003,11151003,SENI TEATER,S1,15,0,7,Teater
115,115004,11151004,SENI RUPA MURNI,S1,20,0,2,"Seni Rupa, Desain, dan Kriya"
115,115005,11151005,KRIYA SENI,S1,20,0,2,"Seni Rupa, Desain, dan Kriya"
115,115006,11151006,DESAIN KOMUNIKASI VISUAL,S1,40,0,2,"Seni Rupa, Desain, dan Kriya"
115,115007,11151007,KAJIAN SASTRA BUDAYA,S1,15,0,0,Tidak Ada
115,115008,11151008,BAHASA ACEH,S1,15,0,0,Tidak Ada
115,115009,11151009,DESAIN INTERIOR,S1,20,0,2,"Seni Rupa, Desain, dan Kriya"
115,115010,11151010,BAHASA MANDARIN,S1,20,1,0,Tidak Ada
115,115011,11151011,SEJARAH,S1,20,1,0,Tidak Ada
116,116001,11161001,PENDIDIKAN TEKNIK ELEKTRO,S1,20,0,0,Tidak Ada
116,116002,11161002,PENDIDIKAN TEKNOLOGI INFORMASI,S1,60,0,0,Tidak Ada
116,116003,11161003,ARSITEKTUR,S1,40,0,0,Tidak Ada
116,116004,11161004,TEKNIK LINGKUNGAN,S1,40,0,0,Tidak Ada
116,116005,11161005,BIOLOGI,S1,10,0,0,Tidak Ada
116,116006,11161006,KIMIA,S1,10,0,0,Tidak Ada
116,116007,11161007,TEKNOLOGI INFORMASI,S1,80,0,0,Tidak Ada
116,116008,11161008,ILMU HUKUM,S1,98,0,0,Tidak Ada
116,116009,11161009,BIMBINGAN KONSELING,S1,70,0,0,Tidak Ada
116,116010,11161010,ILMU PERPUSTAKAAN,S1,42,0,0,Tidak Ada
116,116013,11161013,ILMU EKONOMI,S1,70,0,0,Tidak Ada
116,116014,11161014,ILMU POLITIK,S1,14,0,0,Tidak Ada
116,116015,11161015,ILMU ADMINISTRASI NEGARA,S1,70,0,0,Tidak Ada
116,116016,11161016,PSIKOLOGI,S1,80,0,0,Tidak Ada
116,116017,11161017,KESEJAHTERAAN SOSIAL,S1,26,0,0,Tidak Ada
116,116018,11161018,TEKNIK FISIKA,S1,10,0,0,Tidak Ada
121,121001,11211001,PENDIDIKAN DOKTER,S1,55,0,0,Tidak Ada
121,121002,11211002,TEKNIK SIPIL,S1,38,0,0,Tidak Ada
121,121003,11211003,TEKNIK MESIN,S1,38,0,0,Tidak Ada
121,121004,11211004,TEKNIK ELEKTRO,S1,35,0,0,Tidak Ada
121,121005,11211005,TEKNIK INDUSTRI,S1,40,0,0,Tidak Ada
121,121006,11211006,TEKNIK KIMIA,S1,30,0,0,Tidak Ada
121,121007,11211007,PENDIDIKAN DOKTER GIGI,S1,33,0,0,Tidak Ada
121,121008,11211008,MATEMATIKA,S1,40,0,0,Tidak Ada
121,121009,11211009,KIMIA,S1,40,0,0,Tidak Ada
121,121010,11211010,FARMASI,S1,40,0,0,Tidak Ada
121,121011,11211011,FISIKA,S1,40,0,0,Tidak Ada
121,121012,11211012,ILMU KESEHATAN MASYARAKAT,S1,88,0,0,Tidak Ada
121,121013,11211013,AGROEKOTEKNOLOGI,S1,75,0,0,Tidak Ada
121,121014,11211014,KETEKNIKAN PERTANIAN,S1,25,0,0,Tidak Ada
121,121015,11211015,BIOLOGI,S1,40,0,0,Tidak Ada
121,121016,11211016,AGRIBISNIS,S1,50,0,0,Tidak Ada
121,121017,11211017,ILMU DAN TEKNOLOGI PANGAN,S1,25,0,0,Tidak Ada
121,121018,11211018,PETERNAKAN,S1,70,0,0,Tidak Ada
121,121019,11211019,ARSITEKTUR,S1,25,0,0,Tidak Ada
121,121020,11211020,ILMU KEPERAWATAN,S1,63,0,0,Tidak Ada
121,121021,11211021,KEHUTANAN,S1,80,0,0,Tidak Ada
121,121022,11211022,ILMU KOMPUTER,S1,33,0,0,Tidak Ada
121,121023,11211023,TEKNOLOGI INFORMASI,S1,33,0,0,Tidak Ada
121,121024,11211024,MANAJEMEN SUMBER DAYA PERAIRAN,S1,25,0,0,Tidak Ada
121,121025,11211025,TEKNIK LINGKUNGAN,S1,21,0,0,Tidak Ada
121,121026,11211026,GIZI,S1,22,0,0,Tidak Ada
121,121027,11211027,ILMU HUKUM,S1,135,0,0,Tidak Ada
121,121028,11211028,ILMU SEJARAH,S1,48,0,0,Tidak Ada
121,121029,11211029,ANTROPOLOGI SOSIAL,S1,30,0,0,Tidak Ada
121,121030,11211030,AKUNTANSI,S1,55,0,0,Tidak Ada
121,121031,11211031,SOSIOLOGI,S1,42,0,0,Tidak Ada
121,121032,11211032,ILMU KESEJAHTERAAN SOSIAL,S1,30,0,0,Tidak Ada
121,121033,11211033,ILMU ADMINISTRASI NEGARA,S1,27,0,0,Tidak Ada
121,121034,11211034,ILMU KOMUNIKASI,S1,27,0,0,Tidak Ada
121,121035,11211035,MANAJEMEN,S1,55,0,0,Tidak Ada
121,121036,11211036,EKONOMI PEMBANGUNAN,S1,44,0,0,Tidak Ada
121,121037,11211037,ILMU POLITIK,S1,30,0,0,Tidak Ada
121,121038,11211038,SASTRA INDONESIA,S1,57,0,0,Tidak Ada
121,121039,11211039,SASTRA DAERAH UNTUK SASTRA MELAYU,S1,38,0,0,Tidak Ada
121,121040,11211040,SASTRA INGGRIS,S1,83,0,0,Tidak Ada
121,121041,11211041,SASTRA DAERAH UNTUK SASTRA BATAK,S1,30,0,0,Tidak Ada
121,121042,11211042,SASTRA ARAB,S1,70,0,0,Tidak Ada
121,121043,11211043,ETNO MUSIKOLOGI,S1,40,0,11,Etnomusikologi
121,121044,11211044,SASTRA JEPANG,S1,20,0,0,Tidak Ada
121,121045,11211045,ILMU PERPUSTAKAAN,S1,40,0,0,Tidak Ada
121,121046,11211046,SASTRA CINA,S1,20,0,0,Tidak Ada
121,121047,11211047,ILMU ADMINISTRASI NIAGA/BISNIS,S1,27,0,0,Tidak Ada
121,121048,11211048,PSIKOLOGI,S1,63,0,0,Tidak Ada
121,121049,11211049,KEWIRAUSAHAAN,S1,16,0,0,Tidak Ada
121,121050,11213050,METROLOGI DAN INSTRUMENTASI,D3,36,0,0,Tidak Ada
121,121054,11213054,ADMINISTRASI PERPAJAKAN,D3,40,0,0,Tidak Ada
121,121056,11213056,BAHASA JEPANG,D3,20,0,0,Tidak Ada
121,121058,11213058,ANALIS FARMASI DAN MAKANAN,D3,24,0,0,Tidak Ada
121,121059,11213059,BAHASA INGGRIS,D3,40,0,0,Tidak Ada
121,121060,11213060,TEKNIK INFORMATIKA,D3,40,0,0,Tidak Ada
121,121064,11212064,PERBANKAN DAN KEUANGAN,D4,46,0,0,Tidak Ada
121,121065,11212065,ADMINISTRASI PERKANTORAN DIGITAL,D4,32,0,0,Tidak Ada
121,121066,11212066,AKUNTANSI SEKTOR PUBLIK,D4,44,0,0,Tidak Ada
121,121067,11212067,STATISTIKA,D4,40,0,0,Tidak Ada
121,121068,11212068,KIMIA TERAPAN,D4,32,0,0,Tidak Ada
121,121069,11212069,MANAJEMEN BISNIS PARIWISATA,D4,40,0,0,Tidak Ada
121,121070,11212070,TEKNOLOGI REKAYASA INSTRUMENTASI,D4,40,0,0,Tidak Ada
121,121071,11211071,EKONOMI ISLAM,S1,17,1,0,Tidak Ada
121,121072,11211072,TEKNIK PERTAMBANGAN,S1,15,1,0,Tidak Ada
121,121073,11211073,TEKNIK LOGISTIK,S1,15,1,0,Tidak Ada
121,121074,11211074,PERENCANAAN WILAYAH DAN KOTA,S1,15,1,0,Tidak Ada
122,122001,11221001,PENDIDIKAN MATEMATIKA,S1,67,0,0,Tidak Ada
122,122002,11221002,PENDIDIKAN BIOLOGI,S1,72,0,0,Tidak Ada
122,122003,11221003,PENDIDIKAN FISIKA,S1,69,0,0,Tidak Ada
122,122004,11221004,PENDIDIKAN KIMIA,S1,90,0,0,Tidak Ada
122,122005,11221005,PENDIDIKAN TEKNIK BANGUNAN,S1,47,0,0,Tidak Ada
122,122006,11221006,PENDIDIKAN TEKNIK MESIN,S1,51,0,0,Tidak Ada
122,122007,11221007,PENDIDIKAN TEKNIK ELEKTRO,S1,46,0,0,Tidak Ada
122,122008,11221008,KIMIA,S1,43,0,0,Tidak Ada
122,122009,11221009,BIOLOGI,S1,59,0,0,Tidak Ada
122,122010,11221010,ILMU KEOLAHRAGAAN,S1,77,0,1,Olahraga
122,122011,11221011,MATEMATIKA,S1,46,0,0,Tidak Ada
122,122012,11221012,FISIKA,S1,33,0,0,Tidak Ada
122,122013,11221013,PENDIDIKAN TEKNIK OTOMOTIF,S1,51,0,0,Tidak Ada
122,122014,11221014,GIZI,S1,54,0,0,Tidak Ada
122,122015,11221015,TEKNIK ELEKTRO,S1,46,0,0,Tidak Ada
122,122016,11221016,TEKNIK SIPIL,S1,51,0,0,Tidak Ada
122,122017,11221017,PENDIDIKAN TEKNOLOGI INFORMATIKA DAN KOMPUTER,S1,51,0,0,Tidak Ada
122,122018,11221018,ILMU KOMPUTER,S1,48,0,0,Tidak Ada
122,122019,11221019,PENDIDIKAN IPA,S1,43,0,0,Tidak Ada
122,122021,11221021,PENDIDIKAN SEJARAH,S1,62,0,0,Tidak Ada
122,122022,11221022,PEND. PANCASILA & KEWARGANEGARAAN (PPKN),S1,62,0,0,Tidak Ada
122,122023,11221023,PENDIDIKAN GEOGRAFI,S1,62,0,0,Tidak Ada
122,122024,11221024,"PEND. JASMANI, KESEHATAN & REKREASI",S1,117,0,1,Olahraga
122,122025,11221025,PENDIDIKAN KEPELATIHAN OLAHRAGA (PKO),S1,117,0,1,Olahraga
122,122026,11221026,PENDIDIKAN LUAR SEKOLAH (PLS),S1,41,0,0,Tidak Ada
122,122027,11221027,PENDIDIKAN EKONOMI,S1,39,0,0,Tidak Ada
122,122028,11221028,MANAJEMEN,S1,51,0,0,Tidak Ada
122,122029,11221029,AKUNTANSI,S1,46,0,0,Tidak Ada
122,122030,11221030,PENDIDIKAN BAHASA DAN SASTRA INDONESIA,S1,85,0,0,Tidak Ada
122,122031,11221031,PENDIDIKAN BAHASA INGGRIS,S1,86,0,0,Tidak Ada
122,122032,11221032,PENDIDIKAN BAHASA PERANCIS,S1,43,0,0,Tidak Ada
122,122033,11221033,PENDIDIKAN BAHASA JERMAN,S1,47,0,0,Tidak Ada
122,122034,11221034,PENDIDIKAN SENI RUPA,S1,40,0,2,"Seni Rupa, Desain, dan Kriya"
122,122035,11221035,SASTRA INDONESIA,S1,51,0,0,Tidak Ada
122,122036,11221036,SASTRA INGGRIS,S1,51,0,0,Tidak Ada
122,122038,11221038,PENDIDIKAN GURU SEKOLAH DASAR (PGSD),S1,144,0,0,Tidak Ada
122,122039,11221039,PENDIDIKAN TATA BOGA,S1,46,0,0,Tidak Ada
122,122040,11221040,PENDIDIKAN TATA RIAS,S1,51,0,0,Tidak Ada
122,122041,11221041,PENDIDIKAN ANTROPOLOGI,S1,62,0,0,Tidak Ada
122,122042,11221042,PEND. GURU PENDIDIKAN ANAK USIA DINI,S1,72,0,0,Tidak Ada
122,122043,11221043,PENDIDIKAN BIMBINGAN DAN KONSELING,S1,72,0,0,Tidak Ada
122,122044,11221044,PENDIDIKAN AKUNTANSI,S1,39,0,0,Tidak Ada
122,122046,11221046,PENDIDIKAN ADMINISTRASI PERKANTORAN,S1,39,0,0,Tidak Ada
122,122047,11221047,PENDIDIKAN BISNIS,S1,39,0,0,Tidak Ada
122,122048,11221048,PENDIDIKAN TARI,S1,55,0,5,Tari
122,122049,11221049,PENDIDIKAN MUSIK,S1,59,0,6,Musik
122,122050,11221050,PENDIDIKAN TATA BUSANA,S1,46,0,0,Tidak Ada
122,122051,11221051,SENI PERTUNJUKAN,S1,22,0,3,Sendratasik
122,122052,11221052,ILMU EKONOMI,S1,39,0,0,Tidak Ada
122,122053,11221053,BISNIS DIGITAL,S1,39,0,0,Tidak Ada
122,122054,11221054,KEWIRAUSAHAAN,S1,39,0,0,Tidak Ada
122,122055,11223055,TEKNIK MESIN,D3,41,0,0,Tidak Ada
122,122056,11222056,MANAJEMEN KONSTRUKSI,D4,51,0,0,Tidak Ada
122,122057,11221057,ARSITEKTUR,S1,41,0,0,Tidak Ada
122,122058,11221058,STATISTIKA,S1,41,0,0,Tidak Ada
122,122059,11221059,SAINS INFORMASI GEOGRAFI,S1,15,0,0,Tidak Ada
122,122060,11221060,HUKUM BISNIS,S1,15,0,0,Tidak Ada
122,122061,11221061,KEDOKTERAN,S1,13,1,0,Tidak Ada
123,123001,11231001,ILMU KOMPUTER,S1,72,0,0,Tidak Ada
123,123002,11231002,SISTEM INFORMASI,S1,76,0,0,Tidak Ada
123,123003,11231003,MATEMATIKA,S1,12,0,0,Tidak Ada
123,123004,11231004,BIOLOGI,S1,18,0,0,Tidak Ada
123,123005,11231005,FISIKA,S1,12,0,0,Tidak Ada
123,123006,11231006,ILMU KESEHATAN MASYARAKAT,S1,124,0,0,Tidak Ada
123,123007,11231007,ILMU PERPUSTAKAAN,S1,34,0,0,Tidak Ada
123,123008,11231008,ILMU KOMUNIKASI,S1,61,0,0,Tidak Ada
123,123009,11231009,MANAJEMEN,S1,84,0,0,Tidak Ada
123,123010,11231010,HUKUM,S1,56,0,0,Tidak Ada
123,123011,11231011,GIZI,S1,44,0,0,Tidak Ada
123,123012,11231012,SAINS DATA,S1,12,1,0,Tidak Ada
124,124001,11241001,BISNIS DIGITAL,S1,40,0,0,Tidak Ada
124,124002,11241002,DESAIN KOMUNIKASI VISUAL,S1,40,0,2,"Seni Rupa, Desain, dan Kriya"
124,124003,11241003,TEKNOLOGI INFORMASI,S1,60,0,0,Tidak Ada
131,131001,11311001,FISIKA,S1,36,0,0,Tidak Ada
131,131002,11311002,KIMIA,S1,36,0,0,Tidak Ada
131,131003,11311003,MATEMATIKA,S1,27,0,0,Tidak Ada
131,131004,11311004,BIOLOGI,S1,36,0,0,Tidak Ada
131,131005,11311005,MANAJEMEN SUMBERDAYA PERAIRAN,S1,43,0,0,Tidak Ada
131,131006,11311006,BUDIDAYA PERAIRAN,S1,52,0,0,Tidak Ada
131,131007,11311007,ILMU KELAUTAN,S1,46,0,0,Tidak Ada
131,131008,11311008,TEKNOLOGI HASIL PERIKANAN,S1,43,0,0,Tidak Ada
131,131009,11311009,PEMANFAATAN SUMBERDAYA PERIKANAN,S1,37,0,0,Tidak Ada
131,131010,11311010,AGROBISNIS PERIKANAN,S1,34,0,0,Tidak Ada
131,131011,11311011,AGROTEKNOLOGI,S1,60,0,0,Tidak Ada
131,131012,11311012,AGRIBISNIS,S1,36,0,0,Tidak Ada
131,131013,11311013,TEKNOLOGI HASIL PERTANIAN,S1,24,0,0,Tidak Ada
131,131014,11311014,KEHUTANAN,S1,36,0,0,Tidak Ada
131,131015,11311015,TEKNIK SIPIL,S1,36,0,0,Tidak Ada
131,131016,11311016,TEKNIK KIMIA,S1,31,0,0,Tidak Ada
131,131017,11311017,TEKNIK MESIN,S1,34,0,0,Tidak Ada
131,131018,11311018,TEKNIK ELEKTRO,S1,36,0,0,Tidak Ada
131,131019,11311019,KEDOKTERAN,S1,48,0,0,Tidak Ada
131,131020,11311020,ILMU KEPERAWATAN ,S1,63,0,0,Tidak Ada
131,131021,11311021,PENDIDIKAN MATEMATIKA,S1,24,0,0,Tidak Ada
131,131022,11311022,PENDIDIKAN BIOLOGI,S1,24,0,0,Tidak Ada
131,131023,11311023,PENDIDIKAN FISIKA,S1,24,0,0,Tidak Ada
131,131024,11311024,PENDIDIKAN KIMIA,S1,24,0,0,Tidak Ada
131,131025,11311025,TEKNIK LINGKUNGAN,S1,27,0,0,Tidak Ada
131,131026,11311026,ARSITEKTUR,S1,28,0,0,Tidak Ada
131,131027,11311027,SISTEM INFORMASI,S1,48,0,0,Tidak Ada
131,131028,11311028,TEKNIK INFORMATIKA,S1,36,0,0,Tidak Ada
131,131029,11311029,TEKNOLOGI INDUSTRI PERTANIAN,S1,24,0,0,Tidak Ada
131,131030,11311030,STATISTIKA,S1,27,0,0,Tidak Ada
131,131031,11311031,HUBUNGAN INTERNASIONAL,S1,57,0,0,Tidak Ada
131,131032,11311032,ILMU PEMERINTAHAN,S1,63,0,0,Tidak Ada
131,131033,11311033,ILMU ADMINISTRASI PUBLIK,S1,49,0,0,Tidak Ada
131,131034,11311034,ILMU ADMINISTRASI BISNIS,S1,52,0,0,Tidak Ada
131,131035,11311035,SOSIOLOGI,S1,57,0,0,Tidak Ada
131,131036,11311036,ILMU KOMUNIKASI,S1,63,0,0,Tidak Ada
131,131037,11312037,USAHA PERJALANAN WISATA,D4,42,0,0,Tidak Ada
131,131038,11311038,EKONOMI PEMBANGUNAN,S1,48,0,0,Tidak Ada
131,131039,11311039,MANAJEMEN,S1,108,0,0,Tidak Ada
131,131040,11311040,AKUNTANSI,S1,93,0,0,Tidak Ada
131,131041,11311041,ILMU HUKUM,S1,124,0,0,Tidak Ada
131,131042,11311042,PENDIDIKAN EKONOMI,S1,36,0,0,Tidak Ada
131,131043,11311043,PENDIDIKAN PANCASILA DAN KEWARGANEGARAAN,S1,24,0,0,Tidak Ada
131,131044,11311044,PENDIDIKAN SEJARAH,S1,24,0,0,Tidak Ada
131,131045,11311045,PENDIDIKAN BAHASA DAN SASTRA INDONESIA,S1,36,0,0,Tidak Ada
131,131046,11311046,PENDIDIKAN BAHASA INGGRIS,S1,36,0,0,Tidak Ada
131,131047,11311047,PENDIDIKAN BAHASA JEPANG,S1,24,0,0,Tidak Ada
131,131048,11311048,PENDIDIKAN MASYARAKAT,S1,24,0,0,Tidak Ada
131,131049,11311049,BIMBINGAN KONSELING,S1,24,0,0,Tidak Ada
131,131050,11311050,PENDIDIKAN JASMANI KESEHATAN DAN REKREASI,S1,24,0,1,Olahraga
131,131051,11311051,PENDIDIKAN KEPELATIHAN OLAHRAGA,S1,24,0,1,Olahraga
131,131052,11311052,PENDIDIKAN GURU SEKOLAH DASAR,S1,40,0,0,Tidak Ada
131,131053,11311053,PENDIDIKAN ANAK USIA DINI,S1,24,0,0,Tidak Ada
131,131054,11313054,PERPAJAKAN,D3,36,0,0,Tidak Ada
131,131055,11313055,TEKNIK KIMIA,D3,27,0,0,Tidak Ada
131,131056,11313056,AKUNTANSI,D3,36,0,0,Tidak Ada
131,131057,11313057,TEKNIK ELEKTRO,D3,18,0,0,Tidak Ada
131,131058,11313058,TEKNIK MESIN,D3,18,0,0,Tidak Ada
131,131059,11313059,TEKNOLOGI PULP DAN KERTAS,D3,18,0,0,Tidak Ada
131,131060,11313060,TEKNIK SIPIL,D3,27,0,0,Tidak Ada
131,131061,11313061,MANAJEMEN INFORMATIKA,D3,24,0,0,Tidak Ada
131,131062,11311062,KEDOKTERAN HEWAN,S1,15,0,0,Tidak Ada
131,131063,11311063,ILMU TANAH,S1,12,0,0,Tidak Ada
131,131064,11311064,PROTEKSI TANAMAN,S1,12,0,0,Tidak Ada
131,131065,11311065,PENYULUHAN PERTANIAN,S1,12,0,0,Tidak Ada
132,132001,11321001,PETERNAKAN,S1,28,0,0,Tidak Ada
132,132002,11321002,MATEMATIKA,S1,20,0,0,Tidak Ada
132,132003,11321003,SISTEM INFORMASI,S1,24,0,0,Tidak Ada
132,132004,11321004,TEKNIK ELEKTRO,S1,26,0,0,Tidak Ada
132,132005,11321005,TEKNIK INDUSTRI,S1,28,0,0,Tidak Ada
132,132006,11321006,TEKNIK INFORMATIKA,S1,16,0,0,Tidak Ada
132,132007,11321007,PENDIDIKAN MATEMATIKA,S1,28,0,0,Tidak Ada
132,132008,11321008,PENDIDIKAN KIMIA,S1,26,0,0,Tidak Ada
132,132009,11321009,AGROTEKNOLOGI,S1,36,0,0,Tidak Ada
132,132010,11321010,GIZI,S1,12,0,0,Tidak Ada
132,132011,11321011,AKUNTANSI,S1,60,0,0,Tidak Ada
132,132012,11321012,ILMU ADMINISTRASI NEGARA,S1,60,0,0,Tidak Ada
132,132013,11321013,MANAJEMEN,S1,64,0,0,Tidak Ada
132,132014,11321014,PSIKOLOGI,S1,43,0,0,Tidak Ada
132,132015,11321015,ILMU HUKUM,S1,40,0,0,Tidak Ada
132,132020,11321020,PENDIDIKAN EKONOMI,S1,26,0,0,Tidak Ada
132,132031,11321031,ILMU KOMUNIKASI,S1,36,0,0,Tidak Ada
132,132035,11321035,PENDIDIKAN BAHASA INDONESIA,S1,30,0,0,Tidak Ada
132,132036,11321036,PENDIDIKAN GEOGRAFI,S1,22,0,0,Tidak Ada
133,133001,11331001,TEKNIK ELEKTRO,S1,68,0,0,Tidak Ada
133,133002,11331002,TEKNIK INFORMATIKA,S1,75,0,0,Tidak Ada
133,133003,11331003,ILMU KELAUTAN,S1,48,0,0,Tidak Ada
133,133004,11331004,MANAJEMEN SUMBERDAYA PERAIRAN,S1,50,0,0,Tidak Ada
133,133005,11331005,PENDIDIKAN MATEMATIKA,S1,50,0,0,Tidak Ada
133,133006,11331006,PENDIDIKAN BIOLOGI,S1,50,0,0,Tidak Ada
133,133007,11331007,PENDIDIKAN KIMIA,S1,48,0,0,Tidak Ada
133,133008,11331008,BUDI DAYA PERAIRAN,S1,50,0,0,Tidak Ada
133,133009,11331009,TEKNOLOGI HASIL PERIKANAN,S1,50,0,0,Tidak Ada
133,133010,11331010,SOSIAL EKONOMI PERIKANAN,S1,50,0,0,Tidak Ada
133,133011,11331011,TEKNIK PERKAPALAN,S1,40,0,0,Tidak Ada
133,133012,11331012,PENDIDIKAN BAHASA INDONESIA,S1,75,0,0,Tidak Ada
133,133013,11331013,AKUNTANSI,S1,75,0,0,Tidak Ada
133,133014,11331014,ILMU ADMINISTRASI NEGARA,S1,75,0,0,Tidak Ada
133,133015,11331015,ILMU PEMERINTAHAN,S1,75,0,0,Tidak Ada
133,133016,11331016,SOSIOLOGI,S1,50,0,0,Tidak Ada
133,133017,11331017,PENDIDIKAN BAHASA INGGRIS,S1,75,0,0,Tidak Ada
133,133018,11331018,MANAJEMEN,S1,75,0,0,Tidak Ada
133,133019,11331019,ILMU HUKUM,S1,25,0,0,Tidak Ada
133,133020,11331020,ILMU HUBUNGAN INTERNASIONAL,S1,58,0,0,Tidak Ada
133,133021,11331021,KEDOKTERAN,S1,25,0,0,Tidak Ada
133,133022,11331022,TEKNIK INDUSTRI,S1,40,0,0,Tidak Ada
133,133023,11331023,KIMIA,S1,48,0,0,Tidak Ada
133,133024,11331024,BISNIS DIGITAL,S1,75,0,0,Tidak Ada
133,133025,11331025,KEWIRAUSAHAAN,S1,25,0,0,Tidak Ada
133,133026,11331026,"KAJIAN FILM, TELEVISI, DAN MEDIA",S1,50,0,0,Tidak Ada
133,133027,11331027,PERENCANAAN WILAYAH DAN KOTA,S1,25,1,0,Tidak Ada
133,133028,11331028,TEKNIK SIPIL,S1,30,1,0,Tidak Ada
133,133029,11331029,PENDIDIKAN FISIKA,S1,25,1,0,Tidak Ada
133,133030,11331030,ARSITEKTUR,S1,25,1,0,Tidak Ada
141,141001,11411001,AGRIBISNIS,S1,80,0,0,Tidak Ada
141,141002,11411002,AGROTEKNOLOGI,S1,100,0,0,Tidak Ada
141,141003,11411003,KEDOKTERAN,S1,51,0,0,Tidak Ada
141,141004,11411004,KEPERAWATAN,S1,36,0,0,Tidak Ada
141,141005,11411005,KESEHATAN MASYARAKAT,S1,45,0,0,Tidak Ada
141,141006,11411006,KEDOKTERAN GIGI,S1,20,0,0,Tidak Ada
141,141007,11411007,KIMIA,S1,40,0,0,Tidak Ada
141,141008,11411008,BIOLOGI,S1,40,0,0,Tidak Ada
141,141009,11411009,MATEMATIKA,S1,40,0,0,Tidak Ada
141,141010,11411010,FISIKA,S1,50,0,0,Tidak Ada
141,141011,11411011,TEKNIK KOMPUTER,S1,20,0,0,Tidak Ada
141,141012,11411012,PETERNAKAN,S1,160,0,0,Tidak Ada
141,141013,11411013,TEKNIK MESIN,S1,38,0,0,Tidak Ada
141,141014,11411014,TEKNIK SIPIL,S1,45,0,0,Tidak Ada
141,141015,11411015,TEKNIK INDUSTRI,S1,38,0,0,Tidak Ada
141,141016,11411016,TEKNIK LINGKUNGAN,S1,34,0,0,Tidak Ada
141,141017,11411017,TEKNIK ELEKTRO,S1,28,0,0,Tidak Ada
141,141018,11411018,FARMASI,S1,40,0,0,Tidak Ada
141,141019,11411019,TEKNIK PERTANIAN DAN BIOSISTEM,S1,56,0,0,Tidak Ada
141,141020,11411020,TEKNOLOGI PANGAN DAN HASIL PERTANIAN,S1,56,0,0,Tidak Ada
141,141021,11411021,SISTEM INFORMASI,S1,30,0,0,Tidak Ada
141,141022,11411022,PSIKOLOGI,S1,30,0,0,Tidak Ada
141,141023,11411023,ILMU TANAH,S1,65,0,0,Tidak Ada
141,141024,11411024,AGROEKOTEKNOLOGI,S1,75,0,0,Tidak Ada
141,141025,11411025,PETERNAKAN ( KAMPUS II PAYAKUMBUH),S1,40,0,0,Tidak Ada
141,141026,11411026,KEBIDANAN,S1,20,0,0,Tidak Ada
141,141027,11411027,GIZI,S1,30,0,0,Tidak Ada
141,141028,11411028,PROTEKSI TANAMAN,S1,60,0,0,Tidak Ada
141,141029,11411029,PENYULUHAN PERTANIAN,S1,20,0,0,Tidak Ada
141,141030,11411030,TEKNOLOGI INDUSTRI PERTANIAN,S1,40,0,0,Tidak Ada
141,141031,11411031,ILMU BIOMEDIS,S1,11,0,0,Tidak Ada
141,141032,11411032,EKONOMI,S1,45,0,0,Tidak Ada
141,141033,11411033,HUKUM,S1,140,0,0,Tidak Ada
141,141034,11411034,SEJARAH,S1,60,0,0,Tidak Ada
141,141035,11411035,SOSIOLOGI,S1,45,0,0,Tidak Ada
141,141036,11411036,ANTROPOLOGI SOSIAL,S1,40,0,0,Tidak Ada
141,141037,11411037,MANAJEMEN,S1,50,0,0,Tidak Ada
141,141038,11411038,AKUNTANSI,S1,50,0,0,Tidak Ada
141,141039,11411039,ILMU POLITIK,S1,45,0,0,Tidak Ada
141,141040,11411040,ADMINISTRASI PUBLIK,S1,30,0,0,Tidak Ada
141,141041,11411041,SASTRA INDONESIA,S1,48,0,0,Tidak Ada
141,141042,11411042,SASTRA INGGRIS,S1,60,0,0,Tidak Ada
141,141043,11411043,SASTRA MINANGKABAU,S1,35,0,0,Tidak Ada
141,141044,11411044,SASTRA JEPANG,S1,55,0,0,Tidak Ada
141,141045,11411045,HUBUNGAN INTERNASIONAL,S1,30,0,0,Tidak Ada
141,141046,11411046,ILMU KOMUNIKASI,S1,35,0,0,Tidak Ada
141,141047,11411047,MANAJEMEN (KAMPUS 2 PAYAKUMBUH),S1,40,0,0,Tidak Ada
141,141048,11411048,EKONOMI PEMBANGUNAN (KAMPUS PAYAKUMBUH),S1,24,0,0,Tidak Ada
141,141049,11413049,AKUNTANSI,D3,27,0,0,Tidak Ada
141,141050,11413050,ADMINISTRASI PERKANTORAN,D3,15,0,0,Tidak Ada
141,141051,11413051,PERBANKAN DAN KEUANGAN,D3,30,0,0,Tidak Ada
141,141052,11413052,MANAJEMEN PEMASARAN,D3,20,0,0,Tidak Ada
141,141053,11411053,INFORMATIKA,S1,23,0,0,Tidak Ada
141,141054,11411054,ARSITEKTUR,S1,8,0,0,Tidak Ada
141,141055,11411055,EKONOMI ISLAM,S1,18,0,0,Tidak Ada
141,141056,11411056,KEWIRAUSAHAAN,S1,13,0,0,Tidak Ada
141,141057,11411057,STATISTIKA DAN SAINS DATA,S1,15,0,0,Tidak Ada
141,141058,11411058,ARKEOLOGI,S1,20,1,0,Tidak Ada
141,141059,11411059,NUTRISI DAN TEKNOLOGI PAKAN TERNAK,S1,15,1,0,Tidak Ada
142,142001,11421001,PENDIDIKAN MATEMATIKA,S1,48,0,0,Tidak Ada
142,142002,11421002,MATEMATIKA (NK),S1,30,0,0,Tidak Ada
142,142003,11421003,PENDIDIKAN BIOLOGI,S1,45,0,0,Tidak Ada
142,142004,11421004,BIOLOGI (NK),S1,45,0,0,Tidak Ada
142,142005,11421005,PENDIDIKAN FISIKA,S1,42,0,0,Tidak Ada
142,142006,11421006,FISIKA (NK),S1,30,0,0,Tidak Ada
142,142007,11421007,PENDIDIKAN KIMIA,S1,34,0,0,Tidak Ada
142,142008,11421008,KIMIA (NK),S1,38,0,0,Tidak Ada
142,142009,11421009,PENDIDIKAN TEKNIK BANGUNAN,S1,21,0,0,Tidak Ada
142,142010,11421010,PENDIDIKAN TEKNIK ELEKTRO,S1,33,0,0,Tidak Ada
142,142011,11421011,PENDIDIKAN TEKNIK ELEKTRONIKA,S1,24,0,0,Tidak Ada
142,142012,11421012,PENDIDIKAN TEKNIK MESIN,S1,30,0,0,Tidak Ada
142,142013,11421013,PENDIDIKAN TEKNIK OTOMOTIF,S1,33,0,0,Tidak Ada
142,142014,11421014,PENDIDIKAN TEKNIK INFORMATIKA,S1,30,0,0,Tidak Ada
142,142015,11421015,ILMU KEOLAHRAGAAN (NK),S1,54,0,1,Olahraga
142,142016,11421016,TEKNIK PERTAMBANGAN (NK),S1,22,0,0,Tidak Ada
142,142017,11422017,TEKNIK ELEKTRO INDUSTRI (NK),D4,30,0,0,Tidak Ada
142,142018,11421018,PENDIDIKAN ILMU PENGETAHUAN ALAM,S1,45,0,0,Tidak Ada
142,142019,11421019,TEKNIK SIPIL,S1,35,0,0,Tidak Ada
142,142020,11421020,STATISTIKA (NK),S1,27,0,0,Tidak Ada
142,142021,11421021,TEKNIK MESIN (NK),S1,25,0,0,Tidak Ada
142,142022,11422022,ANIMASI,D4,15,0,0,Tidak Ada
142,142023,11421023,INFORMATIKA,S1,24,0,0,Tidak Ada
142,142024,11421024,ADMINISTRASI PENDIDIKAN,S1,72,0,0,Tidak Ada
142,142025,11421025,PENDIDIKAN LUAR BIASA,S1,66,0,0,Tidak Ada
142,142026,11421026,TEKNOLOGI PENDIDIKAN,S1,38,0,0,Tidak Ada
142,142027,11421027,PENDIDIKAN NON FORMAL,S1,45,0,0,Tidak Ada
142,142028,11421028,BIMBINGAN DAN KONSELING,S1,55,0,0,Tidak Ada
142,142029,11421029,PSIKOLOGI,S1,56,0,0,Tidak Ada
142,142030,11421030,PGSD (PENDIDIKAN GURU SEKOLAH DASAR),S1,92,0,0,Tidak Ada
142,142031,11421031,PEND. GURU PENDIDIKAN ANAK USIA DINI,S1,57,0,0,Tidak Ada
142,142032,11421032,PENDIDIKAN BAHASA DAN SASTRA INDONESIA,S1,65,0,0,Tidak Ada
142,142033,11421033,SASTRA INDONESIA,S1,36,0,0,Tidak Ada
142,142034,11421034,PENDD. BHS INGGRIS,S1,50,0,0,Tidak Ada
142,142035,11421035,SASTRA INGGRIS,S1,36,0,0,Tidak Ada
142,142036,11421036,PENDIDIKAN SENI RUPA,S1,39,0,2,"Seni Rupa, Desain, dan Kriya"
142,142037,11421037,PENDIDIKAN SENDRATASIK,S1,45,0,3,Sendratasik
142,142038,11421038,PENDIDIKAN GEOGRAFI,S1,36,0,0,Tidak Ada
142,142039,11421039,PENDIDIKAN SEJARAH,S1,42,0,0,Tidak Ada
142,142040,11421040,PENDIDIKAN SOSIOLOGI,S1,60,0,0,Tidak Ada
142,142041,11421041,PEND. PANCASILA & KEWARGANEGARAAN (PPKN),S1,42,0,0,Tidak Ada
142,142042,11421042,ILMU ADMINISTRASI NEGARA (NK),S1,50,0,0,Tidak Ada
142,142043,11421043,PENDIDIKAN EKONOMI,S1,54,0,0,Tidak Ada
142,142044,11421044,MANAJEMEN (NK),S1,40,0,0,Tidak Ada
142,142045,11421045,AKUNTANSI (NK),S1,45,0,0,Tidak Ada
142,142046,11421046,EKONOMI PEMBANGUNAN (NK),S1,40,0,0,Tidak Ada
142,142047,11421047,PENDD. KESEJAHTERAAN KELUARGA,S1,36,0,0,Tidak Ada
142,142048,11422048,PENDIDIKAN TATA RIAS DAN KECANTIKAN,D4,51,0,0,Tidak Ada
142,142049,11421049,"PENDIDIKAN JASMANI, KESEHATAN, DAN REKREASI",S1,120,0,1,Olahraga
142,142050,11421050,PENDD. KEPELATIHAN OLAHRAGA,S1,96,0,1,Olahraga
142,142051,11421051,GEOGRAFI (NK),S1,36,0,0,Tidak Ada
142,142052,11422052,MANAJEMEN PERHOTELAN (NK),D4,55,0,0,Tidak Ada
142,142053,11421053,DESAIN KOMUNIKASI VISUAL,S1,40,0,2,"Seni Rupa, Desain, dan Kriya"
142,142054,11421054,PENDIDIKAN BAHASA JEPANG,S1,27,0,0,Tidak Ada
142,142055,11421055,PENDIDIKAN MUSIK,S1,21,0,6,Musik
142,142056,11421056,PENDIDIKAN AGAMA ISLAM,S1,42,0,0,Tidak Ada
142,142057,11421057,PERPUSTAKAAN DAN ILMU INFORMASI,S1,33,0,0,Tidak Ada
142,142058,11421058,PENDIDIKAN TARI,S1,23,0,5,Tari
142,142059,11423059,TEKNIK SIPIL BANGUNAN GEDUNG,D3,21,0,0,Tidak Ada
142,142060,11423060,MANAJEMEN PAJAK,D3,36,0,0,Tidak Ada
142,142062,11423062,"INFORMASI, PERPUSTAKAAN & KEARSIPAN",D3,24,0,0,Tidak Ada
142,142063,11423063,TEKNIK LISTRIK,D3,24,0,0,Tidak Ada
142,142064,11423064,TATA BOGA,D3,36,0,0,Tidak Ada
142,142065,11423065,TEKNIK OTOMOTIF (KAMPUS KABUPATEN SAWAHLUNTO),D3,15,0,0,Tidak Ada
142,142066,11423066,KEPERAWATAN PSDKU PARIAMAN,D3,69,0,0,Tidak Ada
142,142068,11423068,TEKNIK PERTAMBANGAN,D3,20,0,0,Tidak Ada
142,142069,11423069,MANAJEMEN PERDAGANGAN,D3,36,0,0,Tidak Ada
142,142070,11423070,AKUNTANSI,D3,36,0,0,Tidak Ada
142,142071,11423071,TEKNIK OTOMOTIF,D3,24,0,0,Tidak Ada
142,142072,11423072,TEKNIK MESIN,D3,27,0,0,Tidak Ada
142,142073,11423073,STATISTIKA,D3,16,0,0,Tidak Ada
142,142074,11423074,TEKNIK PERTAMBANGAN (KAMPUS KABUPATEN SAWAHLUNTO),D3,20,0,0,Tidak Ada
142,142075,11423075,TATA BUSANA,D3,24,0,0,Tidak Ada
142,142076,11422076,PENGINDERAAN JAUH DAN SISTEM INFORMASI GEOGRAFIS,D4,24,0,0,Tidak Ada
142,142077,11422077,TEKNOLOGI REKAYASA SISTEM ELEKTRONIKA,D4,24,0,0,Tidak Ada
142,142078,11421078,AGRIBISNIS (KAMPUS KABUPATEN SIJUNJUNG),S1,30,0,0,Tidak Ada
142,142079,11421079,AGROTEKNOLOGI (KAMPUS KABUPATEN SIJUNJUNG),S1,30,0,0,Tidak Ada
142,142080,11421080,PETERNAKAN (KAMPUS KABUPATEN SIJUNJUNG),S1,15,0,0,Tidak Ada
142,142081,11421081,ILMU HUKUM,S1,28,0,0,Tidak Ada
142,142082,11421082,ILMU KOMUNIKASI,S1,28,0,0,Tidak Ada
142,142083,11421083,TEKNIK GEOLOGI,S1,16,0,0,Tidak Ada
142,142084,11421084,PARIWISATA,S1,24,0,0,Tidak Ada
142,142085,11421085,TEKNIK ELEKTRO,S1,18,0,0,Tidak Ada
142,142086,11421086,BISNIS DIGITAL,S1,28,0,0,Tidak Ada
142,142087,11421087,KEPERAWATAN,S1,28,0,0,Tidak Ada
142,142088,11421088,KEDOKTERAN,S1,10,0,0,Tidak Ada
142,142089,11421089,PENDIDIKAN ILMU PENGETAHUAN SOSIAL (PIPS),S1,45,0,0,Tidak Ada
142,142090,11421090,PENDIDIKAN GURU SEKOLAH DASAR - PSDKU SAWAHLUNTO,S1,20,0,0,Tidak Ada
142,142091,11421091,PENDIDIKAN GURU PENDIDIKAN ANAK USIA DINI - PSDKU SAWAHLUNTO,S1,15,0,0,Tidak Ada
142,142092,11421092,KEDOKTERAN HEWAN,S1,15,0,0,Tidak Ada
142,142093,11421093,PENDIDIKAN VOKASIONAL SENI KULINER,S1,24,0,0,Tidak Ada
142,142094,11421094,PENDIDIKAN VOKASIONAL DESAIN FASHION,S1,24,0,0,Tidak Ada
142,142095,11421095,ILMU LINGKUNGAN,S1,24,0,0,Tidak Ada
142,142096,11421096,ILMU AKTUARIA,S1,21,0,0,Tidak Ada
142,142097,11421097,MANAJEMEN BISNIS SYARIAH,S1,27,0,0,Tidak Ada
142,142098,11421098,EKONOMI DAN KEUANGAN ISLAM,S1,21,0,0,Tidak Ada
142,142099,11422099,MANAJEMEN PERHOTELAN PSDKU PAYAKUMBUH,D4,18,0,0,Tidak Ada
142,142100,11422100,TEKNOLOGI KOSMETIK,D4,9,0,0,Tidak Ada
142,142101,11423101,TATA BOGA PSDKU PAYAKUMBUH,D3,12,0,0,Tidak Ada
142,142102,11421102,ANTROPOLOGI,S1,21,0,0,Tidak Ada
143,143001,11431001,SENI KARAWITAN,S1,30,0,10,Seni Karawitan
143,143002,11431002,SENI TARI,S1,58,0,5,Tari
143,143003,11431003,SENI MUSIK,S1,40,0,6,Musik
143,143004,11431004,SENI TEATER,S1,15,0,7,Teater
143,143005,11431005,SENI KRIYA,S1,20,0,2,"Seni Rupa, Desain, dan Kriya"
143,143006,11431006,TV DAN FILM,S1,60,0,8,Film dan Televisi
143,143007,11431007,SENI MURNI,S1,20,0,2,"Seni Rupa, Desain, dan Kriya"
143,143008,11431008,FOTOGRAFI,S1,45,0,9,Fotografi
143,143009,11431009,DESAIN DAN KOMUNIKASI VISUAL,S1,80,0,2,"Seni Rupa, Desain, dan Kriya"
143,143010,11431010,ANTROPOLOGI BUDAYA,S1,30,0,0,Tidak Ada
143,143011,11431011,PENDIDIKAN KRIYA,S1,20,0,2,"Seni Rupa, Desain, dan Kriya"
143,143012,11432012,DESAIN MODE,D4,60,0,2,"Seni Rupa, Desain, dan Kriya"
143,143013,11431013,DESAIN PRODUK,S1,25,0,2,"Seni Rupa, Desain, dan Kriya"
143,143014,11431014,PARIWISATA,S1,60,0,0,Tidak Ada
143,143015,11431015,HUMANITAS,S1,15,0,0,Tidak Ada
143,143016,11431016,PENDIDIKAN VOKASIONAL TATA RIAS,S1,30,0,0,Tidak Ada
143,143017,11432017,MUSIK FILM,D4,15,0,6,Musik
143,143018,11432018,TARI MELAYU,D4,15,0,5,Tari
143,143019,11432019,TARI MINANG,D4,10,0,5,Tari
143,143020,11432020,ANIMASI,D4,30,0,2,"Seni Rupa, Desain, dan Kriya"
143,143021,11432021,PRODUKSI MEDIA,D4,15,0,0,Tidak Ada
143,143022,11431022,KEWIRAUSAHAAN,S1,20,0,0,Tidak Ada
144,144001,11441001,MATEMATIKA,S1,18,0,0,Tidak Ada
144,144002,11441002,SISTEM INFORMASI,S1,45,0,0,Tidak Ada
144,144003,11441003,ILMU AKTUARIA,S1,12,1,0,Tidak Ada
151,151001,11511001,PEND. KIMIA,S1,22,0,0,Tidak Ada
151,151002,11511002,PEND. MATEMATIKA,S1,40,0,0,Tidak Ada
151,151003,11511003,PEND. FISIKA,S1,22,0,0,Tidak Ada
151,151004,11511004,PEND. BIOLOGI,S1,40,0,0,Tidak Ada
151,151005,11511005,AGROEKOTEKNOLOGI,S1,75,0,0,Tidak Ada
151,151006,11511006,AGRIBISNIS,S1,73,0,0,Tidak Ada
151,151007,11511007,TEKNOLOGI HASIL PERTANIAN,S1,30,0,0,Tidak Ada
151,151008,11511008,PEND. OLAHRAGA & KESEHATAN,S1,50,0,1,Olahraga
151,151009,11511009,KEHUTANAN,S1,40,0,0,Tidak Ada
151,151010,11511010,PETERNAKAN,S1,75,0,0,Tidak Ada
151,151011,11511011,KEDOKTERAN,S1,38,0,0,Tidak Ada
151,151012,11511012,KIMIA,S1,25,0,0,Tidak Ada
151,151017,11511017,ILMU KEPERAWATAN,S1,50,0,0,Tidak Ada
151,151018,11511018,FARMASI,S1,23,0,0,Tidak Ada
151,151019,11511019,PEMANFAATAN SUMBERDAYA PERIKANAN,S1,42,0,0,Tidak Ada
151,151020,11511020,SISTEM INFORMASI,S1,23,0,0,Tidak Ada
151,151021,11511021,TEKNIK PERTAMBANGAN,S1,25,0,0,Tidak Ada
151,151022,11511022,TEKNIK GEOLOGI,S1,25,0,0,Tidak Ada
151,151023,11511023,BIOLOGI,S1,25,0,0,Tidak Ada
151,151024,11511024,FISIKA,S1,20,0,0,Tidak Ada
151,151025,11511025,MATEMATIKA,S1,27,0,0,Tidak Ada
151,151026,11511026,ILMU KESEHATAN MASYARAKAT,S1,45,0,0,Tidak Ada
151,151027,11511027,TEKNIK LINGKUNGAN,S1,25,0,0,Tidak Ada
151,151028,11511028,PENDIDIKAN KEPELATIHAN OLAHRAGA,S1,25,0,1,Olahraga
151,151029,11511029,TEKNIK ELEKTRO,S1,17,0,0,Tidak Ada
151,151030,11511030,TEKNIK GEOFISIKA,S1,15,0,0,Tidak Ada
151,151031,11511031,TEKNIK KIMIA,S1,31,0,0,Tidak Ada
151,151032,11511032,TEKNIK SIPIL,S1,30,0,0,Tidak Ada
151,151033,11511033,TEKNIK PERTANIAN,S1,20,0,0,Tidak Ada
151,151034,11511034,TEKNOLOGI INDUSTRI PERTANIAN,S1,20,0,0,Tidak Ada
151,151035,11511035,PEND. EKONOMI,S1,35,0,0,Tidak Ada
151,151036,11511036,"PEND. BAHASA, SASTRA INDONESIA & DAERAH",S1,42,0,0,Tidak Ada
151,151037,11511037,PEND. BAHASA INGGRIS,S1,35,0,0,Tidak Ada
151,151038,11511038,ILMU HUKUM,S1,133,0,0,Tidak Ada
151,151039,11511039,ILMU EKONOMI PEMBANGUNAN,S1,50,0,0,Tidak Ada
151,151040,11511040,MANAJEMEN,S1,50,0,0,Tidak Ada
151,151041,11511041,AKUNTANSI,S1,45,0,0,Tidak Ada
151,151042,11511042,PEND. GURU SEKOLAH DASAR,S1,50,0,0,Tidak Ada
151,151043,11511043,BIMBINGAN DAN KONSELING,S1,35,0,0,Tidak Ada
151,151044,11511044,PENDIDIKAN GURU PAUD,S1,30,0,0,Tidak Ada
151,151045,11511045,PENDIDIKAN BAHASA ARAB,S1,25,0,0,Tidak Ada
151,151046,11511046,PENDIDIKAN SEJARAH,S1,30,0,0,Tidak Ada
151,151047,11511047,SASTRA INDONESIA,S1,25,0,0,Tidak Ada
151,151048,11511048,PSIKOLOGI,S1,32,0,0,Tidak Ada
151,151049,11511049,ILMU PEMERINTAHAN,S1,38,0,0,Tidak Ada
151,151050,11511050,EKONOMI ISLAM,S1,38,0,0,Tidak Ada
151,151051,11511051,ARKEOLOGI,S1,20,0,0,Tidak Ada
151,151052,11511052,PENDIDIKAN PANCASILA DAN KEWARGANEGARAAN,S1,32,0,0,Tidak Ada
151,151053,11511053,ILMU SEJARAH,S1,25,0,0,Tidak Ada
151,151054,11511054,ADMINISTRASI PENDIDIKAN,S1,30,0,0,Tidak Ada
151,151055,11511055,ILMU POLITIK,S1,33,0,0,Tidak Ada
151,151056,11511056,SENI DRAMA TARI DAN MUSIK,S1,17,0,3,Sendratasik
151,151057,11512057,KEUANGAN DAERAH,D4,20,0,0,Tidak Ada
151,151058,11512058,MANAJEMEN PEMERINTAHAN,D4,20,0,0,Tidak Ada
151,151059,11511059,BISNIS DIGITAL,S1,27,0,0,Tidak Ada
151,151060,11513060,AKUNTANSI,D3,20,0,0,Tidak Ada
151,151061,11513061,AGROBISNIS,D3,10,0,0,Tidak Ada
151,151062,11513062,TEKNOLOGI HASIL PERIKANAN,D3,8,0,0,Tidak Ada
151,151063,11513063,KESEHATAN HEWAN,D3,28,0,0,Tidak Ada
151,151064,11513064,ANALIS KIMIA,D3,10,0,0,Tidak Ada
151,151065,11513065,PERPAJAKAN,D3,20,0,0,Tidak Ada
151,151066,11513066,MANAJEMEN PEMASARAN,D3,20,0,0,Tidak Ada
151,151067,11513067,KIMIA INDUSTRI,D3,10,0,0,Tidak Ada
151,151068,11511068,KEWIRAUSAHAAN,S1,25,0,0,Tidak Ada
151,151069,11511069,INFORMATIKA,S1,20,0,0,Tidak Ada
151,151070,11511070,SENI KARAWITAN,S1,5,0,10,Seni Karawitan
151,151071,11511071,SILVIKULTUR,S1,15,1,0,Tidak Ada
151,151072,11511072,TEKNOLOGI HASIL PERIKANAN,S1,10,1,0,Tidak Ada
151,151073,11511073,ILMU LINGKUNGAN,S1,10,1,0,Tidak Ada
151,151074,11511074,GIZI,S1,8,1,0,Tidak Ada
151,151075,11511075,KESEHATAN LINGKUNGAN,S1,8,1,0,Tidak Ada
152,152001,11521001,SISTEM INFORMASI,S1,130,0,0,Tidak Ada
152,152002,11521002,KIMIA,S1,12,0,0,Tidak Ada
152,152003,11521003,FISIKA,S1,12,0,0,Tidak Ada
152,152004,11521004,STATISTIKA,S1,12,0,0,Tidak Ada
152,152005,11521005,BIOLOGI,S1,25,0,0,Tidak Ada
152,152006,11521006,SAINS INFORMASI GEOGRAFI,S1,25,0,0,Tidak Ada
152,152007,11521007,ARSITEKTUR,S1,25,0,0,Tidak Ada
152,152008,11521008,KEDOKTERAN,S1,15,0,0,Tidak Ada
161,161001,11611001,AGROEKOTEKNOLOGI,S1,24,0,0,Tidak Ada
161,161002,11611002,KEHUTANAN,S1,23,0,0,Tidak Ada
161,161003,11611003,PETERNAKAN,S1,32,0,0,Tidak Ada
161,161004,11611004,AGRIBISNIS,S1,26,0,0,Tidak Ada
161,161005,11611005,TEKNOLOGI INDUSTRI PERTANIAN,S1,24,0,0,Tidak Ada
161,161006,11611006,PENDIDIKAN FISIKA,S1,18,0,0,Tidak Ada
161,161007,11611007,PENDIDIKAN BIOLOGI,S1,16,0,0,Tidak Ada
161,161008,11611008,PENDIDIKAN KIMIA,S1,16,0,0,Tidak Ada
161,161009,11611009,PENDIDIKAN MATEMATIKA,S1,20,0,0,Tidak Ada
161,161010,11611010,MATEMATIKA,S1,16,0,0,Tidak Ada
161,161011,11611011,FISIKA,S1,16,0,0,Tidak Ada
161,161012,11611012,BIOLOGI,S1,19,0,0,Tidak Ada
161,161013,11611013,KIMIA,S1,19,0,0,Tidak Ada
161,161014,11611014,INFORMATIKA,S1,24,0,0,Tidak Ada
161,161015,11611015,TEKNIK SIPIL,S1,24,0,0,Tidak Ada
161,161016,11611016,TEKNIK MESIN,S1,20,0,0,Tidak Ada
161,161017,11611017,TEKNIK ELEKTRO,S1,20,0,0,Tidak Ada
161,161018,11611018,ILMU KELAUTAN,S1,16,0,0,Tidak Ada
161,161019,11611019,KEDOKTERAN,S1,16,0,0,Tidak Ada
161,161020,11611020,ILMU TANAH,S1,10,0,0,Tidak Ada
161,161021,11611021,STATISTIKA,S1,16,0,0,Tidak Ada
161,161022,11611022,ARSITEKTUR,S1,11,0,0,Tidak Ada
161,161023,11611023,SISTEM INFORMASI,S1,18,0,0,Tidak Ada
161,161024,11611024,PROTEKSI TANAMAN,S1,10,0,0,Tidak Ada
161,161025,11611025,FARMASI,S1,16,0,0,Tidak Ada
161,161026,11611026,GEOFISIKA,S1,16,0,0,Tidak Ada
161,161027,11611027,PENDIDIKAN IPA,S1,16,0,0,Tidak Ada
161,161028,11611028,HUKUM,S1,90,0,0,Tidak Ada
161,161029,11611029,KESEJAHTERAAN SOSIAL,S1,17,0,0,Tidak Ada
161,161030,11611030,EKONOMI PEMBANGUNAN,S1,24,0,0,Tidak Ada
161,161031,11611031,MANAJEMEN,S1,40,0,0,Tidak Ada
161,161032,11611032,ADMINISTRASI PUBLIK,S1,20,0,0,Tidak Ada
161,161033,11611033,SOSIOLOGI,S1,20,0,0,Tidak Ada
161,161034,11611034,ILMU KOMUNIKASI,S1,24,0,0,Tidak Ada
161,161035,11611035,AKUNTANSI,S1,40,0,0,Tidak Ada
161,161036,11611036,PENDIDIKAN NONFORMAL,S1,16,0,0,Tidak Ada
161,161037,11611037,PENDIDIKAN BAHASA INDONESIA,S1,14,0,0,Tidak Ada
161,161038,11611038,PENDIDIKAN BAHASA INGGRIS,S1,27,0,0,Tidak Ada
161,161039,11611039,PENDIDIKAN GURU SEKOLAH DASAR,S1,32,0,0,Tidak Ada
161,161040,11611040,PENDIDIKAN GURU PENDIDIKAN ANAK USIA DINI,S1,18,0,0,Tidak Ada
161,161041,11611041,PENDIDIKAN JASMANI,S1,20,0,1,Olahraga
161,161042,11611042,BIMBINGAN DAN KONSELING,S1,16,0,0,Tidak Ada
161,161043,11611043,ILMU PERPUSTAKAAN,S1,15,0,0,Tidak Ada
161,161044,11611044,JURNALISTIK,S1,16,0,0,Tidak Ada
161,161047,11613047,FARMASI,D3,18,0,0,Tidak Ada
161,161048,11613048,LABORATORIUM SAINS,D3,16,0,0,Tidak Ada
161,161049,11613049,KEBIDANAN,D3,24,0,0,Tidak Ada
161,161052,11613052,KEPERAWATAN,D3,24,0,0,Tidak Ada
161,161054,11613054,AKUNTANSI,D3,21,0,0,Tidak Ada
161,161055,11611055,ILMU LINGKUNGAAN,S1,13,0,0,Tidak Ada
161,161056,11611056,TEKNIK INDUSTRI,S1,8,1,0,Tidak Ada
161,161057,11611057,SAINS PERIKANAN,S1,12,1,0,Tidak Ada
161,161058,11611058,PENYULUHAN PERTANIAN,S1,10,1,0,Tidak Ada
161,161059,11611059,NUTRISI DAN TEKNOLOGI PAKAN TERNAK,S1,12,1,0,Tidak Ada
161,161060,11611060,KEBIDANAN,S1,8,1,0,Tidak Ada
171,171001,11711001,TEKNIK SIPIL,S1,35,0,0,Tidak Ada
171,171002,11711002,TEKNIK PERTAMBANGAN,S1,35,0,0,Tidak Ada
171,171003,11711003,TEKNIK KIMIA,S1,35,0,0,Tidak Ada
171,171004,11711004,TEKNIK MESIN,S1,35,0,0,Tidak Ada
171,171005,11711005,TEKNIK ELEKTRO,S1,35,0,0,Tidak Ada
171,171006,11711006,PENDIDIKAN DOKTER,S1,50,0,0,Tidak Ada
171,171007,11711007,PENDIDIKAN DOKTER GIGI,S1,16,0,0,Tidak Ada
171,171008,11711008,MATEMATIKA,S1,36,0,0,Tidak Ada
171,171009,11711009,FISIKA,S1,36,0,0,Tidak Ada
171,171010,11711010,KIMIA,S1,36,0,0,Tidak Ada
171,171011,11711011,BIOLOGI,S1,36,0,0,Tidak Ada
171,171012,11711012,AGRIBISNIS,S1,65,0,0,Tidak Ada
171,171013,11711013,TEKNOLOGI HASIL PERTANIAN ,S1,34,0,0,Tidak Ada
171,171014,11711014,TEKNIK PERTANIAN,S1,34,0,0,Tidak Ada
171,171015,11711015,PEND. MATEMATIKA,S1,24,0,0,Tidak Ada
171,171016,11711016,PEND BIOLOGI,S1,20,0,0,Tidak Ada
171,171017,11711017,PEND. KIMIA,S1,20,0,0,Tidak Ada
171,171018,11711018,PEND FISIKA,S1,20,0,0,Tidak Ada
171,171019,11711019,ILMU KESEHATAN MASYARAKAT,S1,100,0,0,Tidak Ada
171,171020,11711020,ARSITEKTUR,S1,22,0,0,Tidak Ada
171,171021,11711021,ILMU KELAUTAN,S1,36,0,0,Tidak Ada
171,171022,11711022,BUDIDAYA PERAIRAN,S1,40,0,0,Tidak Ada
171,171023,11711023,TEKNOLOGI HASIL PERIKANAN,S1,40,0,0,Tidak Ada
171,171024,11711024,ILMU KEPERAWATAN,S1,30,0,0,Tidak Ada
171,171025,11711025,PEND TEKNIK MESIN,S1,20,0,0,Tidak Ada
171,171026,11711026,SISTEM KOMPUTER,S1,40,0,0,Tidak Ada
171,171027,11711027,TEKNIK INFORMATIKA,S1,40,0,0,Tidak Ada
171,171028,11711028,SISTEM INFORMASI,S1,40,0,0,Tidak Ada
171,171029,11711029,AGROEKOTEKNOLOGI,S1,34,0,0,Tidak Ada
171,171030,11711030,PETERNAKAN,S1,40,0,0,Tidak Ada
171,171031,11711031,FARMASI,S1,30,0,0,Tidak Ada
171,171032,11711032,TEKNIK GEOLOGI,S1,22,0,0,Tidak Ada
171,171033,11711033,PSIKOLOGI,S1,20,0,0,Tidak Ada
171,171034,11711034,ILMU TANAH,S1,40,0,0,Tidak Ada
171,171035,11711035,AGRONOMI,S1,40,0,0,Tidak Ada
171,171036,11711036,PROTEKSI TANAMAN,S1,40,0,0,Tidak Ada
171,171037,11711037,GIZI,S1,40,0,0,Tidak Ada
171,171038,11711038,KESEHATAN LINGKUNGAN,S1,40,0,0,Tidak Ada
171,171039,11711039,EKONOMI PEMBANGUNAN ,S1,45,0,0,Tidak Ada
171,171040,11711040,ILMU HUKUM,S1,103,0,0,Tidak Ada
171,171041,11711041,MANAJEMEN,S1,45,0,0,Tidak Ada
171,171042,11711042,AKUNTANSI,S1,45,0,0,Tidak Ada
171,171043,11711043,ADMINISTRASI PUBLIK,S1,60,0,0,Tidak Ada
171,171044,11711044,SOSIOLOGI,S1,92,0,0,Tidak Ada
171,171045,11711045,PPKN,S1,20,0,0,Tidak Ada
171,171046,11711046,PEND SEJARAH,S1,22,0,0,Tidak Ada
171,171047,11711047,PEND EKONOMI,S1,20,0,0,Tidak Ada
171,171048,11711048,"PEND BHS, SATRA IND & DAERAH",S1,20,0,0,Tidak Ada
171,171049,11711049,PEND BHS INGGRIS,S1,23,0,0,Tidak Ada
171,171050,11711050,PENJASKES,S1,25,0,1,Olahraga
171,171051,11711051,BIMB & KONSELING,S1,22,0,0,Tidak Ada
171,171052,11711052,PGSD,S1,26,0,0,Tidak Ada
171,171053,11711053,PAUD,S1,20,0,0,Tidak Ada
171,171054,11711054,ILMU KOMUNIKASI,S1,59,0,0,Tidak Ada
171,171055,11711055,PENDIDIKAN MASYARAKAT,S1,20,0,0,Tidak Ada
171,171056,11711056,ILMU HUBUNGAN INTERNASIONAL,S1,59,0,0,Tidak Ada
171,171057,11713057,AKUNTANSI,D3,62,0,0,Tidak Ada
171,171058,11713058,TEKNIK KOMPUTER,D3,36,0,0,Tidak Ada
171,171059,11713059,MANAJEMEN INFORMATIKA,D3,42,0,0,Tidak Ada
171,171060,11713060,KOMPUTERISASI AKUNTANSI,D3,36,0,0,Tidak Ada
171,171061,11713061,KESEKRETARIATAN,D3,36,0,0,Tidak Ada
172,172001,11721001,PENDIDIKAN MATEMATIKA,S1,50,0,0,Tidak Ada
172,172002,11721002,PENDIDIKAN BIOLOGI,S1,72,0,0,Tidak Ada
172,172004,11721004,KIMIA,S1,48,0,0,Tidak Ada
172,172005,11721005,BIOLOGI,S1,48,0,0,Tidak Ada
172,172006,11721006,PENDIDIKAN FISIKA,S1,48,0,0,Tidak Ada
172,172007,11721007,PENDIDIKAN KIMIA,S1,48,0,0,Tidak Ada
172,172027,11721027,ILMU POLITIK,S1,48,0,0,Tidak Ada
172,172028,11721028,ILMU PERPUSTAKAAN,S1,48,0,0,Tidak Ada
172,172029,11721029,ILMU KOMUNIKASI,S1,112,0,0,Tidak Ada
181,181001,11811001,TEKNIK MESIN,S1,27,0,0,Tidak Ada
181,181002,11811002,TEKNIK ELEKTRO,S1,27,0,0,Tidak Ada
181,181003,11811003,TEKNIK PERTAMBANGAN,S1,27,0,0,Tidak Ada
181,181004,11811004,TEKNIK SIPIL,S1,27,0,0,Tidak Ada
181,181005,11811005,AGROTEKNOLOGI,S1,32,0,0,Tidak Ada
181,181006,11811006,MANAJEMEN SUMBERDAYA PERAIRAN,S1,35,0,0,Tidak Ada
181,181007,11811007,BIOLOGI,S1,26,0,0,Tidak Ada
181,181008,11811008,AGRIBISNIS,S1,42,0,0,Tidak Ada
181,181009,11811009,AKUAKULTUR,S1,45,0,0,Tidak Ada
181,181010,11811010,ILMU KELAUTAN,S1,30,0,0,Tidak Ada
181,181011,11811011,KIMIA,S1,23,0,0,Tidak Ada
181,181012,11811012,FISIKA,S1,13,0,0,Tidak Ada
181,181013,11811013,MATEMATIKA,S1,32,0,0,Tidak Ada
181,181014,11811014,AKUNTANSI,S1,63,0,0,Tidak Ada
181,181015,11811015,MANAJEMEN,S1,63,0,0,Tidak Ada
181,181016,11811016,HUKUM,S1,87,0,0,Tidak Ada
181,181017,11811017,SOSIOLOGI,S1,60,0,0,Tidak Ada
181,181018,11811018,SASTRA INGGRIS,S1,52,0,0,Tidak Ada
181,181019,11811019,ILMU POLITIK,S1,42,0,0,Tidak Ada
181,181020,11811020,EKONOMI,S1,30,0,0,Tidak Ada
181,181021,11813021,KEPERAWATAN,D3,36,0,0,Tidak Ada
181,181022,11811022,PERENCANAAN WILAYAH DAN KOTA,S1,25,0,0,Tidak Ada
181,181023,11811023,PERIKANAN TANGKAP,S1,15,0,0,Tidak Ada
181,181024,11811024,TEKNOLOGI INFORMASI,S1,18,0,0,Tidak Ada
181,181025,11811025,ARSITEKTUR,S1,24,0,0,Tidak Ada
181,181026,11811026,BISNIS DIGITAL,S1,30,0,0,Tidak Ada
181,181027,11811027,KEDOKTERAN,S1,15,0,0,Tidak Ada
181,181028,11811028,PENDIDIKAN PANCASILA DAN KEWARGANEGARAAN,S1,16,1,0,Tidak Ada
181,181029,11811029,PENDIDIKAN BAHASA INGGRIS,S1,28,1,0,Tidak Ada
181,181030,11811030,HUBUNGAN INTERNASIONAL,S1,25,1,0,Tidak Ada
181,181031,11811031,ILMU KOMUNIKASI,S1,25,1,0,Tidak Ada
181,181032,11811032,PENDIDIKAN BAHASA INDONESIA,S1,16,1,0,Tidak Ada
191,191001,11911001,AGROTEKNOLOGI,S1,30,0,0,Tidak Ada
191,191002,11911002,AGRIBISNIS,S1,30,0,0,Tidak Ada
191,191003,11911003,TEKNIK GEOFISIKA,S1,36,0,0,Tidak Ada
191,191004,11911004,TEKNIK SIPIL,S1,54,0,0,Tidak Ada
191,191005,11911005,KIMIA,S1,55,0,0,Tidak Ada
191,191006,11911006,BIOLOGI,S1,40,0,0,Tidak Ada
191,191007,11911007,TEKNOLOGI HASIL PERTANIAN,S1,45,0,0,Tidak Ada
191,191008,11911008,PETERNAKAN,S1,25,0,0,Tidak Ada
191,191009,11911009,KEHUTANAN,S1,36,0,0,Tidak Ada
191,191010,11911010,TEKNIK PERTANIAN,S1,40,0,0,Tidak Ada
191,191011,11911011,MATEMATIKA,S1,55,0,0,Tidak Ada
191,191012,11911012,FISIKA,S1,65,0,0,Tidak Ada
191,191013,11911013,TEKNIK MESIN,S1,42,0,0,Tidak Ada
191,191014,11911014,TEKNIK ELEKTRO,S1,54,0,0,Tidak Ada
191,191015,11911015,PEND. MATEMATIKA,S1,35,0,0,Tidak Ada
191,191016,11911016,PEND. FISIKA,S1,35,0,0,Tidak Ada
191,191017,11911017,PEND. KIMIA,S1,25,0,0,Tidak Ada
191,191018,11911018,PEND. BIOLOGI,S1,35,0,0,Tidak Ada
191,191019,11911019,TEKNIK KIMIA,S1,45,0,0,Tidak Ada
191,191020,11911020,PEND. KEDOKTERAN,S1,53,0,0,Tidak Ada
191,191021,11911021,BUDIDAYA PERAIRAN,S1,30,0,0,Tidak Ada
191,191022,11911022,ILMU KOMPUTER,S1,30,0,0,Tidak Ada
191,191023,11911023,ARSITEKTUR,S1,30,0,0,Tidak Ada
191,191024,11911024,TEKNIK GEODESI,S1,30,0,0,Tidak Ada
191,191025,11911025,TEKNIK INFORMATIKA,S1,54,0,0,Tidak Ada
191,191026,11911026,SUMBERDAYA AKUATIK,S1,25,0,0,Tidak Ada
191,191027,11911027,ILMU TANAH,S1,25,0,0,Tidak Ada
191,191028,11911028,AGRONOMI,S1,30,0,0,Tidak Ada
191,191029,11911029,PROTEKSI TANAMAN,S1,30,0,0,Tidak Ada
191,191030,11911030,PENYULUHAN PERTANIAN,S1,16,0,0,Tidak Ada
191,191031,11911031,ILMU KELAUTAN,S1,16,0,0,Tidak Ada
191,191032,11911032,TEKNOLOGI INDUSTRI PERTANIAN,S1,24,0,0,Tidak Ada
191,191033,11911033,NUTRISI DAN TEKNOLOGI PAKAN TERNAK,S1,21,0,0,Tidak Ada
191,191034,11911034,PENDIDIKAN TEKNOLOGI INFORMASI,S1,23,0,0,Tidak Ada
191,191035,11911035,FARMASI,S1,35,0,0,Tidak Ada
191,191036,11911036,BIOLOGI TERAPAN,S1,30,0,0,Tidak Ada
191,191037,11911037,TEKNIK LINGKUNGAN,S1,27,0,0,Tidak Ada
191,191038,11911038,HUKUM,S1,210,0,0,Tidak Ada
191,191039,11911039,SOSIOLOGI,S1,60,0,0,Tidak Ada
191,191040,11911040,ILMU PEMERINTAHAN,S1,60,0,0,Tidak Ada
191,191041,11911041,MANAJEMEN,S1,55,0,0,Tidak Ada
191,191042,11911042,EKONOMI PEMBANGUNAN,S1,50,0,0,Tidak Ada
191,191043,11911043,AKUNTANSI,S1,55,0,0,Tidak Ada
191,191044,11911044,ILMU KOMUNIKASI,S1,60,0,0,Tidak Ada
191,191045,11911045,ILMU ADM. NEGARA,S1,60,0,0,Tidak Ada
191,191046,11911046,ILMU ADM. NIAGA/BISNIS,S1,60,0,0,Tidak Ada
191,191047,11911047,PPKN,S1,25,0,0,Tidak Ada
191,191048,11911048,PEND. SEJARAH,S1,25,0,0,Tidak Ada
191,191049,11911049,PEND. GEOGRAFI,S1,25,0,0,Tidak Ada
191,191050,11911050,PEND. EKONOMI,S1,33,0,0,Tidak Ada
191,191051,11911051,PENDIDIKAN JASMANI,S1,39,0,1,Olahraga
191,191052,11911052,BIMB. KONSELING,S1,35,0,0,Tidak Ada
191,191053,11911053,PEND. BAHASA INDONESIA,S1,30,0,0,Tidak Ada
191,191054,11911054,PEND. B. INGGRIS,S1,24,0,0,Tidak Ada
191,191055,11911055,PGSD,S1,128,0,0,Tidak Ada
191,191056,11911056,PENDIDIKAN TARI,S1,30,0,5,Tari
191,191057,11911057,PENDIDIKAN ANAK USIA DINI,S1,36,0,0,Tidak Ada
191,191058,11911058,HUBUNGAN INTERNASIONAL,S1,60,0,0,Tidak Ada
191,191059,11911059,BAHASA PERANCIS,S1,18,0,0,Tidak Ada
191,191060,11911060,PENDIDIKAN MUSIK,S1,35,0,6,Musik
191,191061,11911061,PENDIDIKAN BAHASA LAMPUNG,S1,30,0,0,Tidak Ada
191,191063,11913063,MANAJEMEN PEMASARAN,D3,25,0,0,Tidak Ada
191,191064,11913064,ADMINISTRASI PERKANTORAN,D3,15,0,0,Tidak Ada
191,191065,11913065,PERPUSTAKAAN,D3,12,0,0,Tidak Ada
191,191066,11913066,MANAJEMEN INFORMATIKA,D3,10,0,0,Tidak Ada
191,191067,11913067,TEKNIK MESIN,D3,12,0,0,Tidak Ada
191,191068,11913068,TEKNIK SURVEY DAN PEMETAAN,D3,12,0,0,Tidak Ada
191,191069,11913069,PERPAJAKAN,D3,25,0,0,Tidak Ada
191,191070,11913070,KEUANGAN DAN PERBANKAN,D3,25,0,0,Tidak Ada
191,191071,11913071,TEKNIK SIPIL,D3,12,0,0,Tidak Ada
191,191072,11913072,HUBUNGAN MASYARAKAT,D3,15,0,0,Tidak Ada
191,191073,11913073,AKUNTANSI,D3,25,0,0,Tidak Ada
191,191074,11911074,BISNIS DIGITAL,S1,50,0,0,Tidak Ada
191,191075,11912075,TEKNOLOGI REKAYASA OTOMOTIF,D4,9,0,0,Tidak Ada
191,191076,11911076,SISTEM INFORMASI,S1,15,0,0,Tidak Ada
191,191077,11911077,TEKNIK GEOLOGI,S1,24,0,0,Tidak Ada
191,191078,11911078,ILMU KOMPUTER PSDKU WAY KANAN,S1,20,0,0,Tidak Ada
191,191079,11913079,AKUNTANSI PSDKU WAY KANAN,D3,45,0,0,Tidak Ada
191,191080,11913080,PERBANKAN DAN KEUANGAN PSDKU LAMPUNG TENGAH,D3,45,0,0,Tidak Ada
191,191081,11911081,GIZI,S1,10,0,0,Tidak Ada
192,192001,11921001,TEKNIK GEOMATIKA,S1,53,0,0,Tidak Ada
192,192002,11921002,TEKNIK ELEKTRO,S1,60,0,0,Tidak Ada
192,192003,11921003,PERENCANAAN WILAYAH DAN KOTA,S1,74,0,0,Tidak Ada
192,192004,11921004,TEKNIK GEOFISIKA,S1,70,0,0,Tidak Ada
192,192005,11921005,TEKNIK SIPIL,S1,68,0,0,Tidak Ada
192,192006,11921006,TEKNIK INFORMATIKA,S1,74,0,0,Tidak Ada
192,192007,11921007,FISIKA,S1,26,0,0,Tidak Ada
192,192008,11921008,ARSITEKTUR,S1,53,0,0,Tidak Ada
192,192009,11921009,TEKNIK LINGKUNGAN,S1,51,0,0,Tidak Ada
192,192010,11921010,TEKNIK GEOLOGI,S1,44,0,0,Tidak Ada
192,192011,11921011,MATEMATIKA,S1,35,0,0,Tidak Ada
192,192012,11921012,TEKNIK MESIN,S1,42,0,0,Tidak Ada
192,192013,11921013,BIOLOGI,S1,35,0,0,Tidak Ada
192,192014,11921014,TEKNIK INDUSTRI,S1,60,0,0,Tidak Ada
192,192015,11921015,FARMASI,S1,61,0,0,Tidak Ada
192,192016,11921016,TEKNIK KIMIA,S1,54,0,0,Tidak Ada
192,192017,11921017,KIMIA,S1,35,0,0,Tidak Ada
192,192018,11921018,TEKNIK FISIKA,S1,33,0,0,Tidak Ada
192,192019,11921019,TEKNIK KELAUTAN,S1,33,0,0,Tidak Ada
192,192020,11921020,SAINS ATMOSFIR DAN KEPLANETAN,S1,40,0,0,Tidak Ada
192,192021,11921021,TEKNIK BIOSISTEM,S1,44,0,0,Tidak Ada
192,192022,11921022,TEKNOLOGI INDUSTRI PERTANIAN,S1,51,0,0,Tidak Ada
192,192023,11921023,TEKNIK SISTEM ENERGI,S1,35,0,0,Tidak Ada
192,192024,11921024,TEKNOLOGI PANGAN,S1,51,0,0,Tidak Ada
192,192025,11921025,TEKNIK MATERIAL,S1,44,0,0,Tidak Ada
192,192026,11921026,TEKNIK PERTAMBANGAN,S1,65,0,0,Tidak Ada
192,192027,11921027,ARSITEKTUR LANSKAP,S1,35,0,0,Tidak Ada
192,192028,11921028,DESAIN KOMUNIKASI VISUAL,S1,44,0,2,"Seni Rupa, Desain, dan Kriya"
192,192029,11921029,TEKNIK TELEKOMUNIKASI,S1,33,0,0,Tidak Ada
192,192030,11921030,SAINS AKTUARIA,S1,46,0,0,Tidak Ada
192,192031,11921031,REKAYASA KEHUTANAN,S1,46,0,0,Tidak Ada
192,192032,11921032,TEKNIK BIOMEDIS,S1,51,0,0,Tidak Ada
192,192033,11921033,SAINS LINGKUNGAN KELAUTAN,S1,26,0,0,Tidak Ada
192,192034,11921034,SAINS DATA,S1,46,0,0,Tidak Ada
192,192035,11921035,TEKNIK PERKERETAAPIAN,S1,32,0,0,Tidak Ada
192,192036,11921036,REKAYASA TATA KELOLA AIR TERPADU,S1,32,0,0,Tidak Ada
192,192037,11921037,REKAYASA INSTRUMENTASI DAN AUTOMASI,S1,37,0,0,Tidak Ada
192,192038,11921038,REKAYASA MINYAK DAN GAS,S1,33,0,0,Tidak Ada
192,192039,11921039,REKAYASA KOSMETIK,S1,37,0,0,Tidak Ada
192,192040,11921040,PARIWISATA,S1,32,0,0,Tidak Ada
192,192041,11921041,REKAYASA KEOLAHRAGAAN,S1,26,0,0,Tidak Ada
193,193001,11931001,BIOLOGI,S1,80,0,0,Tidak Ada
193,193002,11931002,SISTEM INFORMASI,S1,60,0,0,Tidak Ada
193,193003,11931003,SAINS DATA,S1,80,0,0,Tidak Ada
193,193004,11931004,KIMIA,S1,80,0,0,Tidak Ada
194,194003,11941003,SISTEM INFORMASI,S1,54,0,0,Tidak Ada
195,195001,11951001,STATISTIKA,S1,24,0,0,Tidak Ada
195,195002,11951002,BISNIS DIGITAL,S1,24,0,0,Tidak Ada
195,195003,11951003,MATEMATIKA,S1,24,0,0,Tidak Ada
195,195004,11951004,INFORMATIKA,S1,36,0,0,Tidak Ada
221,221001,22212001,TEKNOLOGI REKAYASA KONSTRUKSI JALAN DAN JEMBATAN,D4,56,0,0,Tidak Ada
221,221002,22212002,TEKNOLOGI REKAYASA KIMIA INDUSTRI,D4,60,0,0,Tidak Ada
221,221003,22212003,TEKNOLOGI REKAYASA MANUFAKTUR,D4,30,0,0,Tidak Ada
221,221004,22212004,TEKNOLOGI REKAYASA JARINGAN TELEKOMUNIKASI,D4,28,0,0,Tidak Ada
221,221005,22212005,TEKNOLOGI REKAYASA PEMBANGKIT ENERGI,D4,24,0,0,Tidak Ada
221,221006,22212006,TEKNOLOGI REKAYASA INSTRUMENTASI DAN KONTROL,D4,28,0,0,Tidak Ada
221,221007,22212007,TEKNIK INFORMATIKA,D4,75,0,0,Tidak Ada
221,221008,22212008,TEKNOLOGI REKAYASA KOMPUTER JARINGAN,D4,60,0,0,Tidak Ada
221,221009,22212009,TEKNOLOGI REKAYASA MULTIMEDIA,D4,45,0,0,Tidak Ada
221,221010,22212010,TEKNOLOGI REKAYASA PENGELASAN DAN FABRIKASI,D4,30,0,0,Tidak Ada
221,221011,22212011,TEKNOLOGI REKAYASA KONSTRUKSI BANGUNAN GEDUNG,D4,42,0,0,Tidak Ada
221,221012,22212012,AKUNTANSI LEMBAGA KEUANGAN SYARIAH,D4,45,0,0,Tidak Ada
221,221013,22212013,AKUNTANSI SEKTOR PUBLIK,D4,45,0,0,Tidak Ada
221,221014,22212014,MANAJEMEN KEUANGAN SEKTOR PUBLIK,D4,45,0,0,Tidak Ada
221,221015,22213015,TEKNOLOGI INDUSTRI,D3,45,0,0,Tidak Ada
221,221016,22213016,TEKNOLOGI KONSTRUKSI BANGUNAN AIR,D3,14,0,0,Tidak Ada
221,221017,22213017,AKUNTANSI,D3,33,0,0,Tidak Ada
221,221018,22213018,TEKNOLOGI ELEKTRONIKA,D3,28,0,0,Tidak Ada
221,221019,22213019,TEKNOLOGI KONSTRUKSI JALAN DAN JEMBATAN,D3,14,0,0,Tidak Ada
221,221020,22213020,TEKNOLOGI PENGOLAHAN MINYAK DAN GAS,D3,15,0,0,Tidak Ada
221,221023,22213023,TEKNOLOGI MESIN,D3,45,0,0,Tidak Ada
221,221024,22213024,TEKNOLOGI TELEKOMUNIKASI,D3,28,0,0,Tidak Ada
221,221025,22213025,ADMINISTRASI BISNIS,D3,33,0,0,Tidak Ada
221,221026,22213026,TEKNOLOGI LISTRIK,D3,24,0,0,Tidak Ada
221,221027,22213027,TEKNOLOGI KIMIA,D3,45,0,0,Tidak Ada
221,221028,22212028,TEKNOLOGI REKAYASA MEKATRONIKA,D4,28,0,0,Tidak Ada
222,222001,22222001,TEKNIK PERANCANGAN JALAN DAN JEMBATAN,D4,40,0,0,Tidak Ada
222,222002,22222002,MANAJEMEN REKAYASA KONSTRUKSI GEDUNG,D4,42,0,0,Tidak Ada
222,222003,22222003,TEKNIK REKAYASA PERANGKAT LUNAK,D4,49,0,0,Tidak Ada
222,222004,22222004,TEKNIK REKAYASA MULTIMEDIA GRAFIS,D4,52,0,0,Tidak Ada
222,222005,22222005,TEKNOLOGI REKAYASA JARINGAN TELEKOMUNIKASI,D4,45,0,0,Tidak Ada
222,222006,22222006,TEKNOLOGI REKAYASA PENGELASAN DAN FABRIKASI,D4,23,0,0,Tidak Ada
222,222007,22222007,KEUANGAN DAN PERBANKAN SYARIAH,D4,34,0,0,Tidak Ada
222,222008,22222008,AKUNTANSI KEUANGAN PUBLIK,D4,49,0,0,Tidak Ada
222,222009,22222009,"MEETING, INCENTIVE, CONVENTION, EXHIBITION",D4,40,0,0,Tidak Ada
222,222010,22222010,MANAJEMEN BISNIS,D4,55,0,0,Tidak Ada
222,222011,22223011,KEUANGAN DAN PERBANKAN,D3,90,0,0,Tidak Ada
222,222012,22223012,TEKNIK KOMPUTER,D3,59,0,0,Tidak Ada
222,222013,22223013,TEKNIK LISTRIK,D3,42,0,0,Tidak Ada
222,222014,22223014,TEKNIK KONVERSI ENERGI,D3,45,0,0,Tidak Ada
222,222015,22223015,MANAJEMEN INFORMATIKA,D3,68,0,0,Tidak Ada
222,222016,22223016,ADMINISTRASI BISNIS,D3,94,0,0,Tidak Ada
222,222017,22223017,TEKNIK MESIN,D3,79,0,0,Tidak Ada
222,222018,22223018,TEKNIK SIPIL,D3,59,0,0,Tidak Ada
222,222019,22223019,TEKNIK TELEKOMUNIKASI,D3,45,0,0,Tidak Ada
222,222020,22223020,AKUNTANSI,D3,83,0,0,Tidak Ada
222,222021,22223021,ELEKTRONIKA,D3,42,0,0,Tidak Ada
222,222022,22222022,TEKNOLOGI REKAYASA INSTALASI LISTRIK,D4,21,0,0,Tidak Ada
222,222023,22222023,TEKNOLOGI REKAYASA ENERGI TERBARUKAN,D4,23,0,0,Tidak Ada
222,222024,22222024,TEKNOLOGI REKAYASA OTOMASI,D4,16,0,0,Tidak Ada
222,222025,22222025,TEKNOLOGI REKAYASA MANUFAKTUR,D4,23,0,0,Tidak Ada
222,222026,22222026,TEKNOLOGI REKAYASA KIMIA INDUSTRI,D4,21,0,0,Tidak Ada
222,222027,22223027,BAHASA INGGRIS,D3,23,1,0,Tidak Ada
231,231001,22312001,TEKNIK MEKATRONIKA,D4,23,0,0,Tidak Ada
231,231002,22312002,TEKNOLOGI REKAYASA ROBOTIKA,D4,23,0,0,Tidak Ada
231,231003,22312003,TEKNOLOGI REKAYASA PEMBANGKIT ENERGI,D4,15,0,0,Tidak Ada
231,231004,22312004,TEKNOLOGI REKAYASA MULTIMEDIA,D4,30,0,0,Tidak Ada
231,231005,22312005,ANIMASI,D4,15,0,0,Tidak Ada
231,231006,22312006,REKAYASA KEAMANAN SIBER,D4,15,0,0,Tidak Ada
231,231007,22312007,ADMINISTRASI BISNIS TERAPAN,D4,30,0,0,Tidak Ada
231,231008,22312008,AKUNTANSI MANAJERIAL,D4,30,0,0,Tidak Ada
231,231009,22312009,LOGISTIK PERDAGANGAN INTERNASIONAL,D4,30,0,0,Tidak Ada
231,231010,22312010,TEKNOLOGI REKAYASA ELEKTRONIKA,D4,15,0,0,Tidak Ada
231,231011,22313011,TEKNIK INFORMATIKA,D3,30,0,0,Tidak Ada
231,231012,22313012,TEKNIK ELEKTRONIKA MANUFAKTUR,D3,15,0,0,Tidak Ada
231,231013,22312013,TEKNOLOGI REKAYASA KONSTRUKSI PERKAPALAN,D4,23,0,0,Tidak Ada
231,231014,22313014,AKUNTANSI,D3,23,0,0,Tidak Ada
231,231015,22313015,TEKNIK INSTRUMENTASI,D3,15,0,0,Tidak Ada
231,231017,22313017,TEKNOLOGI GEOMATIKA,D3,23,0,0,Tidak Ada
231,231018,22313018,TEKNIK MESIN,D3,23,0,0,Tidak Ada
231,231019,22312019,TEKNOLOGI REKAYASA PENGELASAN DAN FABRIKASI,D4,15,0,0,Tidak Ada
231,231020,22312020,TEKNOLOGI REKAYASA PERANGKAT LUNAK,D4,23,0,0,Tidak Ada
231,231021,22313021,TEKNIK PERAWATAN PESAWAT UDARA,D3,24,0,0,Tidak Ada
231,231022,22312022,TEKNOLOGI REKAYASA METALURGI,D4,15,0,0,Tidak Ada
231,231023,22312023,TEKNOLOGI PERMAINAN,D4,15,0,0,Tidak Ada
232,232001,22322001,TEKNIK LISTRIK,D4,64,0,0,Tidak Ada
232,232002,22322002,TEKNIK MESIN PRODUKSI DAN PERAWATAN,D4,48,0,0,Tidak Ada
232,232003,22322003,TEKNIK PERANCANGAN JALAN DAN JEMBATAN,D4,48,0,0,Tidak Ada
232,232004,22322004,REKAYASA PERANGKAT LUNAK,D4,42,0,0,Tidak Ada
232,232005,22322005,TEKNOLOGI REKAYASA ARSITEKTUR PERKAPALAN,D4,32,0,0,Tidak Ada
232,232006,22322006,KEAMANAN SISTEM INFORMASI,D4,36,0,0,Tidak Ada
232,232007,22322007,ADMINISTRASI BISNIS INTERNASIONAL,D4,48,0,0,Tidak Ada
232,232008,22322008,AKUNTANSI KEUANGAN PUBLIK,D4,48,0,0,Tidak Ada
232,232009,22322009,BAHASA INGGRIS UNTUK KOMUNIKASI BISNIS DAN PROFESIONAL,D4,32,0,0,Tidak Ada
232,232010,22322010,BISNIS DIGITAL,D4,48,0,0,Tidak Ada
232,232012,22323012,TEKNIK MESIN,D3,36,0,0,Tidak Ada
232,232013,22323013,TEKNIK PERKAPALAN,D3,32,0,0,Tidak Ada
232,232014,22323014,NAUTIKA,D3,20,0,0,Tidak Ada
232,232015,22323015,KETATALAKSANAAN PELAYARAN NIAGA,D3,32,0,0,Tidak Ada
232,232016,22323016,TEKNIK INFORMATIKA,D3,42,0,0,Tidak Ada
232,232019,22323019,TEKNIK ELEKTRONIKA,D3,32,0,0,Tidak Ada
232,232020,22323020,TEKNIK SIPIL,D3,32,0,0,Tidak Ada
232,232021,22322021,BAHASA INGGRIS UNTUK INDUSTRI PARIWISATA,D4,32,1,0,Tidak Ada
241,241001,22412001,TEKNIK ELEKTRONIKA INDUSTRI,D4,26,0,0,Tidak Ada
241,241002,22412002,TEKNIK TELEKOMUNIKASI,D4,26,0,0,Tidak Ada
241,241003,22412003,TEKNIK MANUFAKTUR,D4,17,0,0,Tidak Ada
241,241004,22412004,TEKNIK PERENCANAAN IRIGASI DAN RAWA,D4,17,0,0,Tidak Ada
241,241005,22412005,PERANCANGAN JALAN DAN JEMBATAN,D4,17,0,0,Tidak Ada
241,241006,22412006,MANAJEMEN REKAYASA KONSTRUKSI,D4,17,0,0,Tidak Ada
241,241007,22412007,TEKNOLOGI REKAYASA PERANGKAT LUNAK,D4,34,0,0,Tidak Ada
241,241008,22412008,TEKNOLOGI REKAYASA INSTALASI LISTRIK,D4,26,0,0,Tidak Ada
241,241009,22412009,REKAYASA PERANCANGAN MEKANIK,D4,17,0,0,Tidak Ada
241,241010,22412010,AKUNTANSI,D4,36,0,0,Tidak Ada
241,241011,22412011,BAHASA INGGRIS UNTUK KOMUNIKASI BISNIS DAN PROFESIONAL,D4,27,0,0,Tidak Ada
241,241012,22412012,DESTINASI PARIWISATA,D4,18,0,0,Tidak Ada
241,241013,22412013,USAHA PERJALANAN WISATA,D4,27,0,0,Tidak Ada
241,241014,22413014,SISTEM INFORMASI (KAMPUS KAB. TANAH DATAR),D3,17,0,0,Tidak Ada
241,241016,22413016,TEKNIK KOMPUTER (KAMPUS KAB SOLOK SELATAN),D3,9,0,0,Tidak Ada
241,241017,22413017,AKUNTANSI (KAMPUS KAB SOLOK SELATAN),D3,9,0,0,Tidak Ada
241,241018,22413018,TEKNIK ALAT BERAT,D3,24,0,0,Tidak Ada
241,241019,22413019,MANAJEMEN INFORMATIKA (KAMPUS KAB PELALAWAN),D3,9,0,0,Tidak Ada
241,241020,22413020,ADMINISTRASI BISNIS,D3,54,0,0,Tidak Ada
241,241021,22413021,TEKNIK LISTRIK (KAMPUS KAB PELALAWAN),D3,9,0,0,Tidak Ada
241,241022,22413022,TEKNOLOGI SIPIL (KAMPUS KAB. TANAH DATAR),D3,9,0,0,Tidak Ada
241,241023,22413023,BAHASA INGGRIS,D3,27,0,0,Tidak Ada
241,241024,22413024,TEKNIK LISTRIK,D3,34,0,0,Tidak Ada
241,241025,22413025,TEKNIK TELEKOMUNIKASI,D3,34,0,0,Tidak Ada
241,241026,22413026,TEKNIK MESIN,D3,51,0,0,Tidak Ada
241,241027,22413027,AKUNTANSI,D3,36,0,0,Tidak Ada
241,241028,22413028,MANAJEMEN INFORMATIKA,D3,26,0,0,Tidak Ada
241,241029,22413029,TEKNIK KOMPUTER,D3,17,0,0,Tidak Ada
241,241030,22413030,TEKNIK SIPIL,D3,34,0,0,Tidak Ada
241,241031,22413031,TEKNIK ELEKTRONIKA,D3,34,0,0,Tidak Ada
241,241032,22412032,BISNIS DIGITAL,D4,18,0,0,Tidak Ada
241,241033,22412033,ANIMASI,D4,17,0,0,Tidak Ada
241,241034,22412034,LOGISTIK PERDAGANGAN INTERNASIONAL,D4,18,0,0,Tidak Ada
242,242001,22422001,PENGELOLAAN AGRIBISNIS,D4,31,0,0,Tidak Ada
242,242002,22422002,PENGELOLAAN PERKEBUNAN,D4,21,0,0,Tidak Ada
242,242003,22422003,TEKNOLOGI BENIH,D4,21,0,0,Tidak Ada
242,242004,22422004,TEKNOLOGI REKAYASA PANGAN,D4,21,0,0,Tidak Ada
242,242005,22422005,TEKNOLOGI REKAYASA KOMPUTER,D4,21,0,0,Tidak Ada
242,242006,22422006,TEKNOLOGI PRODUKSI TERNAK,D4,31,0,0,Tidak Ada
242,242007,22422007,TEKNOLOGI PRODUKSI TANAMAN PANGAN,D4,21,0,0,Tidak Ada
242,242008,22423008,TEKNOLOGI MEKANISASI PERTANIAN,D3,21,0,0,Tidak Ada
242,242010,22423010,TEKNOLOGI PANGAN,D3,21,0,0,Tidak Ada
242,242011,22423011,AGRIBISNIS,D3,30,0,0,Tidak Ada
242,242013,22423013,TATA AIR PERTANIAN,D3,21,0,0,Tidak Ada
242,242015,22423015,PARAMEDIK VETERINER,D3,21,0,0,Tidak Ada
242,242016,22423016,BUDI DAYA TANAMAN HORTIKULTURA,D3,21,0,0,Tidak Ada
242,242017,22422017,TEKNOLOGI PRODUKSI TANAMAN PERKEBUNAN,D4,21,0,0,Tidak Ada
242,242018,22422018,SAINS DATA TERAPAN,D4,11,1,0,Tidak Ada
271,271001,22712001,PERANCANGAN JALAN DAN JEMBATAN,D4,48,0,0,Tidak Ada
271,271002,22712002,TEKNIK MESIN PRODUKSI DAN PERAWATAN,D4,60,0,0,Tidak Ada
271,271003,22712003,TEKNIK ELEKTRO,D4,24,0,0,Tidak Ada
271,271004,22712004,TEKNIK TELEKOMUNIKASI,D4,32,0,0,Tidak Ada
271,271005,22712005,TEKNIK ENERGI,D4,41,0,0,Tidak Ada
271,271006,22712006,TEKNOLOGI KIMIA INDUSTRI,D4,41,0,0,Tidak Ada
271,271007,22712007,TEKNOLOGI INFORMATIKA MULTIMEDIA DIGITAL,D4,48,0,0,Tidak Ada
271,271009,22712009,TEKNIK MESIN PRODUKSI DAN PERAWATAN PSDKU SIAK,D4,12,0,0,Tidak Ada
271,271010,22712010,TEKNOLOGI PRODUKSI TANAMAN PERKEBUNAN,D4,43,0,0,Tidak Ada
271,271011,22712011,MANAJEMEN INFORMATIKA,D4,66,0,0,Tidak Ada
271,271013,22712013,AKUNTANSI SEKTOR PUBLIK,D4,72,0,0,Tidak Ada
271,271015,22712015,USAHA PERJALANAN WISATA,D4,32,0,0,Tidak Ada
271,271016,22712016,MANAJEMEN BISNIS,D4,38,0,0,Tidak Ada
271,271018,22712018,AKUNTANSI SEKTOR PUBLIK PSDKU SIAK,D4,12,0,0,Tidak Ada
271,271019,22713019,TEKNIK KOMPUTER,D3,64,0,0,Tidak Ada
271,271020,22713020,TEKNIK ELEKTRONIKA,D3,38,0,0,Tidak Ada
271,271021,22713021,TEKNIK KIMIA (KAMPUS KAB SIAK),D3,12,0,0,Tidak Ada
271,271022,22713022,TEKNIK MESIN,D3,72,0,0,Tidak Ada
271,271024,22713024,AKUNTANSI,D3,84,0,0,Tidak Ada
271,271025,22713025,TEKNIK TELEKOMUNIKASI,D3,38,0,0,Tidak Ada
271,271026,22713026,TEKNIK LISTRIK,D3,38,0,0,Tidak Ada
271,271027,22713027,TEKNOLOGI PANGAN,D3,28,0,0,Tidak Ada
271,271028,22713028,BAHASA INGGRIS,D3,48,0,0,Tidak Ada
271,271029,22713029,MANAJEMEN INFORMATIKA,D3,72,0,0,Tidak Ada
271,271030,22713030,TEKNIK SIPIL,D3,44,0,0,Tidak Ada
271,271031,22713031,TEKNIK KIMIA,D3,38,0,0,Tidak Ada
271,271032,22713032,ADMINISTRASI BISNIS,D3,64,0,0,Tidak Ada
271,271034,22712034,BISNIS DIGITAL,D4,32,0,0,Tidak Ada
271,271035,22712035,ARSITEKTUR BANGUNAN GEDUNG,D4,24,0,0,Tidak Ada
271,271036,22712036,MANAJEMEN AGRIBISNIS,D4,28,0,0,Tidak Ada
271,271037,22712037,AGRIBISNIS PANGAN,D4,28,0,0,Tidak Ada
271,271038,22712038,BAHASA INGGRIS UNTUK KOMUNIKASI BISNIS DAN PROFESIONAL,D4,42,0,0,Tidak Ada
271,271039,22712039,TEKNOLOGI REKAYASA INSTALASI LISTRIK,D4,21,0,0,Tidak Ada
271,271040,22713040,PEMELIHARAAN ALAT BERAT,D3,12,0,0,Tidak Ada
271,271041,22712041,TEKNOLOGI AKUAKULTUR,D4,14,0,0,Tidak Ada
271,271042,22712042,TEKNOLOGI REKAYASA PANGAN,D4,14,1,0,Tidak Ada
281,281001,22812001,TEKNIK MESIN DAN MANUFAKTUR,D4,30,0,0,Tidak Ada
281,281002,22812002,TEKNIK ELEKTRONIKA,D4,30,0,0,Tidak Ada
281,281003,22812003,TEKNOLOGI REKAYASA PERANGKAT LUNAK,D4,42,0,0,Tidak Ada
281,281004,22813004,TEKNIK PERAWATAN DAN PERBAIKAN MESIN,D3,36,0,0,Tidak Ada
281,281005,22813005,TEKNIK ELEKTRONIKA,D3,36,0,0,Tidak Ada
281,281006,22813006,TEKNIK PERANCANGAN MEKANIK,D3,18,0,0,Tidak Ada
281,281007,22812007,TEKNOLOGI REKAYASA PERANCANGAN MANUFAKTUR,D4,18,0,0,Tidak Ada
281,281008,22812008,PERTANIAN PRESISI,D4,30,0,0,Tidak Ada
281,281009,22812009,BISNIS DIGITAL,D4,42,0,0,Tidak Ada
281,281010,22812010,PERBANKAN DAN KEUANGAN DIGITAL,D4,36,1,0,Tidak Ada
291,291001,22912001,TEKNOLOGI PERBENIHAN,D4,42,0,0,Tidak Ada
291,291002,22912002,TEKNOLOGI PRODUKSI TANAMAN HORTIKULTURA,D4,56,0,0,Tidak Ada
291,291003,22912003,PRODUKSI DAN MANAJEMEN INDUSTRI PERKEBUNAN,D4,70,0,0,Tidak Ada
291,291004,22912004,TEKNOLOGI REKASAYA KIMIA INDUSTRI,D4,42,0,0,Tidak Ada
291,291005,22912005,TEKNOLOGI REKAYASA KONSTRUKSI JALAN DAN JEMBATAN,D4,40,0,0,Tidak Ada
291,291006,22912006,PENGEMBANGAN PRODUK AGRO INDUSTRI,D4,56,0,0,Tidak Ada
291,291007,22912007,TEKNOLOGI PRODUKSI TERNAK,D4,56,0,0,Tidak Ada
291,291008,22912008,TEKNOLOGI PEMBENIHAN IKAN,D4,56,0,0,Tidak Ada
291,291009,22912009,AGRIBISNIS PANGAN,D4,70,0,0,Tidak Ada
291,291010,22912010,PENGELOLAAN PERKEBUNAN KOPI,D4,28,0,0,Tidak Ada
291,291011,22912011,PENGELOLAAN AGRIBISNIS,D4,70,0,0,Tidak Ada
291,291012,22912012,AKUNTANSI PERPAJAKAN,D4,68,0,0,Tidak Ada
291,291014,22912014,PENGELOLAAN PERHOTELAN,D4,70,0,0,Tidak Ada
291,291015,22912015,AKUNTANSI BISNIS DIGITAL,D4,70,0,0,Tidak Ada
291,291016,22913016,PERJALANAN WISATA,D3,70,0,0,Tidak Ada
291,291017,22913017,TEKNOLOGI PANGAN,D3,42,0,0,Tidak Ada
291,291018,22913018,TEKNIK SUMBERDAYA LAHAN DAN LINGKUNGAN,D3,28,0,0,Tidak Ada
291,291020,22913020,MEKANISASI PERTANIAN,D3,28,0,0,Tidak Ada
291,291022,22913022,PERIKANAN TANGKAP,D3,14,0,0,Tidak Ada
291,291023,22913023,HORTIKULTURA,D3,42,0,0,Tidak Ada
291,291024,22913024,MANAJEMEN INFORMATIKA,D3,70,0,0,Tidak Ada
291,291025,22913025,PRODUKSI TANAMAN PERKEBUNAN,D3,56,0,0,Tidak Ada
291,291026,22913026,BUDIDAYA PERIKANAN,D3,42,0,0,Tidak Ada
291,291029,22912029,TEKNOLOGI PAKAN TERNAK,D4,42,0,0,Tidak Ada
291,291030,22912030,TEKNOLOGI REKAYASA INTERNET,D4,70,0,0,Tidak Ada
291,291032,22912032,TEKNOLOGI REKAYASA PERANGKAT LUNAK,D4,56,0,0,Tidak Ada
291,291033,22912033,TEKNOLOGI REKAYASA ELEKTRONIKA,D4,28,0,0,Tidak Ada
291,291034,22912034,TEKNOLOGI PRODUKSI TANAMAN PANGAN,D4,42,0,0,Tidak Ada
291,291035,22912035,AGRIBISNIS PETERNAKAN,D4,54,0,0,Tidak Ada
291,291036,22912036,PENGELOLAAN KONVENSI DAN ACARA,D4,28,0,0,Tidak Ada
291,291037,22912037,KIMIA TERAPAN,D4,28,0,0,Tidak Ada
291,291038,22912038,PRODUKSI MEDIA,D4,28,0,0,Tidak Ada
291,291039,22912039,TEKNOLOGI REKAYASA OTOMOTIF,D4,40,0,0,Tidak Ada
291,291040,22912040,BAHASA INGGRIS UNTUK KOMUNIKASI BISNIS DAN PROFESIONAL,D4,28,0,0,Tidak Ada
291,291041,22912041,TEKNOLOGI AKUAKULTUR,D4,24,1,0,Tidak Ada
291,291042,22912042,TEKNOLOGI CERDAS PENANGKAPAN IKAN,D4,28,1,0,Tidak Ada
291,291043,22912043,TEKNOLOGI PRODUKSI TANAMAN PERKEBUNAN,D4,28,1,0,Tidak Ada
291,291044,22912044,TEKNOLOGI PANGAN HALAL,D4,14,1,0,Tidak Ada
291,291045,22912045,SAINS DATA TERAPAN,D4,24,1,0,Tidak Ada
311,311001,13111001,TEKNIK MESIN,S1,55,0,0,Tidak Ada
311,311002,13111002,TEKNIK ELEKTRO,S1,55,0,0,Tidak Ada
311,311003,13111003,TEKNIK INDUSTRI,S1,55,0,0,Tidak Ada
311,311004,13111004,TEKNIK METALURGI,S1,32,0,0,Tidak Ada
311,311005,13111005,TEKNIK KIMIA,S1,55,0,0,Tidak Ada
311,311006,13111006,TEKNIK SIPIL,S1,55,0,0,Tidak Ada
311,311007,13111007,AGRIBISNIS,S1,82,0,0,Tidak Ada
311,311008,13111008,AGROEKOTEKNOLOGI,S1,90,0,0,Tidak Ada
311,311009,13111009,ILMU PERIKANAN,S1,62,0,0,Tidak Ada
311,311010,13111010,PENDIDIKAN BIOLOGI,S1,50,0,0,Tidak Ada
311,311011,13111011,PENDIDIKAN MATEMATIKA,S1,72,0,0,Tidak Ada
311,311012,13111012,PENDIDIKAN VOKASIONAL TEKNIK ELEKTRO,S1,30,0,0,Tidak Ada
311,311013,13111013,PENDIDIKAN VOKASIONAL TEKNIK MESIN,S1,32,0,0,Tidak Ada
311,311014,13111014,PENDIDIKAN FISIKA,S1,32,0,0,Tidak Ada
311,311015,13111015,PENDIDIKAN KIMIA,S1,45,0,0,Tidak Ada
311,311016,13111016,PENDIDIKAN IPA,S1,35,0,0,Tidak Ada
311,311017,13111017,TEKNOLOGI PANGAN,S1,52,0,0,Tidak Ada
311,311018,13111018,ILMU KEOLAHRAGAAN,S1,20,0,1,Olahraga
311,311019,13111019,GIZI,S1,22,0,0,Tidak Ada
311,311020,13111020,KEDOKTERAN,S1,13,0,0,Tidak Ada
311,311021,13111021,INFORMATIKA,S1,44,0,0,Tidak Ada
311,311022,13111022,KEPERAWATAN,S1,24,0,0,Tidak Ada
311,311023,13111023,ILMU KELAUTAN,S1,44,0,0,Tidak Ada
311,311024,13111024,HUKUM,S1,173,0,0,Tidak Ada
311,311025,13111025,MANAJEMEN,S1,83,0,0,Tidak Ada
311,311026,13111026,AKUNTANSI,S1,83,0,0,Tidak Ada
311,311027,13111027,EKONOMI PEMBANGUNAN,S1,63,0,0,Tidak Ada
311,311028,13111028,ADMINISTRASI PUBLIK,S1,74,0,0,Tidak Ada
311,311029,13111029,ILMU KOMUNIKASI,S1,89,0,0,Tidak Ada
311,311030,13111030,PENDIDIKAN NON FORMAL,S1,38,0,0,Tidak Ada
311,311031,13111031,PENDIDIKAN BAHASA INDONESIA,S1,75,0,0,Tidak Ada
311,311032,13111032,PENDIDIKAN BAHASA INGGRIS,S1,65,0,0,Tidak Ada
311,311033,13111033,PENDIDIKAN GURU SEKOLAH DASAR,S1,45,0,0,Tidak Ada
311,311034,13111034,PENDIDIKAN GURU PENDIDIKAN ANAK USIA DINI,S1,53,0,0,Tidak Ada
311,311035,13111035,EKONOMI SYARIAH,S1,63,0,0,Tidak Ada
311,311036,13111036,PENDIDIKAN SOSIOLOGI,S1,38,0,0,Tidak Ada
311,311037,13111037,PENDIDIKAN SEJARAH,S1,38,0,0,Tidak Ada
311,311038,13111038,PENDIDIKAN PANCASILA DAN KEWARGANEGARAAN,S1,38,0,0,Tidak Ada
311,311039,13111039,PENDIDIKAN SENI PERTUNJUKAN,S1,30,0,3,Sendratasik
311,311040,13111040,BIMBINGAN DAN KONSELING,S1,43,0,0,Tidak Ada
311,311041,13111041,PENDIDIKAN KHUSUS,S1,33,0,0,Tidak Ada
311,311042,13111042,ILMU PEMERINTAHAN,S1,62,0,0,Tidak Ada
311,311044,13113044,AKUNTANSI,D3,38,0,0,Tidak Ada
311,311045,13113045,PERBANKAN DAN KEUANGAN,D3,38,0,0,Tidak Ada
311,311047,13113047,MANAJEMEN PEMASARAN,D3,38,0,0,Tidak Ada
311,311048,13113048,ADMINISTRASI PAJAK,D3,38,0,0,Tidak Ada
311,311049,13111049,PETERNAKAN,S1,44,0,0,Tidak Ada
311,311050,13111050,STATISTIKA,S1,20,0,0,Tidak Ada
312,312001,13121001,FISIKA,S1,11,0,0,Tidak Ada
312,312002,13121002,BIOLOGI,S1,21,0,0,Tidak Ada
312,312003,13121003,INFORMATIKA,S1,36,0,0,Tidak Ada
312,312004,13121004,MATEMATIKA,S1,11,0,0,Tidak Ada
312,312005,13121005,KIMIA,S1,11,0,0,Tidak Ada
321,321001,13211001,PENDIDIKAN DOKTER,S1,60,0,0,Tidak Ada
321,321002,13211002,PENDIDIKAN DOKTER GIGI,S1,31,0,0,Tidak Ada
321,321003,13211003,MATEMATIKA,S1,16,0,0,Tidak Ada
321,321004,13211004,FISIKA,S1,28,0,0,Tidak Ada
321,321005,13211005,KIMIA,S1,28,0,0,Tidak Ada
321,321006,13211006,BIOLOGI,S1,27,0,0,Tidak Ada
321,321007,13211007,FARMASI,S1,39,0,0,Tidak Ada
321,321008,13211008,GEOGRAFI,S1,28,0,0,Tidak Ada
321,321009,13211009,TEKNIK SIPIL,S1,40,0,0,Tidak Ada
321,321010,13211010,TEKNIK MESIN,S1,40,0,0,Tidak Ada
321,321011,13211011,TEKNIK ELEKTRO,S1,30,0,0,Tidak Ada
321,321012,13211012,TEKNIK METALURGI & MATERIAL,S1,34,0,0,Tidak Ada
321,321013,13211013,ARSITEKTUR,S1,16,0,0,Tidak Ada
321,321014,13211014,TEKNIK KIMIA,S1,29,0,0,Tidak Ada
321,321015,13211015,ILMU KEPERAWATAN,S1,50,0,0,Tidak Ada
321,321016,13211016,ILMU KOMPUTER,S1,50,0,0,Tidak Ada
321,321017,13211017,ILMU KESEHATAN MASYARAKAT,S1,45,0,0,Tidak Ada
321,321018,13211018,TEKNIK INDUSTRI,S1,47,0,0,Tidak Ada
321,321019,13211019,TEKNIK PERKAPALAN,S1,26,0,0,Tidak Ada
321,321020,13211020,TEKNIK LINGKUNGAN,S1,24,0,0,Tidak Ada
321,321021,13211021,TEKNIK KOMPUTER,S1,22,0,0,Tidak Ada
321,321022,13211022,SISTEM INFORMASI,S1,50,0,0,Tidak Ada
321,321023,13211023,ARSITEKTUR INTERIOR,S1,10,0,0,Tidak Ada
321,321024,13211024,TEKNOLOGI BIOPROSES,S1,14,0,0,Tidak Ada
321,321025,13211025,GIZI,S1,13,0,0,Tidak Ada
321,321026,13211026,KESEHATAN LINGKUNGAN,S1,13,0,0,Tidak Ada
321,321027,13211027,KESELAMATAN DAN KESEHATAN KERJA,S1,18,0,0,Tidak Ada
321,321028,13211028,GEOFISIKA,S1,16,0,0,Tidak Ada
321,321029,13211029,GEOLOGI,S1,16,0,0,Tidak Ada
321,321030,13211030,STATISTIKA,S1,16,0,0,Tidak Ada
321,321031,13211031,AKTUARIA,S1,16,0,0,Tidak Ada
321,321032,13211032,TEKNIK BIOMEDIS,S1,10,0,0,Tidak Ada
321,321033,13211033,ILMU HUKUM,S1,114,0,0,Tidak Ada
321,321034,13211034,ARKEOLOGI INDONESIA,S1,16,0,0,Tidak Ada
321,321035,13211035,ILMU SEJARAH,S1,16,0,0,Tidak Ada
321,321036,13211036,ILMU PSIKOLOGI,S1,66,0,0,Tidak Ada
321,321037,13211037,ILMU KOMUNIKASI,S1,33,0,0,Tidak Ada
321,321038,13211038,ILMU POLITIK,S1,16,0,0,Tidak Ada
321,321039,13211039,ILMU ADMINISTRASI NEGARA,S1,33,0,0,Tidak Ada
321,321040,13211040,KRIMINOLOGI,S1,15,0,0,Tidak Ada
321,321041,13211041,SOSIOLOGI,S1,16,0,0,Tidak Ada
321,321042,13211042,ILMU KESEJAHTERAAN SOSIAL,S1,16,0,0,Tidak Ada
321,321043,13211043,ANTROPOLOGI SOSIAL,S1,16,0,0,Tidak Ada
321,321044,13211044,ILMU EKONOMI,S1,30,0,0,Tidak Ada
321,321045,13211045,ILMU ADMINISTRASI NIAGA,S1,33,0,0,Tidak Ada
321,321046,13211046,ILMU ADMINISTRASI FISKAL,S1,33,0,0,Tidak Ada
321,321047,13211047,MANAJEMEN,S1,60,0,0,Tidak Ada
321,321048,13211048,AKUNTANSI,S1,60,0,0,Tidak Ada
321,321049,13211049,ILMU HUBUNGAN INTERNASIONAL,S1,12,0,0,Tidak Ada
321,321050,13211050,ILMU PERPUSTAKAAN,S1,16,0,0,Tidak Ada
321,321051,13211051,ILMU FILSAFAT,S1,16,0,0,Tidak Ada
321,321052,13211052,SASTRA INDONESIA,S1,16,0,0,Tidak Ada
321,321053,13211053,SASTRA DAERAH UNTUK SASTRA JAWA,S1,16,0,0,Tidak Ada
321,321054,13211054,SASTRA JEPANG,S1,16,0,0,Tidak Ada
321,321055,13211055,SASTRA CINA,S1,16,0,0,Tidak Ada
321,321056,13211056,SASTRA ARAB,S1,16,0,0,Tidak Ada
321,321057,13211057,SASTRA PERANCIS,S1,11,0,0,Tidak Ada
321,321058,13211058,SASTRA INGGRIS,S1,16,0,0,Tidak Ada
321,321059,13211059,SASTRA JERMAN,S1,11,0,0,Tidak Ada
321,321060,13211060,SASTRA BELANDA,S1,16,0,0,Tidak Ada
321,321061,13211061,SASTRA RUSIA,S1,16,0,0,Tidak Ada
321,321062,13211062,BAHASA DAN KEBUDAYAAN KOREA,S1,11,0,0,Tidak Ada
321,321063,13211063,ILMU EKONOMI ISLAM,S1,10,0,0,Tidak Ada
321,321064,13211064,BISNIS ISLAM,S1,10,0,0,Tidak Ada
321,321065,13212065,MANAJEMEN BISNIS PARIWISATA,D4,31,0,0,Tidak Ada
321,321066,13212066,TERAPI OKUPASI,D4,31,0,0,Tidak Ada
321,321067,13212067,FISIOTERAPI,D4,31,0,0,Tidak Ada
321,321068,13212068,MANAJEMEN REKOD DAN ARSIP,D4,31,0,0,Tidak Ada
321,321069,13213069,ADMINISTRASI PERPAJAKAN,D3,20,0,0,Tidak Ada
321,321070,13213070,ADMINISTRASI PERKANTORAN,D3,20,0,0,Tidak Ada
321,321071,13213071,ADMINISTRASI RUMAH SAKIT,D3,20,0,0,Tidak Ada
321,321072,13213072,PENYIARAN MULTIMEDIA,D3,20,0,0,Tidak Ada
321,321073,13213073,ADMINISTRASI ASURANSI & AKTUARIA,D3,20,0,0,Tidak Ada
321,321074,13213074,HUBUNGAN MASYARAKAT,D3,20,0,0,Tidak Ada
321,321075,13213075,PERIKLANAN KREATIF,D3,20,0,0,Tidak Ada
321,321076,13213076,AKUNTANSI,D3,20,0,0,Tidak Ada
321,321077,13213077,ADMINISTRASI KEUANGAN DAN PERBANKAN,D3,20,0,0,Tidak Ada
321,321078,13212078,BISNIS KREATIF,D4,31,0,0,Tidak Ada
321,321079,13212079,PRODUKSI MEDIA,D4,31,0,0,Tidak Ada
321,321080,13211080,KECERDASAN ARTIFISIAL,S1,12,1,0,Tidak Ada
322,322001,13221001,SOSIAL EKONOMI PERTANIAN / AGRIBISNIS,S1,31,0,0,Tidak Ada
322,322002,13221002,TEKNIK INFORMATIKA,S1,31,0,0,Tidak Ada
322,322003,13221003,SISTEM INFORMASI,S1,37,0,0,Tidak Ada
322,322004,13221004,MATEMATIKA,S1,31,0,0,Tidak Ada
322,322005,13221005,BIOLOGI,S1,31,0,0,Tidak Ada
322,322006,13221006,KIMIA,S1,37,0,0,Tidak Ada
322,322007,13221007,FISIKA,S1,28,0,0,Tidak Ada
322,322008,13221008,KESEHATAN MASYARAKAT,S1,37,0,0,Tidak Ada
322,322009,13221009,FARMASI,S1,31,0,0,Tidak Ada
322,322010,13221010,ILMU KEPERAWATAN,S1,31,0,0,Tidak Ada
322,322011,13221011,PENDIDIKAN DOKTER,S1,31,0,0,Tidak Ada
322,322012,13221012,PENDIDIKAN MATEMATIKA,S1,50,0,0,Tidak Ada
322,322014,13221014,PENDIDIKAN KIMIA,S1,50,0,0,Tidak Ada
322,322016,13221016,TEKNIK PERTAMBANGAN,S1,25,0,0,Tidak Ada
322,322017,13221017,AKUNTANSI,S1,40,0,0,Tidak Ada
322,322020,13221020,ILMU EKONOMI DAN STUDI PEMBANGUNAN,S1,32,0,0,Tidak Ada
322,322021,13221021,ILMU HUBUNGAN INTERNASIONAL,S1,36,0,0,Tidak Ada
322,322022,13221022,ILMU HUKUM,S1,40,0,0,Tidak Ada
322,322023,13221023,ILMU PERPUSTAKAAN,S1,37,0,0,Tidak Ada
322,322025,13221025,JURNALISTIK,S1,39,0,0,Tidak Ada
322,322026,13221026,MANAJEMEN,S1,52,0,0,Tidak Ada
322,322028,13221028,ILMU POLITIK,S1,40,0,0,Tidak Ada
322,322030,13221030,KESEJAHTERAAN SOSIAL,S1,36,0,0,Tidak Ada
322,322031,13221031,PSIKOLOGI,S1,73,0,0,Tidak Ada
322,322044,13221044,SOSIOLOGI,S1,40,0,0,Tidak Ada
322,322045,13221045,BAHASA DAN SASTRA INGGRIS,S1,37,0,0,Tidak Ada
323,323001,13231001,PENDIDIKAN MATEMATIKA,S1,24,0,0,Tidak Ada
323,323002,13231002,PENDIDIKAN FISIKA,S1,16,0,0,Tidak Ada
323,323003,13231003,PENDIDIKAN KIMIA,S1,19,0,0,Tidak Ada
323,323004,13231004,PENDIDIKAN BIOLOGI,S1,24,0,0,Tidak Ada
323,323005,13231005,MATEMATIKA,S1,20,0,0,Tidak Ada
323,323006,13231006,FISIKA,S1,20,0,0,Tidak Ada
323,323007,13231007,KIMIA,S1,20,0,0,Tidak Ada
323,323008,13231008,BIOLOGI,S1,24,0,0,Tidak Ada
323,323009,13231009,PENDIDIKAN TEKNIK ELEKTRO,S1,18,0,0,Tidak Ada
323,323010,13231010,PENDIDIKAN TEKNIK MESIN,S1,18,0,0,Tidak Ada
323,323011,13231011,PENDIDIKAN TEKNIK BANGUNAN,S1,18,0,0,Tidak Ada
323,323012,13231012,ILMU KEOLAHRAGAAN,S1,24,0,1,Olahraga
323,323013,13231013,PENDIDIKAN TEKNIK INFORMATIKA DAN KOMPUTER,S1,17,0,0,Tidak Ada
323,323014,13231014,PENDIDIKAN TEKNIK ELEKTRONIKA,S1,18,0,0,Tidak Ada
323,323015,13231015,ILMU KOMPUTER,S1,16,0,0,Tidak Ada
323,323016,13231016,STATISTIKA,S1,16,0,0,Tidak Ada
323,323017,13231017,REKAYASA KESELAMATAN KEBAKARAN,S1,12,0,0,Tidak Ada
323,323018,13231018,TEKNIK MESIN,S1,18,0,0,Tidak Ada
323,323019,13231019,SISTEM DAN TEKNOLOGI INFORMASI,S1,12,0,0,Tidak Ada
323,323020,13231020,TEKNOLOGI PENDIDIKAN,S1,27,0,0,Tidak Ada
323,323021,13231021,PENDIDIKAN KHUSUS,S1,30,0,0,Tidak Ada
323,323022,13231022,MANAJEMEN PENDIDIKAN,S1,30,0,0,Tidak Ada
323,323023,13231023,PENDIDIKAN MASYARAKAT,S1,30,0,0,Tidak Ada
323,323024,13231024,PEND. GURU PAUD,S1,24,0,0,Tidak Ada
323,323025,13231025,BIMBINGAN & KONSELING,S1,26,0,0,Tidak Ada
323,323026,13231026,PENDIDIKAN GURU SEKOLAH DASAR,S1,39,0,0,Tidak Ada
323,323027,13231027,PSIKOLOGI,S1,89,0,0,Tidak Ada
323,323028,13231028,PENDIDIKAN BAHASA INDONESIA,S1,24,0,0,Tidak Ada
323,323029,13231029,SASTRA INDONESIA,S1,24,0,0,Tidak Ada
323,323030,13231030,PENDIDIKAN BAHASA INGGRIS,S1,30,0,0,Tidak Ada
323,323031,13231031,SASTRA INGGRIS,S1,40,0,0,Tidak Ada
323,323032,13231032,PENDIDIKAN BAHASA PRANCIS,S1,24,0,0,Tidak Ada
323,323033,13231033,PENDIDIKAN BAHASA JERMAN,S1,24,0,0,Tidak Ada
323,323034,13231034,PENDIDIKAN BAHASA ARAB,S1,40,0,0,Tidak Ada
323,323035,13231035,PENDIDIKAN BAHASA JEPANG,S1,24,0,0,Tidak Ada
323,323036,13231036,PENDIDIKAN TARI,S1,24,0,5,Tari
323,323037,13231037,PENDIDIKAN MUSIK,S1,15,0,6,Musik
323,323038,13231038,PENDIDIKAN SENI RUPA,S1,15,0,2,"Seni Rupa, Desain, dan Kriya"
323,323039,13231039,PENDIDIKAN PANCASILA & KEWARGANEGARAAN,S1,24,0,0,Tidak Ada
323,323040,13231040,PENDIDIKAN GEOGRAFI,S1,24,0,0,Tidak Ada
323,323041,13231041,PENDIDIKAN SEJARAH,S1,24,0,0,Tidak Ada
323,323042,13231042,PENDIDIKAN AGAMA ISLAM,S1,30,0,0,Tidak Ada
323,323043,13231043,SOSIOLOGI,S1,16,0,0,Tidak Ada
323,323044,13231044,PENDIDIKAN SOSIOLOGI,S1,24,0,0,Tidak Ada
323,323045,13231045,PENDIDIKAN KESEJAHTERAAN KELUARGA,S1,12,0,0,Tidak Ada
323,323046,13231046,PENDIDIKAN JASMANI,S1,59,0,1,Olahraga
323,323047,13231047,PENDIDIKAN KEPELATIHAN  OLAHRAGA,S1,36,0,1,Olahraga
323,323048,13231048,PENDIDIKAN EKONOMI,S1,29,0,0,Tidak Ada
323,323049,13231049,MANAJEMEN,S1,47,0,0,Tidak Ada
323,323050,13231050,AKUNTANSI,S1,39,0,0,Tidak Ada
323,323051,13231051,PENDIDIKAN ILMU PENGETAHUAN SOSIAL,S1,24,0,0,Tidak Ada
323,323052,13231052,PENDIDIKAN TATA BOGA,S1,12,0,0,Tidak Ada
323,323053,13231053,PENDIDIKAN TATA BUSANA,S1,12,0,0,Tidak Ada
323,323054,13231054,PENDIDIKAN TATA RIAS,S1,18,0,0,Tidak Ada
323,323055,13231055,PENDIDIKAN BISNIS,S1,29,0,0,Tidak Ada
323,323056,13231056,PENDIDIKAN BAHASA MANDARIN,S1,18,0,0,Tidak Ada
323,323057,13231057,PENDIDIKAN ADMINISTRASI PERKANTORAN,S1,29,0,0,Tidak Ada
323,323058,13231058,OLAHRAGA REKREASI,S1,30,0,1,Olahraga
323,323059,13231059,KEPELATIHAN KECABANGAN OLAHRAGA,S1,27,0,1,Olahraga
323,323060,13231060,ILMU KOMUNIKASI,S1,16,0,0,Tidak Ada
323,323061,13231061,GEOGRAFI,S1,20,0,0,Tidak Ada
323,323062,13231062,BISNIS DIGITAL,S1,36,0,0,Tidak Ada
323,323063,13231063,PENDIDIKAN AKUNTANSI,S1,33,0,0,Tidak Ada
323,323064,13232064,HUBUNGAN MASYARAKAT DAN KOMUNIKASI DIGITAL,D4,30,0,0,Tidak Ada
323,323065,13232065,USAHA PERJALANAN WISATA,D4,24,0,0,Tidak Ada
323,323066,13232066,TEKNOLOGI REKAYASA OTOMASI,D4,18,0,0,Tidak Ada
323,323067,13232067,TEKNOLOGI REKAYASA MANUFAKTUR,D4,12,0,0,Tidak Ada
323,323068,13232068,TEKNOLOGI REKAYASA KONSTRUKSI BANGUNAN GEDUNG,D4,16,0,0,Tidak Ada
323,323069,13232069,MANAJEMEN PELABUHAN DAN LOGISTIK MARITIM,D4,12,0,0,Tidak Ada
323,323070,13232070,SENI KULINER DAN PENGOLAHAN JASA MAKANAN,D4,12,0,0,Tidak Ada
323,323071,13232071,DESAIN MODE,D4,12,0,0,Tidak Ada
323,323072,13232072,KOSMETIK DAN PERAWATAN KECANTIKAN,D4,18,0,0,Tidak Ada
323,323073,13232073,PEMASARAN DIGITAL,D4,29,0,0,Tidak Ada
323,323074,13232074,ADMINISTRASI PERKANTORAN DIGITAL,D4,29,0,0,Tidak Ada
323,323075,13232075,AKUNTANSI SEKTOR PUBLIK,D4,29,0,0,Tidak Ada
323,323076,13231076,PERPUSTAKAAN DAN SAINS INFORMASI,S1,16,0,0,Tidak Ada
323,323077,13231077,ILMU HUKUM,S1,20,0,0,Tidak Ada
323,323078,13231078,EKONOMI DAN KEUANGAN ISLAM,S1,16,1,0,Tidak Ada
323,323079,13231079,ILMU EKONOMI,S1,16,1,0,Tidak Ada
324,324001,13241001,TEKNIK MESIN,S1,28,0,0,Tidak Ada
324,324002,13241002,TEKNIK PERKAPALAN,S1,14,0,0,Tidak Ada
324,324003,13241003,TEKNIK INDUSTRI,S1,28,0,0,Tidak Ada
324,324004,13241004,INFORMATIKA,S1,42,0,0,Tidak Ada
324,324005,13241005,SISTEM INFORMASI,S1,42,0,0,Tidak Ada
324,324006,13241006,KEDOKTERAN,S1,41,0,0,Tidak Ada
324,324007,13241007,KEPERAWATAN,S1,28,0,0,Tidak Ada
324,324008,13241008,KESEHATAN MASYARAKAT,S1,42,0,0,Tidak Ada
324,324009,13241009,GIZI,S1,28,0,0,Tidak Ada
324,324010,13241010,TEKNIK ELEKTRO,S1,24,0,0,Tidak Ada
324,324011,13241011,FARMASI,S1,12,0,0,Tidak Ada
324,324012,13241012,FISIOTERAPI,S1,14,0,0,Tidak Ada
324,324013,13241013,MANAJEMEN,S1,64,0,0,Tidak Ada
324,324014,13241014,AKUNTANSI,S1,64,0,0,Tidak Ada
324,324015,13241015,HUBUNGAN INTERNASIONAL,S1,48,0,0,Tidak Ada
324,324016,13241016,ILMU KOMUNIKASI,S1,72,0,0,Tidak Ada
324,324017,13241017,HUKUM,S1,96,0,0,Tidak Ada
324,324018,13241018,EKONOMI PEMBANGUNAN,S1,24,0,0,Tidak Ada
324,324019,13241019,EKONOMI SYARIAH,S1,24,0,0,Tidak Ada
324,324020,13241020,ILMU POLITIK,S1,40,0,0,Tidak Ada
324,324021,13243021,KEPERAWATAN,D3,14,0,0,Tidak Ada
324,324022,13243022,FISIOTERAPI,D3,14,0,0,Tidak Ada
324,324024,13243024,SISTEM INFORMASI,D3,28,0,0,Tidak Ada
324,324025,13243025,PERBANKAN DAN KEUANGAN ,D3,24,0,0,Tidak Ada
324,324026,13243026,AKUNTANSI,D3,24,0,0,Tidak Ada
324,324028,13241028,SAINS INFORMASI,S1,24,0,0,Tidak Ada
324,324029,13241029,"KAJIAN FILM, TELEVISI, DAN MEDIA",S1,8,0,0,Tidak Ada
324,324030,13241030,SAINS DATA,S1,7,0,0,Tidak Ada
324,324031,13241031,BIOLOGI,S1,6,1,0,Tidak Ada
324,324032,13241032,HUKUM BISNIS,S1,16,1,0,Tidak Ada
329,329028,13291028,SISTEM INFORMASI (UT BOGOR),S1,37,1,0,Tidak Ada
329,329029,13291029,SISTEM INFORMASI (UT YOGYAKARTA),S1,37,1,0,Tidak Ada
329,329030,13291030,ILMU KOMUNIKASI (UT BANDUNG),S1,37,1,0,Tidak Ada
329,329031,13291031,ILMU KOMUNIKASI (UT PALEMBANG),S1,37,1,0,Tidak Ada
329,329032,13291032,ILMU HUKUM (UT PALU),S1,37,1,0,Tidak Ada
329,329033,13291033,AKUNTANSI (UT JEMBER),S1,37,1,0,Tidak Ada
329,329034,13291034,MANAJEMEN (UT BOGOR),S1,37,1,0,Tidak Ada
329,329035,13291035,PENDIDIKAN GURU SEKOLAH DASAR (UT BANDUNG),S1,37,1,0,Tidak Ada
329,329036,13291036,TEKNOLOGI PENDIDIKAN (UT SURABAYA),S1,37,1,0,Tidak Ada
329,329037,13292037,KEARSIPAN (UT JEMBER),D4,37,1,0,Tidak Ada
331,331001,13311001,AGROTEKNOLOGI,S1,81,0,0,Tidak Ada
331,331002,13311002,TEKNIK INDUSTRI,S1,70,0,0,Tidak Ada
331,331003,13311003,TEKNIK MESIN,S1,49,0,0,Tidak Ada
331,331004,13311004,TEKNIK ELEKTRO,S1,48,0,0,Tidak Ada
331,331005,13311005,INFORMATIKA,S1,38,0,0,Tidak Ada
331,331006,13311006,PEND. MATEMATIKA,S1,72,0,0,Tidak Ada
331,331007,13311007,AGRIBISNIS,S1,60,0,0,Tidak Ada
331,331008,13311008,FARMASI,S1,40,0,0,Tidak Ada
331,331009,13311009,GIZI,S1,40,0,0,Tidak Ada
331,331010,13311010,TEKNIK KIMIA,S1,30,0,0,Tidak Ada
331,331011,13311011,ILMU KEOLAHRAGAAN,S1,40,0,1,Olahraga
331,331012,13311012,SISTEM INFORMASI,S1,33,0,0,Tidak Ada
331,331013,13311013,TEKNIK LINGKUNGAN,S1,30,0,0,Tidak Ada
331,331014,13311014,ILMU HUKUM,S1,126,0,0,Tidak Ada
331,331015,13311015,MANAJEMEN,S1,105,0,0,Tidak Ada
331,331016,13311016,AKUNTANSI,S1,97,0,0,Tidak Ada
331,331017,13311017,PENDIDIKAN MASYARAKAT,S1,42,0,0,Tidak Ada
331,331018,13311018,PEND. BAHASA INGGRIS,S1,71,0,0,Tidak Ada
331,331019,13311019,"PEND. JASMANI, KESEHATAN DAN REKREASI",S1,70,0,1,Olahraga
331,331020,13311020,PEND. BAHASA DAN SASTRA INDONESIA,S1,70,0,0,Tidak Ada
331,331021,13311021,ILMU PEMERINTAHAN,S1,70,0,0,Tidak Ada
331,331022,13311022,ILMU KOMUNIKASI,S1,70,0,0,Tidak Ada
331,331023,13311023,HUBUNGAN INTERNASIONAL,S1,37,0,0,Tidak Ada
331,331024,13313024,AKUNTANSI,D3,48,0,0,Tidak Ada
331,331025,13313025,TEKNIK MESIN,D3,28,0,0,Tidak Ada
331,331026,13313026,KEBIDANAN,D3,28,0,0,Tidak Ada
331,331027,13311027,ADMINISTRASI RUMAH SAKIT,S1,40,0,0,Tidak Ada
331,331028,13311028,TEKNIK SIPIL,S1,30,0,0,Tidak Ada
331,331029,13311029,FISIKA,S1,20,0,0,Tidak Ada
331,331030,13311030,KIMIA,S1,20,1,0,Tidak Ada
331,331031,13311031,ARSITEKTUR,S1,20,1,0,Tidak Ada
331,331032,13311032,STATISTIKA,S1,20,1,0,Tidak Ada
331,331033,13311033,TEKNOLOGI INDUSTRI PERTANIAN,S1,24,1,0,Tidak Ada
331,331034,13311034,KEBIDANAN,S1,24,1,0,Tidak Ada
332,332001,13321001,FAKULTAS ILMU DAN TEKNOLOGI KEBUMIAN (FITB),S1,90,0,0,Tidak Ada
332,332002,13321002,FAKULTAS TEKNIK PERTAMBANGAN DAN PERMINYAKAN (FTTM),S1,80,0,0,Tidak Ada
332,332005,13321005,SEKOLAH FARMASI (SF),S1,40,0,0,Tidak Ada
332,332006,13321006,SEKOLAH ILMU DAN TEKNOLOGI HAYATI - SAINS (SITH-S),S1,30,0,0,Tidak Ada
332,332009,13321009,FAKULTAS TEKNIK MESIN DAN DIRGANTARA (FTMD),S1,70,0,0,Tidak Ada
332,332012,13321012,SEKOLAH ILMU DAN TEKNOLOGI HAYATI - REKAYASA (SITH-R),S1,50,0,0,Tidak Ada
332,332015,13321015,FAKULTAS TEKNOLOGI INDUSTRI - KAMPUS CIREBON (FTI-C),S1,22,0,0,Tidak Ada
332,332017,13321017,FAKULTAS TEKNIK PERTAMBANGAN DAN PERMINYAKAN - KAMPUS CIREBON (FTTM-C),S1,50,0,0,Tidak Ada
332,332018,13321018,FAKULTAS ILMU DAN TEKNOLOGI KEBUMIAN - KAMPUS CIREBON (FITB-C),S1,20,0,0,Tidak Ada
332,332019,13321019,FAKULTAS MATEMATIKA DAN ILMU PENGETAHUAN ALAM - MATEMATIKA (FMIPA-M),S1,40,0,0,Tidak Ada
332,332020,13321020,FAKULTAS MATEMATIKA DAN ILMU PENGETAHUAN ALAM - IPA (FMIPA-IPA),S1,70,0,0,Tidak Ada
332,332021,13321021,SEKOLAH TEKNIK ELEKTRO DAN INFORMATIKA - KOMPUTASI (STEI-K),S1,45,0,0,Tidak Ada
332,332022,13321022,SEKOLAH TEKNIK ELEKTRO DAN INFORMATIKA - REKAYASA (STEI-R),S1,50,0,0,Tidak Ada
332,332023,13321023,FAKULTAS SENIRUPA DAN DESAIN (FSRD),S1,80,0,2,"Seni Rupa, Desain, dan Kriya"
332,332024,13321024,SEKOLAH BISNIS DAN MANAJEMEN (SBM),S1,40,0,0,Tidak Ada
332,332025,13321025,FAKULTAS SENIRUPA DAN DESAIN - KAMPUS CIREBON (FSRD-C),S1,34,0,2,"Seni Rupa, Desain, dan Kriya"
332,332026,13321026,"FAKULTAS TEKNIK SIPIL DAN LINGKUNGAN - INFRASTRUKTUR SIPIL, LINGKUNGAN, DAN KELAUTAN",S1,60,0,0,Tidak Ada
332,332027,13321027,FAKULTAS TEKNIK SIPIL DAN LINGKUNGAN - INFRASTRUKTUR SUMBER DAYA AIR DAN SANITASI LINGKUNGAN,S1,26,0,0,Tidak Ada
332,332028,13321028,FAKULTAS TEKNOLOGI INDUSTRI - SISTEM DAN PROSES (FTI-SP),S1,75,0,0,Tidak Ada
332,332029,13321029,FAKULTAS TEKNOLOGI INDUSTRI - REKAYASA INDUSTRI (FTI-RI),S1,40,0,0,Tidak Ada
332,332034,13321034,SEKOLAH ILMU DAN TEKNOLOGI HAYATI - KAMPUS CIREBON (SITH-C),S1,12,0,0,Tidak Ada
332,332036,13321036,ARSITEKTUR,S1,20,1,0,Tidak Ada
332,332037,13321037,PERENCANAAN WILAYAH DAN KOTA,S1,25,1,0,Tidak Ada
332,332038,13321038,PERENCANAAN WILAYAH DAN KOTA - KAMPUS CIREBON,S1,20,1,0,Tidak Ada
333,333001,13331001,PENDIDIKAN DOKTER,S1,67,0,0,Tidak Ada
333,333002,13331002,MATEMATIKA,S1,34,0,0,Tidak Ada
333,333003,13331003,KIMIA,S1,40,0,0,Tidak Ada
333,333004,13331004,FISIKA,S1,34,0,0,Tidak Ada
333,333005,13331005,BIOLOGI,S1,40,0,0,Tidak Ada
333,333006,13331006,STATISTIKA,S1,33,0,0,Tidak Ada
333,333007,13331007,AGROTEKNOLOGI,S1,134,0,0,Tidak Ada
333,333008,13331008,AGRIBISNIS,S1,41,0,0,Tidak Ada
333,333009,13331009,PENDIDIKAN DOKTER GIGI,S1,30,0,0,Tidak Ada
333,333010,13331010,ILMU PETERNAKAN,S1,122,0,0,Tidak Ada
333,333011,13331011,PERIKANAN,S1,69,0,0,Tidak Ada
333,333012,13331012,ILMU KEPERAWATAN,S1,58,0,0,Tidak Ada
333,333013,13331013,ILMU KELAUTAN,S1,43,0,0,Tidak Ada
333,333014,13331014,TEKNOLOGI  PANGAN,S1,41,0,0,Tidak Ada
333,333015,13331015,TEKNIK PERTANIAN,S1,48,0,0,Tidak Ada
333,333016,13331016,FARMASI,S1,50,0,0,Tidak Ada
333,333017,13331017,TEKNIK GEOLOGI,S1,54,0,0,Tidak Ada
333,333018,13331018,PSIKOLOGI,S1,47,0,0,Tidak Ada
333,333019,13331019,GEOFISIKA,S1,22,0,0,Tidak Ada
333,333020,13331020,TEKNIK INFORMATIKA,S1,23,0,0,Tidak Ada
333,333021,13331021,TEKNOLOGI INDUSTRI PERTANIAN,S1,28,0,0,Tidak Ada
333,333022,13331022,TEKNIK ELEKTRO,S1,30,0,0,Tidak Ada
333,333023,13331023,KEDOKTERAN HEWAN,S1,12,0,0,Tidak Ada
333,333028,13331028,ILMU AKTUARIA,S1,13,0,0,Tidak Ada
333,333030,13331030,PERIKANAN PSDKU PANGANDARAN,S1,23,0,0,Tidak Ada
333,333031,13331031,PETERNAKAN PSDKU PANGANDARAN,S1,13,0,0,Tidak Ada
333,333032,13331032,KEPERAWATAN PSDKU PANGANDARAN,S1,18,0,0,Tidak Ada
333,333033,13331033,ILMU HUKUM,S1,88,0,0,Tidak Ada
333,333034,13331034,AKUNTANSI,S1,32,0,0,Tidak Ada
333,333035,13331035,ILMU EKONOMI,S1,41,0,0,Tidak Ada
333,333036,13331036,MANAJEMEN,S1,33,0,0,Tidak Ada
333,333037,13331037,ADMINISTRASI PUBLIK,S1,27,0,0,Tidak Ada
333,333038,13331038,ILMU HUBUNGAN INTERNASIONAL,S1,28,0,0,Tidak Ada
333,333039,13331039,ILMU KESEJAHTERAAN SOSIAL,S1,22,0,0,Tidak Ada
333,333040,13331040,ILMU PEMERINTAHAN,S1,21,0,0,Tidak Ada
333,333041,13331041,ANTROPOLOGI,S1,13,0,0,Tidak Ada
333,333042,13331042,ILMU ADMINISTRASI BISNIS,S1,30,0,0,Tidak Ada
333,333043,13331043,SASTRA INDONESIA,S1,37,0,0,Tidak Ada
333,333044,13331044,SASTRA SUNDA,S1,20,0,0,Tidak Ada
333,333045,13331045,ILMU SEJARAH,S1,38,0,0,Tidak Ada
333,333046,13331046,SASTRA INGGRIS,S1,28,0,0,Tidak Ada
333,333047,13331047,SASTRA PERANCIS,S1,22,0,0,Tidak Ada
333,333048,13331048,SASTRA JEPANG,S1,39,0,0,Tidak Ada
333,333049,13331049,SASTRA RUSIA,S1,21,0,0,Tidak Ada
333,333050,13331050,SASTRA JERMAN,S1,19,0,0,Tidak Ada
333,333051,13331051,SASTRA ARAB,S1,38,0,0,Tidak Ada
333,333052,13331052,ILMU KOMUNIKASI,S1,31,0,0,Tidak Ada
333,333053,13331053,PERPUSTAKAAN DAN SAINS INFORMASI,S1,40,0,0,Tidak Ada
333,333054,13331054,SOSIOLOGI,S1,14,0,0,Tidak Ada
333,333055,13331055,ILMU POLITIK,S1,16,0,0,Tidak Ada
333,333056,13331056,HUBUNGAN MASYARAKAT,S1,27,0,0,Tidak Ada
333,333057,13331057,EKONOMI ISLAM,S1,50,0,0,Tidak Ada
333,333058,13331058,MANAJEMEN KOMUNIKASI,S1,34,0,0,Tidak Ada
333,333059,13331059,JURNALISTIK,S1,33,0,0,Tidak Ada
333,333060,13331060,TELEVISI DAN FILM,S1,34,0,0,Tidak Ada
333,333064,13331064,BISNIS DIGITAL,S1,25,0,0,Tidak Ada
333,333065,13331065,ADMINISTRASI BISNIS PSDKU PANGANDARAN,S1,13,0,0,Tidak Ada
333,333066,13331066,ILMU KOMUNIKASI PSDKU PANGANDARAN,S1,16,0,0,Tidak Ada
333,333067,13332067,AKUNTANSI PERPAJAKAN,D4,30,0,0,Tidak Ada
333,333068,13332068,AKUNTANSI SEKTOR PUBLIK,D4,39,0,0,Tidak Ada
333,333069,13332069,BISNIS INTERNASIONAL,D4,20,0,0,Tidak Ada
333,333070,13332070,PEMASARAN DIGITAL,D4,13,0,0,Tidak Ada
333,333071,13332071,KEBIDANAN,D4,10,0,0,Tidak Ada
333,333072,13332072,TEKNOLOGI INDUSTRI KIMIA,D4,18,0,0,Tidak Ada
333,333073,13332073,AGROTEKNOPRENEUR,D4,25,0,0,Tidak Ada
333,333074,13332074,ADMINISTRASI KEUANGAN PUBLIK,D4,19,0,0,Tidak Ada
333,333075,13332075,ADMINISTRASI PEMERINTAHAN,D4,16,0,0,Tidak Ada
333,333076,13332076,BISNIS LOGISTIK,D4,17,0,0,Tidak Ada
333,333077,13332077,KEARSIPAN DIGITAL,D4,11,0,0,Tidak Ada
333,333078,13332078,BAHASA DAN BUDAYA TIONGKOK,D4,16,0,0,Tidak Ada
333,333079,13332079,MANAJEMEN PRODUKSI MEDIA,D4,25,0,0,Tidak Ada
333,333080,13332080,PARIWISATA BAHARI,D4,39,0,0,Tidak Ada
333,333081,13331081,REKAYASA KOSMETIK,S1,12,1,0,Tidak Ada
334,334001,13341001,PENDIDIKAN MATEMATIKA,S1,19,0,0,Tidak Ada
334,334002,13341002,PENDIDIKAN FISIKA,S1,45,0,0,Tidak Ada
334,334003,13341003,PENDIDIKAN BIOLOGI,S1,23,0,0,Tidak Ada
334,334004,13341004,PENDIDIKAN KIMIA,S1,16,0,0,Tidak Ada
334,334005,13341005,PENDIDIKAN ILMU KOMPUTER,S1,30,0,0,Tidak Ada
334,334006,13341006,MATEMATIKA,S1,17,0,0,Tidak Ada
334,334007,13341007,FISIKA,S1,32,0,0,Tidak Ada
334,334008,13341008,BIOLOGI,S1,20,0,0,Tidak Ada
334,334009,13341009,KIMIA,S1,20,0,0,Tidak Ada
334,334010,13341010,ILMU KOMPUTER,S1,16,0,0,Tidak Ada
334,334011,13341011,PENDIDIKAN TEKNIK ARSITEKTUR,S1,17,0,0,Tidak Ada
334,334012,13341012,PENDIDIKAN TEKNIK BANGUNAN,S1,31,0,0,Tidak Ada
334,334013,13341013,PENDIDIKAN TEKNIK ELEKTRO,S1,31,0,0,Tidak Ada
334,334014,13341014,PENDIDIKAN TEKNIK MESIN,S1,35,0,0,Tidak Ada
334,334015,13341015,ILMU KEOLAHRAGAAN,S1,67,0,1,Olahraga
334,334016,13341016,TEKNIK ELEKTRO,S1,17,0,0,Tidak Ada
334,334017,13341017,PENDIDIKAN TEKNOLOGI AGRO INDUSTRI ,S1,28,0,0,Tidak Ada
334,334018,13341018,TEKNIK SIPIL,S1,46,0,0,Tidak Ada
334,334019,13341019,PENDIDIKAN ILMU PENGETAHUAN ALAM,S1,17,0,0,Tidak Ada
334,334020,13341020,ARSITEKTUR,S1,25,0,0,Tidak Ada
334,334021,13341021,PENDIDIKAN KELAUTAN DAN PERIKANAN KAMPUS SERANG,S1,60,0,0,Tidak Ada
334,334022,13341022,PENDIDIKAN MULTIMEDIA KAMPUS CIBIRU,S1,29,0,0,Tidak Ada
334,334023,13341023,PENDIDIKAN SISTEM DAN TEKNOLOGI INFORMASI KAMPUS PURWAKARTA,S1,40,0,0,Tidak Ada
334,334024,13341024,PENDIDIKAN TEKNIK OTOMOTIF,S1,16,0,0,Tidak Ada
334,334025,13341025,SISTEM INFORMASI KELAUTAN KAMPUS SERANG,S1,41,0,0,Tidak Ada
334,334026,13341026,KEPELATIHAN FISIK OLAHRAGA,S1,41,0,1,Olahraga
334,334027,13341027,REKAYASA PERANGKAT LUNAK (KAMPUS UPI CIBIRU),S1,35,0,0,Tidak Ada
334,334028,13341028,SISTEM TELEKOMUNIKASI (KAMPUS UPI PURWAKARTA),S1,38,0,0,Tidak Ada
334,334029,13341029,KEPERAWATAN - KAMPUS SUMEDANG,S1,48,0,0,Tidak Ada
334,334030,13341030,TEKNIK LOGISTIK,S1,16,0,0,Tidak Ada
334,334031,13341031,PENDIDIKAN TEKNIK OTOMASI INDUSTRI DAN ROBOTIKA,S1,30,0,0,Tidak Ada
334,334032,13341032,TEKNIK KOMPUTER - KAMPUS CIBIRU,S1,23,0,0,Tidak Ada
334,334033,13341033,LOGISTIK KELAUTAN - KAMPUS SERANG,S1,40,0,0,Tidak Ada
334,334034,13341034,GIZI,S1,46,0,0,Tidak Ada
334,334035,13341035,MEKATRONIKA DAN KECERDASAN BUATAN - KAMPUS UPI DI PURWAKARTA,S1,42,0,0,Tidak Ada
334,334036,13342036,SURVEI PEMETAAN DAN INFORMASI GEOGRAFIS,D4,33,0,0,Tidak Ada
334,334037,13341037,KEPERAWATAN,S1,29,0,0,Tidak Ada
334,334038,13341038,ADMINISTRASI PENDIDIKAN,S1,31,0,0,Tidak Ada
334,334039,13341039,BIMBINGAN DAN KONSELING,S1,54,0,0,Tidak Ada
334,334040,13341040,PENDIDIKAN MASYARAKAT,S1,38,0,0,Tidak Ada
334,334041,13341041,PENDIDIKAN KHUSUS,S1,26,0,0,Tidak Ada
334,334042,13341042,TEKNOLOGI PENDIDIKAN,S1,32,0,0,Tidak Ada
334,334043,13341043,PSIKOLOGI,S1,48,0,0,Tidak Ada
334,334044,13341044,PKN,S1,29,0,0,Tidak Ada
334,334045,13341045,PENDIDIKAN SEJARAH,S1,23,0,0,Tidak Ada
334,334046,13341046,PENDIDIKAN GEOGRAFI,S1,35,0,0,Tidak Ada
334,334047,13341047,ILMU PENDIDIKAN AGAMA ISLAM,S1,50,0,0,Tidak Ada
334,334048,13341048,MANAJEMEN RESORT DAN LEISURE,S1,29,0,0,Tidak Ada
334,334049,13341049,MANAJEMEN PEMASARAN PARIWISATA,S1,18,0,0,Tidak Ada
334,334050,13341050,MANAJEMEN INDUSTRI KATERING,S1,26,0,0,Tidak Ada
334,334051,13341051,PENDIDIKAN BHS.DAN SASTRA INDONESIA,S1,24,0,0,Tidak Ada
334,334052,13341052,PENDIDIKAN BAHASA SUNDA,S1,45,0,0,Tidak Ada
334,334053,13341053,PENDIDIKAN BAHASA INGGRIS,S1,27,0,0,Tidak Ada
334,334054,13341054,PENDIDIKAN BAHASA ARAB,S1,27,0,0,Tidak Ada
334,334055,13341055,PENDIDIKAN BAHASA JEPANG,S1,27,0,0,Tidak Ada
334,334056,13341056,PENDIDIKAN BAHASA JERMAN,S1,32,0,0,Tidak Ada
334,334057,13341057,PENDIDIKAN BAHASA PERANCIS,S1,16,0,0,Tidak Ada
334,334058,13341058,PENDIDIKAN SENI RUPA DAN KERAJINAN,S1,31,0,2,"Seni Rupa, Desain, dan Kriya"
334,334059,13341059,PENDIDIKAN SENI TARI,S1,39,0,5,Tari
334,334060,13341060,PENDIDIKAN SENI MUSIK,S1,48,0,6,Musik
334,334061,13341061,BAHASA DAN SASTRA INGGRIS,S1,54,0,0,Tidak Ada
334,334062,13341062,BAHASA DAN SASTRA INDONESIA,S1,36,0,0,Tidak Ada
334,334063,13341063,PENDIDIKAN KESEJAHTERAAN KELUARGA,S1,24,0,0,Tidak Ada
334,334064,13341064,PENDIDIKAN TATA BOGA,S1,16,0,0,Tidak Ada
334,334065,13341065,PENDIDIKAN TATA BUSANA,S1,24,0,0,Tidak Ada
334,334066,13341066,PENDIDIKAN KEPELATIHAN OLAHRAGA,S1,45,0,1,Olahraga
334,334067,13341067,PEND. JASMANI KESEHATAN & REKREASI (PJKR),S1,101,0,1,Olahraga
334,334068,13341068,PENDIDIKAN AKUNTANSI,S1,25,0,0,Tidak Ada
334,334069,13341069,PENDIDIKAN BISNIS,S1,25,0,0,Tidak Ada
334,334070,13341070,PENDIDIKAN MANAJEMEN PERKANTORAN,S1,29,0,0,Tidak Ada
334,334071,13341071,PENDIDIKAN EKONOMI,S1,25,0,0,Tidak Ada
334,334072,13341072,MANAJEMEN,S1,25,0,0,Tidak Ada
334,334073,13341073,AKUNTANSI,S1,24,0,0,Tidak Ada
334,334074,13341074,PERPUSTAKAAN DAN SAINS INFORMASI,S1,29,0,0,Tidak Ada
334,334075,13341075,PENDIDIKAN IPS,S1,35,0,0,Tidak Ada
334,334076,13341076,PENDIDIKAN SOSIOLOGI,S1,29,0,0,Tidak Ada
334,334077,13341077,PGSD PEND. JASMANI KAMPUS BUMI SILIWANGI,S1,60,0,1,Olahraga
334,334078,13341078,PGSD KAMPUS CIBIRU,S1,72,0,0,Tidak Ada
334,334079,13341079,PGPAUD KAMPUS CIBIRU,S1,64,0,0,Tidak Ada
334,334080,13341080,PGSD KAMPUS SUMEDANG,S1,48,0,0,Tidak Ada
334,334081,13341081,PGSD PENDIDIKAN JASMANI KAMPUS SUMEDANG,S1,78,0,1,Olahraga
334,334082,13341082,PGSD KAMPUS PURWAKARTA,S1,60,0,0,Tidak Ada
334,334083,13341083,PGSD KAMPUS TASIKMALAYA,S1,86,0,0,Tidak Ada
334,334084,13341084,PGSD KAMPUS SERANG,S1,60,0,0,Tidak Ada
334,334085,13341085,PGSD KAMPUS BUMI SILIWANGI,S1,64,0,0,Tidak Ada
334,334086,13341086,PGPAUD KAMPUS BUMI SILIWANGI,S1,23,0,0,Tidak Ada
334,334087,13341087,ILMU KOMUNIKASI,S1,23,0,0,Tidak Ada
334,334088,13341088,PGPAUD KAMPUS SERANG,S1,60,0,0,Tidak Ada
334,334089,13341089,ILMU EKONOMI DAN KEUANGAN ISLAM,S1,16,0,0,Tidak Ada
334,334090,13341090,PGPAUD KAMPUS TASIKMALAYA,S1,57,0,0,Tidak Ada
334,334091,13341091,PGPAUD KAMPUS PURWAKARTA,S1,39,0,0,Tidak Ada
334,334092,13341092,PENDIDIKAN BAHASA KOREA,S1,31,0,0,Tidak Ada
334,334093,13341093,KEWIRAUSAHAAN KAMPUS TASIKMALAYA,S1,33,0,0,Tidak Ada
334,334094,13341094,SAINS INFORMASI GEOGRAFI,S1,35,0,0,Tidak Ada
334,334095,13341095,DESAIN KOMUNIKASI VISUAL,S1,27,0,2,"Seni Rupa, Desain, dan Kriya"
334,334096,13341096,PENDIDIKAN PARIWISATA,S1,29,0,0,Tidak Ada
334,334097,13341097,FILM DAN TELEVISI,S1,20,0,8,Film dan Televisi
334,334098,13341098,BISNIS DIGITAL (KAMPUS UPI TASIKMALAYA),S1,40,0,0,Tidak Ada
334,334099,13341099,MUSIK,S1,46,0,6,Musik
334,334100,13341100,INDUSTRI PARIWISATA KAMPUS SUMEDANG,S1,72,0,0,Tidak Ada
334,334101,13341101,DESAIN PRODUK INDUSTRI - KAMPUS UPI DI TASIKMALAYA,S1,38,0,2,"Seni Rupa, Desain, dan Kriya"
334,334106,13341106,KEDOKTERAN,S1,10,0,0,Tidak Ada
334,334107,13341107,TEKNOLOGI PANGAN,S1,12,0,0,Tidak Ada
334,334108,13341108,TEKNIK ENERGI TERBARUKAN,S1,26,0,0,Tidak Ada
334,334109,13341109,TEKNIK KIMIA,S1,12,0,0,Tidak Ada
334,334110,13341110,ILMU HUKUM,S1,30,0,0,Tidak Ada
335,335001,13351001,TARI,S1,16,0,5,Tari
335,335002,13351002,KARAWITAN,S1,30,0,10,Seni Karawitan
335,335003,13351003,TEATER,S1,24,0,7,Teater
335,335004,13351004,SENI MURNI,S1,18,0,2,"Seni Rupa, Desain, dan Kriya"
335,335005,13351005,ANTROPOLOGI BUDAYA,S1,20,0,0,Tidak Ada
335,335006,13352006,ANGKLUNG DAN MUSIK BAMBU,D4,12,0,6,Musik
335,335007,13352007,TARI SUNDA,D4,7,0,5,Tari
335,335008,13352008,TELEVISI DAN FILM,D4,30,0,8,Film dan Televisi
335,335009,13352009,TATA RIAS DAN BUSANA,D4,14,0,2,"Seni Rupa, Desain, dan Kriya"
335,335011,13351011,KRIYA,S1,9,0,2,"Seni Rupa, Desain, dan Kriya"
335,335012,13351012,DESAIN KOMUNIKASI VISUAL,S1,9,0,2,"Seni Rupa, Desain, dan Kriya"
335,335013,13351013,DESAIN INTERIOR,S1,9,0,2,"Seni Rupa, Desain, dan Kriya"
336,336002,13361002,MATEMATIKA,S1,27,0,0,Tidak Ada
336,336003,13361003,BIOLOGI,S1,31,0,0,Tidak Ada
336,336004,13361004,FISIKA,S1,21,0,0,Tidak Ada
336,336005,13361005,KIMIA,S1,27,0,0,Tidak Ada
336,336006,13361006,TEKNIK INFORMATIKA,S1,40,0,0,Tidak Ada
336,336007,13361007,TEKNIK ELEKTRO,S1,27,0,0,Tidak Ada
336,336008,13361008,AGROTEKNOLOGI,S1,27,0,0,Tidak Ada
336,336012,13361012,SOSIOLOGI,S1,60,0,0,Tidak Ada
336,336014,13361014,ILMU HUKUM,S1,67,0,0,Tidak Ada
336,336015,13361015,MANAJEMEN,S1,81,0,0,Tidak Ada
336,336016,13361016,ADMINISTRASI PUBLIK,S1,60,0,0,Tidak Ada
336,336017,13361017,ILMU KOM. KONST. HUMAS,S1,54,0,0,Tidak Ada
336,336018,13361018,ILMU KOM. KONST. JURNALISTIK,S1,54,0,0,Tidak Ada
336,336019,13361019,BAHASA DAN SASTRA  INGGRIS,S1,81,0,0,Tidak Ada
336,336020,13361020,PSIKOLOGI,S1,79,0,0,Tidak Ada
336,336041,13361041,ILMU POLITIK,S1,36,0,0,Tidak Ada
336,336042,13361042,TEKNIK LINGKUNGAN,S1,12,1,0,Tidak Ada
341,341001,13411001,AGRIBISNIS,S1,60,0,0,Tidak Ada
341,341002,13411002,AGRONOMI DAN HORTIKULTURA,S1,90,0,0,Tidak Ada
341,341003,13411003,ARSITEKTUR LANSKAP,S1,40,0,0,Tidak Ada
341,341004,13411004,BIOKIMIA,S1,44,0,0,Tidak Ada
341,341005,13411005,BIOLOGI,S1,44,0,0,Tidak Ada
341,341006,13411006,EKONOMI SUMBERDAYA DAN LINGKUNGAN,S1,52,0,0,Tidak Ada
341,341007,13411007,ILMU DAN TEKNOLOGI KELAUTAN,S1,52,0,0,Tidak Ada
341,341008,13411008,ILMU KOMPUTER,S1,68,0,0,Tidak Ada
341,341009,13411009,KEDOKTERAN HEWAN,S1,88,0,0,Tidak Ada
341,341010,13411010,KIMIA,S1,48,0,0,Tidak Ada
341,341011,13411011,KOMUNIKASI DAN PENGEMBANGAN MASYARAKAT,S1,70,0,0,Tidak Ada
341,341012,13411012,KONSERVASI SUMBERDAYA HUTAN DAN EKOWISATA,S1,56,0,0,Tidak Ada
341,341013,13411013,MANAJEMEN HUTAN,S1,56,0,0,Tidak Ada
341,341014,13411014,STATISTIKA DAN SAINS DATA,S1,48,0,0,Tidak Ada
341,341015,13411015,TEKNIK PERTANIAN DAN BIOSISTEM,S1,48,0,0,Tidak Ada
341,341016,13411016,TEKNOLOGI HASIL HUTAN,S1,44,0,0,Tidak Ada
341,341017,13411017,TEKNIK INDUSTRI PERTANIAN,S1,52,0,0,Tidak Ada
341,341018,13411018,TEKNOLOGI PANGAN,S1,52,0,0,Tidak Ada
341,341019,13411019,NUTRISI DAN TEKNOLOGI PAKAN,S1,64,0,0,Tidak Ada
341,341020,13411020,TEKNOLOGI PRODUKSI TERNAK,S1,48,0,0,Tidak Ada
341,341021,13411021,TEKNIK SIPIL DAN LINGKUNGAN,S1,40,0,0,Tidak Ada
341,341022,13411022,TEKNOLOGI DAN MANAJEMEN PERIKANAN BUDIDAYA,S1,48,0,0,Tidak Ada
341,341023,13411023,EKONOMI PEMBANGUNAN,S1,52,0,0,Tidak Ada
341,341024,13411024,MANAJEMEN,S1,52,0,0,Tidak Ada
341,341025,13411025,ILMU GIZI,S1,40,0,0,Tidak Ada
341,341026,13411026,ILMU EKONOMI SYARIAH,S1,52,0,0,Tidak Ada
341,341027,13411027,MANAJEMEN SUMBERDAYA LAHAN,S1,36,0,0,Tidak Ada
341,341028,13411028,PROTEKSI TANAMAN,S1,40,0,0,Tidak Ada
341,341029,13411029,MANAJEMEN SUMBERDAYA PERAIRAN,S1,40,0,0,Tidak Ada
341,341030,13411030,TEKNOLOGI HASIL PERAIRAN,S1,42,0,0,Tidak Ada
341,341031,13411031,TEKNOLOGI DAN MANAJEMEN PERIKANAN TANGKAP,S1,48,0,0,Tidak Ada
341,341032,13411032,SILVIKULTUR,S1,44,0,0,Tidak Ada
341,341033,13411033,METEOROLOGI TERAPAN,S1,40,0,0,Tidak Ada
341,341034,13411034,MATEMATIKA,S1,44,0,0,Tidak Ada
341,341035,13411035,FISIKA,S1,48,0,0,Tidak Ada
341,341036,13411036,ILMU KELUARGA DAN KONSUMEN,S1,48,0,0,Tidak Ada
341,341037,13411037,BISNIS,S1,96,0,0,Tidak Ada
341,341038,13411038,TEKNOLOGI HASIL TERNAK,S1,40,0,0,Tidak Ada
341,341039,13411039,AKTUARIA,S1,38,0,0,Tidak Ada
341,341042,13412042,KOMUNIKASI DIGITAL DAN MEDIA,D4,84,0,0,Tidak Ada
341,341043,13412043,KOMUNIKASI DIGITAL DAN MEDIA (KAMPUS SUKABUMI),D4,54,0,0,Tidak Ada
341,341044,13412044,EKOWISATA,D4,40,0,0,Tidak Ada
341,341045,13412045,EKOWISATA (KAMPUS SUKABUMI),D4,36,0,0,Tidak Ada
341,341046,13412046,TEKNOLOGI REKAYASA PERANGKAT LUNAK,D4,56,0,0,Tidak Ada
341,341047,13412047,TEKNOLOGI REKAYASA KOMPUTER,D4,56,0,0,Tidak Ada
341,341048,13412048,SUPERVISOR JAMINAN MUTU PANGAN,D4,56,0,0,Tidak Ada
341,341049,13412049,MANAJEMEN INDUSTRI JASA MAKANAN DAN GIZI,D4,56,0,0,Tidak Ada
341,341050,13412050,TEKNOLOGI DAN MANAJEMEN PEMBENIHAN IKAN,D4,28,0,0,Tidak Ada
341,341051,13412051,TEKNOLOGI DAN MANAJEMEN PEMBENIHAN IKAN (KAMPUS SUKABUMI),D4,28,0,0,Tidak Ada
341,341052,13412052,TEKNOLOGI DAN MANAJEMEN TERNAK,D4,28,0,0,Tidak Ada
341,341053,13412053,TEKNOLOGI DAN MANAJEMEN TERNAK (KAMPUS SUKABUMI),D4,28,0,0,Tidak Ada
341,341054,13412054,MANAJEMEN AGRIBISNIS,D4,112,0,0,Tidak Ada
341,341055,13412055,MANAJEMEN AGRIBISNIS (KAMPUS SUKABUMI),D4,36,0,0,Tidak Ada
341,341056,13412056,MANAJEMEN INDUSTRI,D4,56,0,0,Tidak Ada
341,341057,13412057,ANALISIS KIMIA,D4,56,0,0,Tidak Ada
341,341058,13412058,TEKNIK DAN MANAJEMEN LINGKUNGAN,D4,56,0,0,Tidak Ada
341,341059,13412059,AKUNTANSI,D4,112,0,0,Tidak Ada
341,341060,13412060,PARAMEDIK VETERINER,D4,34,0,0,Tidak Ada
341,341061,13412061,TEKNOLOGI DAN MANAJEMEN PRODUKSI PERKEBUNAN,D4,42,0,0,Tidak Ada
341,341062,13412062,TEKNOLOGI PRODUKSI DAN PENGEMBANGAN MASYARAKAT PERTANIAN,D4,28,0,0,Tidak Ada
341,341063,13411063,KEDOKTERAN,S1,10,0,0,Tidak Ada
341,341064,13411064,SAINS BIOMEDIS,S1,20,0,0,Tidak Ada
341,341070,13411070,SMART AGRICULTURE,S1,16,0,0,Tidak Ada
341,341071,13411071,BIOINFORMATIKA,S1,20,0,0,Tidak Ada
341,341072,13411072,KECERDASAN BUATAN,S1,28,0,0,Tidak Ada
341,341073,13412073,PEMULIAAN TANAMAN DAN TEKNOLOGI BENIH,D4,28,1,0,Tidak Ada
341,341074,13411074,TEKNIK MESIN,S1,24,1,0,Tidak Ada
341,341076,13411076,TEKNIK KIMIA,S1,24,1,0,Tidak Ada
342,342001,13421001,PENDIDIKAN MATEMATIKA,S1,60,0,0,Tidak Ada
342,342002,13421002,PENDIDIKAN BIOLOGI,S1,58,0,0,Tidak Ada
342,342003,13421003,AGROTEKNOLOGI ,S1,53,0,0,Tidak Ada
342,342004,13421004,AGRIBISNIS ,S1,68,0,0,Tidak Ada
342,342005,13421005,TEKNIK SIPIL ,S1,52,0,0,Tidak Ada
342,342006,13421006,TEKNIK ELEKTRO ,S1,38,0,0,Tidak Ada
342,342007,13421007,INFORMATIKA,S1,70,0,0,Tidak Ada
342,342008,13421008,KESEHATAN MASYARAKAT,S1,66,0,0,Tidak Ada
342,342009,13421009,PENDIDIKAN FISIKA,S1,39,0,0,Tidak Ada
342,342010,13421010,GIZI,S1,54,0,0,Tidak Ada
342,342011,13421011,PENDIDIKAN MASYARAKAT,S1,58,0,0,Tidak Ada
342,342012,13421012,PENDIDIKAN EKONOMI,S1,58,0,0,Tidak Ada
342,342013,13421013,PENDIDIKAN GEOGRAFI,S1,56,0,0,Tidak Ada
342,342014,13421014,PENDIDIKAN SEJARAH,S1,69,0,0,Tidak Ada
342,342015,13421015,PENDIDIKAN JASMANI,S1,113,0,1,Olahraga
342,342016,13421016,EKONOMI PEMBANGUNAN,S1,107,0,0,Tidak Ada
342,342017,13421017,MANAJEMEN,S1,129,0,0,Tidak Ada
342,342018,13421018,AKUNTANSI,S1,110,0,0,Tidak Ada
342,342020,13421020,EKONOMI SYARIAH,S1,81,0,0,Tidak Ada
342,342021,13421021,ILMU POLITIK,S1,75,0,0,Tidak Ada
342,342022,13421022,PENDIDIKAN BAHASA INDONESIA,S1,59,0,0,Tidak Ada
342,342023,13421023,PENDIDIKAN BAHASA INGGRIS ,S1,71,0,0,Tidak Ada
342,342024,13423024,PERBANKAN DAN KEUANGAN  ,D3,80,0,0,Tidak Ada
342,342025,13421025,SISTEM INFORMASI,S1,39,0,0,Tidak Ada
342,342026,13421026,MANAJEMEN MUTU HALAL,S1,24,0,0,Tidak Ada
342,342027,13421027,TEKNOLOGI PANGAN DAN HASIL PERTANIAN,S1,22,0,0,Tidak Ada
342,342028,13422028,PERBANKAN DAN KEUANGAN DIGITAL,D4,24,0,0,Tidak Ada
342,342029,13421029,SAINS DATA,S1,18,1,0,Tidak Ada
351,351001,13511001,BIOLOGI,S1,120,0,0,Tidak Ada
351,351002,13511002,KIMIA,S1,88,0,0,Tidak Ada
351,351003,13511003,MATEMATIKA,S1,88,0,0,Tidak Ada
351,351004,13511004,FISIKA,S1,88,0,0,Tidak Ada
351,351005,13511005,MANAJEMEN SUMBERDAYA PERAIRAN,S1,60,0,0,Tidak Ada
351,351006,13511006,AKUAKULTUR,S1,60,0,0,Tidak Ada
351,351007,13511007,TEKNIK PERTANIAN,S1,60,0,0,Tidak Ada
351,351008,13511008,TEKNIK ELEKTRO,S1,60,0,0,Tidak Ada
351,351009,13511009,TEKNIK SIPIL,S1,60,0,0,Tidak Ada
351,351010,13511010,PENDIDIKAN DOKTER,S1,53,0,0,Tidak Ada
351,351011,13511011,KESEHATAN MASYARAKAT,S1,66,0,0,Tidak Ada
351,351012,13511012,KEPERAWATAN,S1,65,0,0,Tidak Ada
351,351013,13511013,FARMASI,S1,66,0,0,Tidak Ada
351,351014,13511014,TEKNIK GEOLOGI,S1,60,0,0,Tidak Ada
351,351015,13511015,ILMU KELAUTAN,S1,65,0,0,Tidak Ada
351,351016,13511016,AGROTEKNOLOGI,S1,90,0,0,Tidak Ada
351,351017,13511017,AGRIBISNIS,S1,63,0,0,Tidak Ada
351,351018,13511018,TEKNOLOGI PANGAN,S1,60,0,0,Tidak Ada
351,351019,13511019,PETERNAKAN,S1,95,0,0,Tidak Ada
351,351020,13511020,INFORMATIKA,S1,60,0,0,Tidak Ada
351,351021,13511021,KEDOKTERAN GIGI,S1,21,0,0,Tidak Ada
351,351022,13511022,ILMU GIZI,S1,66,0,0,Tidak Ada
351,351023,13511023,PENDIDIKAN JASMANI,S1,66,0,1,Olahraga
351,351024,13511024,TEKNIK INDUSTRI,S1,48,0,0,Tidak Ada
351,351025,13511025,HUKUM,S1,96,0,0,Tidak Ada
351,351026,13511026,SOSIOLOGI,S1,66,0,0,Tidak Ada
351,351027,13511027,ADMINISTRASI PUBLIK,S1,66,0,0,Tidak Ada
351,351028,13511028,MANAJEMEN,S1,42,0,0,Tidak Ada
351,351029,13511029,EKONOMI PEMBANGUNAN,S1,42,0,0,Tidak Ada
351,351030,13511030,AKUNTANSI,S1,42,0,0,Tidak Ada
351,351031,13511031,ILMU KOMUNIKASI,S1,69,0,0,Tidak Ada
351,351032,13511032,ILMU POLITIK,S1,54,0,0,Tidak Ada
351,351033,13511033,SASTRA INDONESIA,S1,48,0,0,Tidak Ada
351,351034,13511034,SASTRA INGGRIS,S1,48,0,0,Tidak Ada
351,351035,13511035,HUBUNGAN INTERNASIONAL,S1,57,0,0,Tidak Ada
351,351036,13511036,SASTRA JEPANG,S1,48,0,0,Tidak Ada
351,351037,13511037,PENDIDIKAN EKONOMI,S1,30,0,0,Tidak Ada
351,351038,13511038,PENDIDIKAN BAHASA INDONESIA,S1,48,0,0,Tidak Ada
351,351039,13511039,PENDIDIKAN BAHASA INGGRIS,S1,48,0,0,Tidak Ada
351,351040,13513040,ADMINISTRASI BISNIS,D3,36,0,0,Tidak Ada
351,351041,13513041,BAHASA MANDARIN,D3,56,0,0,Tidak Ada
351,351042,13513042,BUDI DAYA IKAN,D3,48,0,0,Tidak Ada
351,351043,13513043,AGRIBISNIS,D3,48,0,0,Tidak Ada
351,351044,13513044,PERENCANAAN SUMBER DAYA LAHAN,D3,48,0,0,Tidak Ada
351,351046,13513046,BAHASA INGGRIS,D3,56,0,0,Tidak Ada
351,351048,13513048,AKUNTANSI,D3,36,0,0,Tidak Ada
351,351049,13513049,BISNIS INTERNASIONAL,D3,36,0,0,Tidak Ada
351,351051,13513051,ADMINISTRASI PERKANTORAN,D3,36,0,0,Tidak Ada
351,351052,13513052,BUDI DAYA TERNAK,D3,92,0,0,Tidak Ada
351,351053,13511053,MIKROBIOLOGI,S1,32,0,0,Tidak Ada
351,351054,13511054,TEKNIK MESIN,S1,24,0,0,Tidak Ada
351,351055,13511055,PENDIDIKAN BAHASA JEPANG,S1,48,0,0,Tidak Ada
351,351056,13511056,PROTEKSI TANAMAN,S1,28,0,0,Tidak Ada
351,351057,13511057,STATISTIK,S1,36,0,0,Tidak Ada
351,351058,13511058,BIOLOGI TERAPAN,S1,32,0,0,Tidak Ada
351,351059,13511059,TEKNIK KOMPUTER,S1,24,0,0,Tidak Ada
351,351060,13511060,ARSITEKTUR,S1,18,1,0,Tidak Ada
352,352001,13521001,AGROTEKNOLOGI,S1,45,0,0,Tidak Ada
352,352002,13521002,TEKNIK SIPIL,S1,32,0,0,Tidak Ada
352,352003,13521003,TEKNIK MESIN,S1,32,0,0,Tidak Ada
352,352004,13521004,TEKNIK ELEKTRO,S1,24,0,0,Tidak Ada
352,352005,13521005,PETERNAKAN,S1,45,0,0,Tidak Ada
352,352006,13521006,PENDIDIKAN ILMU PENGETAHUAN ALAM,S1,32,0,0,Tidak Ada
352,352007,13521007,PENDIDIKAN BIOLOGI,S1,24,0,0,Tidak Ada
352,352008,13521008,PENDIDIKAN MATEMATIKA,S1,32,0,0,Tidak Ada
352,352009,13521009,AKUAKULTUR,S1,45,0,0,Tidak Ada
352,352010,13521010,EKONOMI PEMBANGUNAN,S1,40,0,0,Tidak Ada
352,352011,13521011,ILMU ADMINISTRASI NEGARA,S1,50,0,0,Tidak Ada
352,352012,13521012,PENDIDIKAN BAHASA INGGRIS,S1,40,0,0,Tidak Ada
352,352013,13521013,PENDIDIKAN BAHASA DAN SASTRA INDONESIA,S1,40,0,0,Tidak Ada
352,352014,13521014,HUKUM,S1,50,0,0,Tidak Ada
352,352015,13521015,MANAJEMEN,S1,40,0,0,Tidak Ada
352,352016,13521016,ILMU KOMUNIKASI,S1,46,0,0,Tidak Ada
352,352017,13521017,AKUNTANSI,S1,40,0,0,Tidak Ada
352,352018,13523018,AKUNTANSI,D3,50,0,0,Tidak Ada
352,352019,13522019,TEKNOLOGI REKAYASA PERANCANGAN MANUFAKTUR,D4,12,0,0,Tidak Ada
352,352020,13521020,PARIWISATA,S1,35,0,0,Tidak Ada
352,352021,13521021,TEKNOLOGI PANGAN,S1,30,0,0,Tidak Ada
352,352022,13521022,TEKNOLOGI INFORMASI,S1,16,0,0,Tidak Ada
352,352023,13521023,TEKNIK MEKATRONIKA,S1,16,0,0,Tidak Ada
352,352024,13521024,TEKNIK INDUSTRI,S1,16,0,0,Tidak Ada
352,352025,13521025,AGRIBISNIS,S1,30,0,0,Tidak Ada
352,352026,13521026,GIZI,S1,30,0,0,Tidak Ada
352,352027,13522027,AKUNTANSI PERPAJAKAN,D4,20,0,0,Tidak Ada
352,352028,13523028,FARMASI,D3,24,0,0,Tidak Ada
353,353001,13531001,KEDOKTERAN,S1,48,0,0,Tidak Ada
353,353002,13531002,PSIKOLOGI,S1,60,0,0,Tidak Ada
353,353003,13531003,AGROTEKNOLOGI / AGROEKOTEKNOLOGI,S1,36,0,0,Tidak Ada
353,353004,13531004,AGRIBISNIS,S1,32,0,0,Tidak Ada
353,353005,13531005,PETERNAKAN,S1,75,0,0,Tidak Ada
353,353006,13531006,ILMU DAN TEKNOLOGI PANGAN,S1,24,0,0,Tidak Ada
353,353007,13531007,TEKNIK SIPIL,S1,36,0,0,Tidak Ada
353,353008,13531008,ARSITEKTUR,S1,26,0,0,Tidak Ada
353,353009,13531009,TEKNIK INDUSTRI,S1,26,0,0,Tidak Ada
353,353010,13531010,TEKNIK MESIN,S1,32,0,0,Tidak Ada
353,353011,13531011,TEKNIK KIMIA,S1,24,0,0,Tidak Ada
353,353012,13531012,MATEMATIKA,S1,32,0,0,Tidak Ada
353,353013,13531013,FISIKA,S1,27,0,0,Tidak Ada
353,353014,13531014,KIMIA,S1,27,0,0,Tidak Ada
353,353015,13531015,BIOLOGI,S1,27,0,0,Tidak Ada
353,353016,13531016,PERENCANAAN WILAYAH DAN KOTA (PWK),S1,22,0,0,Tidak Ada
353,353017,13531017,INFORMATIKA,S1,30,0,0,Tidak Ada
353,353018,13531018,PENDIDIKAN FISIKA,S1,27,0,0,Tidak Ada
353,353019,13531019,PENDIDIKAN KIMIA,S1,30,0,0,Tidak Ada
353,353020,13531020,PENDIDIKAN BIOLOGI,S1,20,0,0,Tidak Ada
353,353021,13531021,PENDIDIKAN MATEMATIKA,S1,20,0,0,Tidak Ada
353,353022,13531022,PENDIDIKAN TEKNIK MESIN,S1,27,0,0,Tidak Ada
353,353023,13531023,PENDIDIKAN TEKNIK BANGUNAN,S1,27,0,0,Tidak Ada
353,353024,13531024,PENDIDIKAN TEKNIK INFORMATIKA & KOMPUTER,S1,18,0,0,Tidak Ada
353,353025,13531025,ILMU TANAH,S1,26,0,0,Tidak Ada
353,353026,13531026,PENYULUHAN DAN KOMUNIKASI PERTANIAN,S1,24,0,0,Tidak Ada
353,353027,13531027,FARMASI,S1,16,0,0,Tidak Ada
353,353028,13531028,TEKNIK ELEKTRO,S1,16,0,0,Tidak Ada
353,353029,13531029,STATISTIKA,S1,22,0,0,Tidak Ada
353,353030,13531030,PENDIDIKAN IPA,S1,16,0,0,Tidak Ada
353,353031,13531031,ILMU LINGKUNGAN,S1,18,0,0,Tidak Ada
353,353032,13531032,PENGELOLAAN HUTAN,S1,20,0,0,Tidak Ada
353,353033,13532033,KESELAMATAN DAN KESEHATAN KERJA,D4,27,0,0,Tidak Ada
353,353034,13531034,KEBIDANAN,S1,14,0,0,Tidak Ada
353,353035,13531035,ILMU ADMINISTRASI NEGARA,S1,29,0,0,Tidak Ada
353,353036,13531036,ILMU KOMUNIKASI,S1,28,0,0,Tidak Ada
353,353037,13531037,SOSIOLOGI,S1,30,0,0,Tidak Ada
353,353038,13531038,ILMU HUKUM,S1,120,0,0,Tidak Ada
353,353039,13531039,EKONOMI PEMBANGUNAN,S1,36,0,0,Tidak Ada
353,353040,13531040,MANAJEMEN,S1,40,0,0,Tidak Ada
353,353041,13531041,AKUNTANSI,S1,35,0,0,Tidak Ada
353,353042,13531042,ILMU SEJARAH,S1,17,0,0,Tidak Ada
353,353043,13531043,SASTRA INDONESIA,S1,17,0,0,Tidak Ada
353,353044,13531044,SASTRA INGGRIS,S1,18,0,0,Tidak Ada
353,353045,13531045,SASTRA DAERAH UNTUK SASTRA JAWA,S1,26,0,0,Tidak Ada
353,353046,13531046,DESAIN MODE,S1,18,0,2,"Seni Rupa, Desain, dan Kriya"
353,353047,13531047,SENI RUPA,S1,18,0,2,"Seni Rupa, Desain, dan Kriya"
353,353048,13531048,DESAIN INTERIOR,S1,18,0,2,"Seni Rupa, Desain, dan Kriya"
353,353049,13531049,DESAIN KOMUNIKASI VISUAL,S1,30,0,2,"Seni Rupa, Desain, dan Kriya"
353,353050,13531050,PENDIDIKAN SEJARAH,S1,18,0,0,Tidak Ada
353,353051,13531051,PENDIDIKAN GEOGRAFI,S1,27,0,0,Tidak Ada
353,353052,13531052,PEND. PANCASILA & KEWARGANEGARAAN (PPKN),S1,18,0,0,Tidak Ada
353,353053,13531053,PENDIDIKAN LUAR BIASA (PENDIDIKAN KHUSUS),S1,24,0,0,Tidak Ada
353,353054,13531054,"PENDIDIKAN JASMANI, KESEHATAN & REKREASI",S1,32,0,1,Olahraga
353,353055,13531055,PENDIDIKAN KEPELATIHAN OLAHRAGA,S1,33,0,1,Olahraga
353,353057,13531057,"PEND. BAHASA, SASTRA INDONESIA & DAERAH",S1,18,0,0,Tidak Ada
353,353058,13531058,PENDIDIKAN BAHASA INGGRIS,S1,18,0,0,Tidak Ada
353,353059,13531059,PENDIDIKAN SENI RUPA,S1,24,0,2,"Seni Rupa, Desain, dan Kriya"
353,353060,13531060,PENDIDIKAN SOSIOLOGI ANTROPOLOGI,S1,16,0,0,Tidak Ada
353,353061,13531061,PEND. GURU SEKOLAH DASAR (PGSD) SURAKARTA,S1,43,0,0,Tidak Ada
353,353062,13531062,BIMBINGAN DAN KONSELING,S1,18,0,0,Tidak Ada
353,353063,13531063,PEND. GURU PEND ANAK USIA DINI (PG-PAUD),S1,16,0,0,Tidak Ada
353,353064,13531064,SASTRA ARAB,S1,17,0,0,Tidak Ada
353,353065,13531065,PENDIDIKAN BAHASA JAWA,S1,27,0,0,Tidak Ada
353,353066,13531066,PEND. GURU SEKOLAH DASAR (PGSD) KEBUMEN,S1,24,0,0,Tidak Ada
353,353067,13531067,HUBUNGAN INTERNASIONAL,S1,18,0,0,Tidak Ada
353,353068,13531068,PENDIDIKAN AKUNTANSI,S1,27,0,0,Tidak Ada
353,353069,13531069,PENDIDIKAN ADMINISTRASI PERKANTORAN,S1,20,0,0,Tidak Ada
353,353070,13531070,PENDIDIKAN EKONOMI,S1,24,0,0,Tidak Ada
353,353071,13532071,DEMOGRAFI DAN PENCATATAN SIPIL,D4,30,0,0,Tidak Ada
353,353072,13533072,AKUNTANSI,D3,18,0,0,Tidak Ada
353,353073,13533073,KEBIDANAN,D3,18,0,0,Tidak Ada
353,353078,13533078,PERPAJAKAN,D3,18,0,0,Tidak Ada
353,353081,13533081,USAHA PERJALANAN WISATA,D3,18,0,0,Tidak Ada
353,353082,13533082,AGRIBISNIS,D3,26,0,0,Tidak Ada
353,353083,13533083,TEKNIK KIMIA,D3,10,0,0,Tidak Ada
353,353089,13533089,FARMASI,D3,17,0,0,Tidak Ada
353,353090,13533090,BUDI DAYA TERNAK,D3,12,0,0,Tidak Ada
353,353091,13533091,MANAJEMEN ADMINISTRASI,D3,18,0,0,Tidak Ada
353,353094,13531094,TEKNOLOGI PENDIDIKAN,S1,20,0,0,Tidak Ada
353,353095,13531095,BAHASA MANDARIN DAN KEBUDAYAAN TIONGKOK,S1,23,0,0,Tidak Ada
353,353096,13531096,BISNIS DIGITAL,S1,27,0,0,Tidak Ada
353,353097,13531097,SAINS DATA,S1,12,0,0,Tidak Ada
353,353098,13532098,KEPERAWATAN ANESTESIOLOGI,D4,15,0,0,Tidak Ada
353,353099,13532099,TEKNOLOGI REKAYASA MANUFAKTUR,D4,18,0,0,Tidak Ada
353,353100,13532100,PEMASARAN DIGITAL,D4,21,0,0,Tidak Ada
353,353101,13532101,PERBANKAN DAN KEUANGAN DIGITAL,D4,24,0,0,Tidak Ada
353,353102,13533102,TEKNIK INFORMATIKA (KAMPUS KABUPATEN MADIUN),D3,18,0,0,Tidak Ada
353,353103,13533103,AKUNTANSI (KAMPUS KABUPATEN MADIUN),D3,18,0,0,Tidak Ada
353,353104,13531104,ILMU ADMINISTRASI NEGARA (KAMPUS KABUPATEN KEBUMEN),S1,24,0,0,Tidak Ada
353,353105,13531105,INFORMATIKA (KAMPUS KABUPATEN KEBUMEN),S1,15,0,0,Tidak Ada
353,353106,13531106,PROTEKSI TANAMAN,S1,24,0,0,Tidak Ada
353,353107,13532107,BAHASA  MANDARIN UNTUK KOMUNIKASI BISNIS DAN PROFESIONAL,D4,18,0,0,Tidak Ada
353,353108,13532108,MANAJEMEN KONSTRUKSI,D4,18,1,0,Tidak Ada
353,353109,13532109,BAHASA INGGRIS UNTUK KOMUNIKASI BISNIS DAN PROFESIONAL,D4,14,1,0,Tidak Ada
353,353110,13532110,MANAJEMEN BISNIS,D4,14,1,0,Tidak Ada
353,353111,13532111,DESAIN MEDIA DIGITAL,D4,12,1,2,"Seni Rupa, Desain, dan Kriya"
353,353112,13532112,MANAJEMEN PERDAGANGAN INTERNASIONAL,D4,18,1,0,Tidak Ada
354,354001,13541001,TARI,S1,52,0,5,Tari
354,354002,13541002,ETNOMUSIKOLOGI,S1,32,0,11,Etnomusikologi
354,354003,13541003,TEATER,S1,16,0,7,Teater
354,354004,13541004,KRIYA,S1,28,0,2,"Seni Rupa, Desain, dan Kriya"
354,354005,13541005,SENI MURNI,S1,32,0,2,"Seni Rupa, Desain, dan Kriya"
354,354006,13541006,DESAIN INTERIOR,S1,44,0,2,"Seni Rupa, Desain, dan Kriya"
354,354007,13541007,DESAIN KOMUNIKASI VISUAL,S1,72,0,2,"Seni Rupa, Desain, dan Kriya"
354,354008,13541008,FILM DAN TELEVISI,S1,60,0,8,Film dan Televisi
354,354009,13541009,FOTOGRAFI,S1,48,0,9,Fotografi
354,354010,13541010,SENI KARAWITAN,S1,44,0,10,Seni Karawitan
354,354011,13541011,SENI PEDALANGAN,S1,20,0,12,Seni Pedalangan
354,354012,13542012,SENJATA TRADISIONAL KERIS,D4,10,0,0,Tidak Ada
354,354013,13542013,DESAIN MODE BATIK,D4,36,0,2,"Seni Rupa, Desain, dan Kriya"
354,354014,13541014,SENI INTERMEDIA,S1,10,0,0,Tidak Ada
354,354015,13541015,KOREOGRAFI INKUIRI,S1,10,0,0,Tidak Ada
354,354016,13542016,ANIMASI,D4,16,0,2,"Seni Rupa, Desain, dan Kriya"
354,354017,13541017,DESAIN PRODUK INDUSTRI,S1,12,0,2,"Seni Rupa, Desain, dan Kriya"
354,354018,13542018,TATA KELOLA SENI,D4,10,0,0,Tidak Ada
354,354019,13542019,DESTINASI PARIWISATA,D4,10,0,0,Tidak Ada
354,354020,13541020,ARSITEKTUR,S1,10,0,2,"Seni Rupa, Desain, dan Kriya"
354,354021,13541021,BISNIS MUSIK,S1,10,1,0,Tidak Ada
355,355001,13551001,KESEHATAN MASYARAKAT,S1,82,0,0,Tidak Ada
355,355002,13551002,KEDOKTERAN,S1,60,0,0,Tidak Ada
355,355003,13551003,KEPERAWATAN,S1,55,0,0,Tidak Ada
355,355004,13551004,GIZI,S1,35,0,0,Tidak Ada
355,355005,13551005,MATEMATIKA,S1,66,0,0,Tidak Ada
355,355006,13551006,BIOLOGI,S1,63,0,0,Tidak Ada
355,355007,13551007,KIMIA ,S1,63,0,0,Tidak Ada
355,355008,13551008,FISIKA,S1,63,0,0,Tidak Ada
355,355009,13551009,STATISTIKA,S1,44,0,0,Tidak Ada
355,355010,13551010,INFORMATIKA,S1,50,0,0,Tidak Ada
355,355011,13551011,MANAJEMEN SUMBERDAYA PERAIRAN,S1,37,0,0,Tidak Ada
355,355012,13551012,AKUAKULTUR,S1,40,0,0,Tidak Ada
355,355013,13551013,PERIKANAN TANGKAP,S1,35,0,0,Tidak Ada
355,355014,13551014,ILMU KELAUTAN  ,S1,50,0,0,Tidak Ada
355,355015,13551015,OCEANOGRAFI  ,S1,46,0,0,Tidak Ada
355,355016,13551016,TEKNOLOGI HASIL PERIKANAN,S1,37,0,0,Tidak Ada
355,355017,13551017,TEKNIK SIPIL,S1,50,0,0,Tidak Ada
355,355018,13551018,ARSITEKTUR,S1,44,0,0,Tidak Ada
355,355019,13551019,TEKNIK MESIN,S1,46,0,0,Tidak Ada
355,355020,13551020,TEKNIK KIMIA,S1,50,0,0,Tidak Ada
355,355021,13551021,TEKNIK ELEKTRO,S1,46,0,0,Tidak Ada
355,355022,13551022,PERENCANAAN WILAYAH DAN KOTA,S1,50,0,0,Tidak Ada
355,355023,13551023,TEKNIK INDUSTRI,S1,48,0,0,Tidak Ada
355,355024,13551024,TEKNIK LINGKUNGAN,S1,44,0,0,Tidak Ada
355,355025,13551025,TEKNIK PERKAPALAN  ,S1,42,0,0,Tidak Ada
355,355026,13551026,TEKNIK GEOLOGI,S1,38,0,0,Tidak Ada
355,355027,13551027,TEKNIK GEODESI,S1,40,0,0,Tidak Ada
355,355028,13551028,TEKNIK KOMPUTER,S1,42,0,0,Tidak Ada
355,355029,13551029,PETERNAKAN,S1,70,0,0,Tidak Ada
355,355030,13551030,TEKNOLOGI PANGAN,S1,48,0,0,Tidak Ada
355,355031,13551031,AGROEKOTEKNOLOGI,S1,44,0,0,Tidak Ada
355,355032,13551032,AGRIBISNIS,S1,44,0,0,Tidak Ada
355,355033,13551033,KEDOKTERAN GIGI,S1,12,0,0,Tidak Ada
355,355034,13551034,FARMASI,S1,20,0,0,Tidak Ada
355,355035,13551035,BIOTEKNOLOGI,S1,28,0,0,Tidak Ada
355,355036,13551036,SASTRA INDONESIA,S1,44,0,0,Tidak Ada
355,355037,13551037,SASTRA INGGRIS,S1,43,0,0,Tidak Ada
355,355038,13551038,SEJARAH,S1,35,0,0,Tidak Ada
355,355039,13551039,ILMU PERPUSTAKAAN  ,S1,39,0,0,Tidak Ada
355,355040,13551040,HUKUM,S1,184,0,0,Tidak Ada
355,355041,13551041,MANAJEMEN,S1,78,0,0,Tidak Ada
355,355042,13551042,EKONOMI,S1,60,0,0,Tidak Ada
355,355043,13551043,AKUNTANSI,S1,78,0,0,Tidak Ada
355,355044,13551044,ADMINISTRASI PUBLIK,S1,50,0,0,Tidak Ada
355,355045,13551045,ADMINISTRASI BISNIS,S1,56,0,0,Tidak Ada
355,355046,13551046,ILMU PEMERINTAHAN,S1,52,0,0,Tidak Ada
355,355047,13551047,ILMU KOMUNIKASI,S1,56,0,0,Tidak Ada
355,355048,13551048,PSIKOLOGI,S1,80,0,0,Tidak Ada
355,355049,13551049,BAHASA DAN KEBUDAYAAN JEPANG,S1,39,0,0,Tidak Ada
355,355050,13551050,HUBUNGAN INTERNASIONAL,S1,42,0,0,Tidak Ada
355,355051,13551051,ANTROPOLOGI SOSIAL,S1,40,0,0,Tidak Ada
355,355052,13551052,EKONOMI ISLAM,S1,36,0,0,Tidak Ada
355,355053,13551053,ADMINISTRASI PUBLIK KAMPUS REMBANG,S1,30,0,0,Tidak Ada
355,355075,13552075,TEKNOLOGI REKAYASA KIMIA INDUSTRI ,D4,26,0,0,Tidak Ada
355,355076,13552076,TEKNOLOGI REKAYASA OTOMASI ,D4,26,0,0,Tidak Ada
355,355077,13552077,REKAYASA PERANCANGAN MEKANIK ,D4,26,0,0,Tidak Ada
355,355078,13552078,TEKNOLOGI REKAYASA KONSTRUKSI PERKAPALAN,D4,24,0,0,Tidak Ada
355,355079,13552079,TEKNIK LISTRIK INDUSTRI ,D4,26,0,0,Tidak Ada
355,355080,13552080,PERENCANAAN TATA RUANG DAN PERTANAHAN,D4,30,0,0,Tidak Ada
355,355081,13552081,TEKNIK INFRASTRUKTUR SIPIL DAN PERANCANGAN ARSITEKTUR,D4,42,0,0,Tidak Ada
355,355082,13552082,AKUNTANSI PERPAJAKAN ,D4,86,0,0,Tidak Ada
355,355083,13552083,MANAJEMEN DAN ADMINISTRASI LOGISTIK ,D4,46,0,0,Tidak Ada
355,355084,13552084,BAHASA ASING TERAPAN ,D4,30,0,0,Tidak Ada
355,355085,13552085,INFORMASI DAN HUMAS ,D4,46,0,0,Tidak Ada
355,355086,13551086,BISNIS DIGITAL,S1,24,0,0,Tidak Ada
355,355087,13551087,KESELAMATAN DAN KESEHATAN KERJA,S1,27,0,0,Tidak Ada
355,355088,13551088,AGRIBISNIS KAMPUS BATANG,S1,20,0,0,Tidak Ada
355,355089,13551089,TEKNOLOGI DAN BISNIS PERIKANAN DAN KELAUTAN,S1,15,0,0,Tidak Ada
355,355090,13551090,TEKNIK INDUSTRI KAMPUS BATANG,S1,12,1,0,Tidak Ada
356,356001,13561001,PENDIDIKAN MATEMATIKA,S1,39,0,0,Tidak Ada
356,356002,13561002,PENDIDIKAN FISIKA,S1,31,0,0,Tidak Ada
356,356003,13561003,PENDIDIKAN KIMIA,S1,31,0,0,Tidak Ada
356,356004,13561004,PENDIDIKAN BIOLOGI,S1,27,0,0,Tidak Ada
356,356005,13561005,PENDIDIKAN TEKNIK BANGUNAN,S1,27,0,0,Tidak Ada
356,356006,13561006,PENDIDIKAN TEKNIK MESIN,S1,27,0,0,Tidak Ada
356,356007,13561007,PENDIDIKAN TEKNIK ELEKTRO,S1,27,0,0,Tidak Ada
356,356008,13561008,ILMU KEOLAHRAGAAN,S1,25,0,1,Olahraga
356,356009,13561009,MATEMATIKA,S1,18,0,0,Tidak Ada
356,356010,13561010,FISIKA,S1,27,0,0,Tidak Ada
356,356011,13561011,KIMIA,S1,20,0,0,Tidak Ada
356,356012,13561012,BIOLOGI,S1,20,0,0,Tidak Ada
356,356013,13561013,KESEHATAN MASYARAKAT,S1,58,0,0,Tidak Ada
356,356014,13561014,PENDIDIKAN IPA,S1,25,0,0,Tidak Ada
356,356015,13561015,PEND. TEKNIK INFORMATIKA & KOMPUTER,S1,24,0,0,Tidak Ada
356,356016,13561016,TEKNIK ARSITEKTUR,S1,33,0,0,Tidak Ada
356,356017,13561017,PENDIDIKAN TEKNIK OTOMOTIF,S1,27,0,0,Tidak Ada
356,356018,13561018,TEKNIK KIMIA,S1,33,0,0,Tidak Ada
356,356019,13561019,TEKNIK MESIN,S1,38,0,0,Tidak Ada
356,356020,13561020,TEKNIK SIPIL,S1,38,0,0,Tidak Ada
356,356021,13561021,TEKNIK INFORMATIKA,S1,39,0,0,Tidak Ada
356,356022,13561022,TEKNIK ELEKTRO,S1,33,0,0,Tidak Ada
356,356023,13561023,GIZI,S1,38,0,0,Tidak Ada
356,356024,13561024,SISTEM INFORMASI,S1,23,0,0,Tidak Ada
356,356025,13561025,ILMU LINGKUNGAN,S1,21,0,0,Tidak Ada
356,356026,13561026,FARMASI,S1,30,0,0,Tidak Ada
356,356027,13561027,TEKNIK KOMPUTER,S1,13,0,0,Tidak Ada
356,356028,13561028,BIMBINGAN DAN KONSELING,S1,32,0,0,Tidak Ada
356,356029,13561029,TEKNOLOGI PENDIDIKAN,S1,36,0,0,Tidak Ada
356,356030,13561030,PENDIDIKAN NON FORMAL,S1,30,0,0,Tidak Ada
356,356031,13561031,PENDIDIKAN PANCASILA & KEWARGANEGARAAN,S1,30,0,0,Tidak Ada
356,356032,13561032,PENDIDIKAN GEOGRAFI,S1,20,0,0,Tidak Ada
356,356033,13561033,PENDIDIKAN SEJARAH,S1,20,0,0,Tidak Ada
356,356034,13561034,"PENDIDIKAN JASMANI, KESEHATAN & REKREASI",S1,58,0,1,Olahraga
356,356035,13561035,PENDIDIKAN KEPELATIHAN OLAHRAGA,S1,43,0,1,Olahraga
356,356036,13561036,PENDIDIKAN TATA BOGA,S1,23,0,0,Tidak Ada
356,356037,13561037,PENDIDIKAN TATA BUSANA,S1,20,0,0,Tidak Ada
356,356038,13561038,PENDIDIKAN SOSIOLOGI & ANTROPOLOGI,S1,30,0,0,Tidak Ada
356,356039,13561039,EKONOMI PEMBANGUNAN,S1,63,0,0,Tidak Ada
356,356040,13561040,MANAJEMEN,S1,99,0,0,Tidak Ada
356,356041,13561041,PSIKOLOGI,S1,49,0,0,Tidak Ada
356,356042,13561042,GEOGRAFI,S1,48,0,0,Tidak Ada
356,356043,13561043,ILMU HUKUM,S1,188,0,0,Tidak Ada
356,356044,13561044,AKUNTANSI,S1,87,0,0,Tidak Ada
356,356045,13561045,"SENI RUPA (DKV,LUKIS,PTNG,GRAFIS,GBR KRIYA)",S1,30,0,2,"Seni Rupa, Desain, dan Kriya"
356,356046,13561046,PENDIDIKAN AKUNTANSI,S1,27,0,0,Tidak Ada
356,356047,13561047,PENDIDIKAN EKONOMI,S1,30,0,0,Tidak Ada
356,356048,13561048,PENDIDIKAN ADMINISTRASI PERKANTORAN,S1,25,0,0,Tidak Ada
356,356049,13561049,PENDIDIKAN BAHASA DAN SASTRA INDONESIA,S1,65,0,0,Tidak Ada
356,356050,13561050,PENDIDIKAN BAHASA INGGRIS,S1,43,0,0,Tidak Ada
356,356051,13561051,PENDIDIKAN BAHASA PRANCIS,S1,25,0,0,Tidak Ada
356,356052,13561052,PENDIDIKAN SENI RUPA,S1,36,0,2,"Seni Rupa, Desain, dan Kriya"
356,356053,13561053,SASTRA INDONESIA,S1,20,0,0,Tidak Ada
356,356054,13561054,SASTRA INGGRIS,S1,39,0,0,Tidak Ada
356,356055,13561055,SASTRA PRANCIS,S1,27,0,0,Tidak Ada
356,356056,13561056,ILMU SEJARAH,S1,20,0,0,Tidak Ada
356,356057,13561057,SASTRA JAWA,S1,20,0,0,Tidak Ada
356,356058,13561058,PENDIDIKAN BAHASA DAN SASTRA JAWA,S1,40,0,0,Tidak Ada
356,356059,13561059,"P. SENI DRAMA, TARI & MUSIK (P. SENI TARI)",S1,36,0,5,Tari
356,356060,13561060,"P. SENI DRAMA, TARI & MUSIK (P. SENI MUSIK)",S1,40,0,6,Musik
356,356061,13561061,PENDIDIKAN BAHASA JEPANG,S1,20,0,0,Tidak Ada
356,356062,13561062,PENDIDIKAN BAHASA ARAB,S1,36,0,0,Tidak Ada
356,356063,13561063,PENDIDIKAN GURU SEKOLAH DASAR,S1,120,0,0,Tidak Ada
356,356064,13561064,PEND.GURU PEND. ANAK USIA DINI (PGPAUD),S1,39,0,0,Tidak Ada
356,356065,13561065,PENDIDIKAN TATA KECANTIKAN,S1,23,0,0,Tidak Ada
356,356066,13561066,PENDIDIKAN BAHASA MANDARIN,S1,12,0,0,Tidak Ada
356,356067,13561067,ILMU POLITIK,S1,53,0,0,Tidak Ada
356,356068,13561068,PENDIDIKAN JASMANI SEKOLAH DASAR,S1,20,0,1,Olahraga
356,356070,13561070,PENDIDIKAN ILMU PENGETAHUAN SOSIAL,S1,30,0,0,Tidak Ada
356,356071,13561071,PENDIDIKAN KESEJAHTERAAN KELUARGA,S1,15,0,0,Tidak Ada
356,356072,13563072,DESAIN KOMUNIKASI VISUAL,D3,8,0,2,"Seni Rupa, Desain, dan Kriya"
356,356073,13563073,STATISTIKA TERAPAN DAN KOMPUTASI,D3,8,0,0,Tidak Ada
356,356074,13561074,STATISTIKA DAN SAINS DATA,S1,19,0,0,Tidak Ada
356,356075,13561075,EKONOMI DAN KEUANGAN ISLAM,S1,19,0,0,Tidak Ada
356,356076,13561076,KEDOKTERAN,S1,10,0,0,Tidak Ada
356,356077,13561077,ILMU KOMUNIKASI,S1,27,0,0,Tidak Ada
356,356078,13561078,KEDOKTERAN HEWAN,S1,10,1,0,Tidak Ada
357,357005,13571005,GIZI,S1,70,0,0,Tidak Ada
357,357006,13571006,MATEMATIKA,S1,53,0,0,Tidak Ada
357,357007,13571007,KIMIA,S1,53,0,0,Tidak Ada
357,357008,13571008,FISIKA,S1,35,0,0,Tidak Ada
357,357009,13571009,BIOLOGI,S1,53,0,0,Tidak Ada
357,357010,13571010,TEKNOLOGI INFORMASI,S1,88,0,0,Tidak Ada
357,357029,13571029,PSIKOLOGI,S1,90,0,0,Tidak Ada
357,357030,13571030,SOSIOLOGI,S1,60,0,0,Tidak Ada
357,357031,13571031,ILMU POLITIK,S1,60,0,0,Tidak Ada
357,357032,13571032,ILMU HUKUM,S1,100,0,0,Tidak Ada
357,357033,13571033,MANAJEMEN,S1,100,0,0,Tidak Ada
357,357034,13571034,TEKNIK LINGKUNGAN,S1,70,0,0,Tidak Ada
357,357035,13571035,KEDOKTERAN,S1,10,1,0,Tidak Ada
357,357037,13571037,BISNIS DIGITAL,S1,40,1,0,Tidak Ada
358,358001,13581001,ILMU LINGKUNGAN,S1,28,0,0,Tidak Ada
358,358002,13581002,TEKNOLOGI PANGAN,S1,28,0,0,Tidak Ada
358,358003,13581003,SAINS DATA,S1,28,0,0,Tidak Ada
358,358004,13581004,BIOTEKNOLOGI,S1,28,0,0,Tidak Ada
358,358005,13581005,HUKUM BISNIS,S1,28,1,0,Tidak Ada
358,358006,13581006,BISNIS DIGITAL,S1,32,1,0,Tidak Ada
358,358007,13581007,INFORMATIKA,S1,28,1,0,Tidak Ada
361,361001,13611001,BIOLOGI,S1,68,0,0,Tidak Ada
361,361002,13611002,FARMASI,S1,72,0,0,Tidak Ada
361,361003,13611003,GEOGRAFI LINGKUNGAN,S1,35,0,0,Tidak Ada
361,361004,13611004,KARTOGRAFI DAN PENGINDERAAN JAUH,S1,30,0,0,Tidak Ada
361,361005,13611005,PEMBANGUNAN WILAYAH,S1,24,0,0,Tidak Ada
361,361006,13611006,KEDOKTERAN,S1,53,0,0,Tidak Ada
361,361007,13611007,ILMU KEPERAWATAN,S1,36,0,0,Tidak Ada
361,361008,13611008,GIZI,S1,30,0,0,Tidak Ada
361,361009,13611009,KEDOKTERAN GIGI,S1,45,0,0,Tidak Ada
361,361010,13611010,KEDOKTERAN HEWAN,S1,60,0,0,Tidak Ada
361,361011,13611011,FISIKA,S1,21,0,0,Tidak Ada
361,361012,13611012,KIMIA,S1,45,0,0,Tidak Ada
361,361013,13611013,MATEMATIKA,S1,20,0,0,Tidak Ada
361,361014,13611014,ILMU KOMPUTER,S1,27,0,0,Tidak Ada
361,361015,13611015,STATISTIKA,S1,20,0,0,Tidak Ada
361,361016,13611016,GEOFISIKA,S1,21,0,0,Tidak Ada
361,361017,13611017,ELEKTRONIKA DAN INSTRUMENTASI,S1,27,0,0,Tidak Ada
361,361018,13611018,AGRONOMI,S1,24,0,0,Tidak Ada
361,361020,13611020,ILMU TANAH,S1,23,0,0,Tidak Ada
361,361021,13611021,EKONOMI PERTANIAN DAN AGRIBISNIS,S1,27,0,0,Tidak Ada
361,361022,13611022,PROTEKSI TANAMAN (ILMU HAMA DAN PENYAKIT TUMBUHAN),S1,23,0,0,Tidak Ada
361,361023,13611023,PENYULUHAN DAN KOMUNIKASI PERTANIAN,S1,9,0,0,Tidak Ada
361,361024,13611024,AKUAKULTUR (BUDIDAYA PERIKANAN),S1,23,0,0,Tidak Ada
361,361025,13611025,TEKNOLOGI HASIL PERIKANAN,S1,23,0,0,Tidak Ada
361,361026,13611026,MANAJEMEN SUMBERDAYA AKUATIK (MANAJEMEN SUMBER DAYA PERIKANAN),S1,23,0,0,Tidak Ada
361,361027,13611027,MIKROBIOLOGI PERTANIAN,S1,11,0,0,Tidak Ada
361,361028,13611028,ILMU DAN INDUSTRI PETERNAKAN,S1,90,0,0,Tidak Ada
361,361029,13611029,ARSITEKTUR,S1,24,0,0,Tidak Ada
361,361030,13611030,PERENCANAAN WILAYAH DAN KOTA,S1,23,0,0,Tidak Ada
361,361031,13611031,TEKNIK GEODESI,S1,35,0,0,Tidak Ada
361,361032,13611032,TEKNIK GEOLOGI,S1,36,0,0,Tidak Ada
361,361033,13611033,TEKNIK KIMIA,S1,42,0,0,Tidak Ada
361,361034,13611034,TEKNIK ELEKTRO,S1,35,0,0,Tidak Ada
361,361035,13611035,TEKNIK MESIN,S1,51,0,0,Tidak Ada
361,361036,13611036,TEKNIK SIPIL,S1,33,0,0,Tidak Ada
361,361037,13611037,TEKNIK NUKLIR,S1,15,0,0,Tidak Ada
361,361038,13611038,TEKNIK FISIKA,S1,36,0,0,Tidak Ada
361,361039,13611039,TEKNIK INDUSTRI,S1,36,0,0,Tidak Ada
361,361040,13611040,TEKNIK PERTANIAN,S1,29,0,0,Tidak Ada
361,361041,13611041,TEKNOLOGI PANGAN DAN HASIL PERTANIAN,S1,33,0,0,Tidak Ada
361,361042,13611042,TEKNOLOGI INDUSTRI PERTANIAN,S1,30,0,0,Tidak Ada
361,361043,13611043,HIGIENE GIGI,S1,17,0,0,Tidak Ada
361,361044,13611044,KEHUTANAN,S1,90,0,0,Tidak Ada
361,361045,13611045,TEKNOLOGI INFORMASI,S1,29,0,0,Tidak Ada
361,361046,13611046,ILMU AKTUARIA,S1,17,0,0,Tidak Ada
361,361047,13611047,TEKNIK BIOMEDIS,S1,18,0,0,Tidak Ada
361,361048,13612048,MANAJEMEN INFORMASI KESEHATAN,D4,36,0,0,Tidak Ada
361,361049,13612049,TEKNOLOGI REKAYASA PERANGKAT LUNAK,D4,29,0,0,Tidak Ada
361,361050,13612050,TEKNOLOGI REKAYASA ELEKTRO,D4,27,0,0,Tidak Ada
361,361051,13612051,TEKNOLOGI REKAYASA INSTRUMENTASI DAN KONTROL,D4,22,0,0,Tidak Ada
361,361052,13612052,TEKNOLOGI REKAYASA INTERNET,D4,29,0,0,Tidak Ada
361,361053,13612053,TEKNIK PENGELOLAAN DAN PEMELIHARAAN INFRASTRUKTUR SIPIL,D4,22,0,0,Tidak Ada
361,361054,13612054,TEKNOLOGI REKAYASA MESIN,D4,23,0,0,Tidak Ada
361,361055,13612055,TEKNIK PENGELOLAAN DAN PERAWATAN ALAT BERAT,D4,23,0,0,Tidak Ada
361,361056,13612056,PENGELOLAAN HUTAN,D4,27,0,0,Tidak Ada
361,361057,13612057,TEKNOLOGI VETERINER,D4,27,0,0,Tidak Ada
361,361058,13612058,PENGEMBANGAN PRODUK AGROINDUSTRI,D4,27,0,0,Tidak Ada
361,361059,13612059,TEKNOLOGI SURVEI DAN PEMETAAN DASAR,D4,21,0,0,Tidak Ada
361,361060,13612060,SISTEM INFORMASI GEOGRAFIS,D4,21,0,0,Tidak Ada
361,361061,13612061,TEKNOLOGI REKAYASA PELAKSANAAN BANGUNAN SIPIL,D4,17,0,0,Tidak Ada
361,361062,13611062,TEKNIK INFRASTRUKTUR LINGKUNGAN,S1,15,0,0,Tidak Ada
361,361063,13611063,ILMU EKONOMI,S1,30,0,0,Tidak Ada
361,361064,13611064,MANAJEMEN,S1,45,0,0,Tidak Ada
361,361065,13611065,AKUNTANSI,S1,45,0,0,Tidak Ada
361,361066,13611066,FILSAFAT,S1,45,0,0,Tidak Ada
361,361067,13611067,HUKUM,S1,96,0,0,Tidak Ada
361,361068,13611068,ANTROPOLOGI BUDAYA,S1,30,0,0,Tidak Ada
361,361069,13611069,ARKEOLOGI,S1,21,0,0,Tidak Ada
361,361070,13611070,SEJARAH,S1,18,0,0,Tidak Ada
361,361071,13611071,SASTRA ARAB,S1,21,0,0,Tidak Ada
361,361072,13611072,BAHASA DAN SASTRA INDONESIA,S1,30,0,0,Tidak Ada
361,361073,13611073,SASTRA INGGRIS,S1,21,0,0,Tidak Ada
361,361074,13611074,"BAHASA, SASTRA, DAN BUDAYA JAWA ",S1,15,0,0,Tidak Ada
361,361075,13611075,BAHASA DAN SASTRA PRANCIS,S1,14,0,0,Tidak Ada
361,361076,13611076,BAHASA DAN KEBUDAYAAN JEPANG,S1,18,0,0,Tidak Ada
361,361077,13611077,BAHASA DAN KEBUDAYAAN KOREA,S1,18,0,0,Tidak Ada
361,361078,13611078,MANAJEMEN DAN KEBIJAKAN PUBLIK,S1,24,0,0,Tidak Ada
361,361079,13611079,ILMU HUBUNGAN INTERNASIONAL,S1,24,0,0,Tidak Ada
361,361080,13611080,POLITIK DAN PEMERINTAHAN,S1,24,0,0,Tidak Ada
361,361081,13611081,PEMBANGUNAN SOSIAL DAN KESEJAHTERAAN,S1,24,0,0,Tidak Ada
361,361082,13611082,ILMU KOMUNIKASI,S1,24,0,0,Tidak Ada
361,361083,13611083,SOSIOLOGI,S1,24,0,0,Tidak Ada
361,361084,13611084,PSIKOLOGI,S1,68,0,0,Tidak Ada
361,361085,13611085,PARIWISATA,S1,21,0,0,Tidak Ada
361,361086,13612086,MANAJEMEN DAN PENILAIAN PROPERTI,D4,30,0,0,Tidak Ada
361,361087,13612087,PERBANKAN,D4,36,0,0,Tidak Ada
361,361088,13612088,AKUNTANSI SEKTOR PUBLIK,D4,30,0,0,Tidak Ada
361,361089,13612089,PEMBANGUNAN EKONOMI KEWILAYAHAN,D4,30,0,0,Tidak Ada
361,361090,13612090,PENGELOLAAN ARSIP DAN REKAMAN INFORMASI,D4,23,0,0,Tidak Ada
361,361091,13612091,BAHASA INGGRIS,D4,23,0,0,Tidak Ada
361,361092,13612092,BISNIS PERJALANAN WISATA,D4,27,0,0,Tidak Ada
361,361115,13612115,BAHASA JEPANG UNTUK KOMUNIKASI BISNIS DAN PROFESIONAL,D4,18,0,0,Tidak Ada
361,361116,13611116,TEKNIK SUMBER DAYA AIR,S1,15,0,0,Tidak Ada
362,362001,13621001,PENDIDIKAN MATEMATIKA,S1,16,0,0,Tidak Ada
362,362002,13621002,PENDIDIKAN FISIKA,S1,24,0,0,Tidak Ada
362,362003,13621003,PENDIDIKAN KIMIA,S1,16,0,0,Tidak Ada
362,362004,13621004,PENDIDIKAN BIOLOGI,S1,19,0,0,Tidak Ada
362,362005,13621005,PENDIDIKAN TEKNIK ELEKTRONIKA,S1,8,0,0,Tidak Ada
362,362006,13621006,PENDIDIKAN TEKNIK OTOMOTIF,S1,19,0,0,Tidak Ada
362,362007,13621007,PENDIDIKAN TEKNIK MESIN,S1,16,0,0,Tidak Ada
362,362008,13621008,PENDIDIKAN TEKNIK ELEKTRO,S1,16,0,0,Tidak Ada
362,362009,13621009,PENDIDIKAN TEKNIK SIPIL & PERENCANAAN,S1,16,0,0,Tidak Ada
362,362010,13621010,MATEMATIKA,S1,16,0,0,Tidak Ada
362,362011,13621011,FISIKA,S1,24,0,0,Tidak Ada
362,362012,13621012,KIMIA,S1,16,0,0,Tidak Ada
362,362013,13621013,BIOLOGI,S1,16,0,0,Tidak Ada
362,362014,13621014,PENDIDIKAN TEKNIK MEKATRONIKA,S1,16,0,0,Tidak Ada
362,362015,13621015,PENDIDIKAN TEKNIK INFORMATIKA,S1,17,0,0,Tidak Ada
362,362016,13621016,PENDIDIKAN IPA,S1,36,0,0,Tidak Ada
362,362017,13621017,ILMU KEOLAHRAGAAN,S1,24,0,1,Olahraga
362,362018,13621018,STATISTIKA,S1,16,0,0,Tidak Ada
362,362019,13621019,PENDIDIKAN JASMANI KESEHATAN DAN REKREASI,S1,40,0,1,Olahraga
362,362020,13621020,PENDIDIKAN KEPELATIHAN OLAHRAGA,S1,40,0,1,Olahraga
362,362021,13621021,PENDIDIKAN JASMANI SEKOLAH DASAR,S1,24,0,1,Olahraga
362,362022,13621022,TEKNIK ELEKTRO,S1,16,0,0,Tidak Ada
362,362023,13621023,TEKNOLOGI INFORMASI,S1,24,0,0,Tidak Ada
362,362024,13621024,TEKNIK MANUFAKTUR,S1,16,0,0,Tidak Ada
362,362025,13621025,TEKNIK SIPIL,S1,27,0,0,Tidak Ada
362,362026,13621026,MANAJEMEN PENDIDIKAN,S1,16,0,0,Tidak Ada
362,362027,13621027,BIMBINGAN & KONSELING,S1,24,0,0,Tidak Ada
362,362028,13621028,TEKNOLOGI PENDIDIKAN,S1,16,0,0,Tidak Ada
362,362029,13621029,PENDIDIKAN LUAR BIASA,S1,24,0,0,Tidak Ada
362,362030,13621030,PENDIDIKAN LUAR SEKOLAH,S1,16,0,0,Tidak Ada
362,362031,13621031,PENDIDIKAN KRIYA,S1,24,0,2,"Seni Rupa, Desain, dan Kriya"
362,362032,13621032,PENDIDIKAN KEWARGANEGARAAN,S1,16,0,0,Tidak Ada
362,362033,13621033,PENDIDIKAN SEJARAH,S1,36,0,0,Tidak Ada
362,362034,13621034,PENDIDIKAN GEOGRAFI,S1,16,0,0,Tidak Ada
362,362037,13621037,PENDIDIKAN TEKNIK BUSANA,S1,16,0,0,Tidak Ada
362,362038,13621038,PENDIDIKAN TEKNIK BOGA,S1,19,0,0,Tidak Ada
362,362039,13621039,PENDIDIKAN ADMINISTRASI PERKANTORAN,S1,24,0,0,Tidak Ada
362,362040,13621040,PENDIDIKAN AKUNTANSI,S1,24,0,0,Tidak Ada
362,362041,13621041,PENDIDIKAN EKONOMI,S1,27,0,0,Tidak Ada
362,362042,13621042,MANAJEMEN,S1,51,0,0,Tidak Ada
362,362043,13621043,ILMU SEJARAH,S1,16,0,0,Tidak Ada
362,362044,13621044,AKUNTANSI,S1,32,0,0,Tidak Ada
362,362045,13621045,PENDIDIKAN SOSIOLOGI,S1,16,0,0,Tidak Ada
362,362046,13621046,PENDIDIKAN IPS,S1,22,0,0,Tidak Ada
362,362047,13621047,ADMINISTRASI PUBLIK,S1,33,0,0,Tidak Ada
362,362048,13621048,KEBIJAKAN PENDIDIKAN,S1,16,0,0,Tidak Ada
362,362049,13621049,PENDIDIKAN GURU SEKOLAH DASAR,S1,51,0,0,Tidak Ada
362,362050,13621050,PENDIDIKAN GURU PAUD,S1,16,0,0,Tidak Ada
362,362052,13621052,PENDIDIKAN BAHASA INGGRIS,S1,51,0,0,Tidak Ada
362,362053,13621053,PENDIDIKAN BAHASA JERMAN,S1,24,0,0,Tidak Ada
362,362054,13621054,PENDIDIKAN BAHASA PRANCIS,S1,24,0,0,Tidak Ada
362,362055,13621055,PENDIDIKAN SENI RUPA,S1,24,0,2,"Seni Rupa, Desain, dan Kriya"
362,362056,13621056,SASTRA INDONESIA,S1,24,0,0,Tidak Ada
362,362057,13621057,SASTRA INGGRIS,S1,24,0,0,Tidak Ada
362,362058,13621058,PENDIDIKAN SENI TARI,S1,24,0,5,Tari
362,362059,13621059,PENDIDIKAN SENI MUSIK,S1,24,0,6,Musik
362,362060,13621060,PENDIDIKAN BAHASA DAN SASTRA INDONESIA,S1,47,0,0,Tidak Ada
362,362061,13621061,PENDIDIKAN BAHASA JAWA,S1,54,0,0,Tidak Ada
362,362062,13621062,ILMU KOMUNIKASI,S1,39,0,0,Tidak Ada
362,362063,13621063,PSIKOLOGI,S1,47,0,0,Tidak Ada
362,362075,13621075,ARSITEKTUR,S1,8,0,0,Tidak Ada
362,362076,13622076,TATA BUSANA,D4,16,0,0,Tidak Ada
362,362077,13622077,TATA RIAS DAN KECANTIKAN,D4,24,0,0,Tidak Ada
362,362078,13622078,TEKNIK ELEKTRONIKA,D4,16,0,0,Tidak Ada
362,362079,13622079,AKUNTANSI,D4,24,0,0,Tidak Ada
362,362080,13622080,TEKNIK ELEKTRO,D4,8,0,0,Tidak Ada
362,362081,13622081,MANAJEMEN PEMASARAN,D4,24,0,0,Tidak Ada
362,362082,13622082,TEKNIK MESIN,D4,8,0,0,Tidak Ada
362,362083,13622083,TEKNIK SIPIL,D4,8,0,0,Tidak Ada
362,362084,13622084,TATA BOGA,D4,22,0,0,Tidak Ada
362,362085,13622085,MESIN OTOMOTIF,D4,8,0,0,Tidak Ada
362,362086,13622086,ADMINISTRASI PERKANTORAN,D4,24,0,0,Tidak Ada
362,362087,13622087,PENGOBATAN TRADISIONAL INDONESIA,D4,12,0,0,Tidak Ada
362,362088,13622088,PENGELOLAAN USAHA REKREASI,D4,12,0,0,Tidak Ada
362,362089,13622089,PROMOSI KESEHATAN,D4,12,0,0,Tidak Ada
362,362090,13621090,TEKNIK INDUSTRI,S1,27,0,0,Tidak Ada
362,362091,13621091,PARIWISATA,S1,24,0,0,Tidak Ada
362,362092,13621092,ILMU POLITIK,S1,16,0,0,Tidak Ada
362,362093,13621093,ILMU HUKUM,S1,24,0,0,Tidak Ada
362,362094,13621094,KEDOKTERAN,S1,10,0,0,Tidak Ada
362,362095,13621095,DESAIN KOMUNIKASI VISUAL,S1,16,0,2,"Seni Rupa, Desain, dan Kriya"
362,362096,13621096,PENDIDIKAN AGAMA ISLAM,S1,16,1,0,Tidak Ada
363,363001,13631001,TEKNIK GEOLOGI,S1,65,0,0,Tidak Ada
363,363002,13631002,TEKNIK PERTAMBANGAN,S1,52,0,0,Tidak Ada
363,363003,13631003,TEKNIK PERMINYAKAN,S1,43,0,0,Tidak Ada
363,363004,13631004,TEKNIK LINGKUNGAN,S1,40,0,0,Tidak Ada
363,363005,13631005,TEKNIK GEOFISIKA,S1,27,0,0,Tidak Ada
363,363006,13631006,TEKNIK KIMIA,S1,55,0,0,Tidak Ada
363,363007,13631007,TEKNIK INDUSTRI,S1,56,0,0,Tidak Ada
363,363008,13631008,TEKNIK INFORMATIKA,S1,52,0,0,Tidak Ada
363,363009,13631009,AGROTEKNOLOGI,S1,69,0,0,Tidak Ada
363,363010,13631010,AGRIBISNIS,S1,54,0,0,Tidak Ada
363,363011,13631011,METALURGI,S1,28,0,0,Tidak Ada
363,363012,13631012,ILMU TANAH,S1,35,0,0,Tidak Ada
363,363013,13631013,SISTEM INFORMASI,S1,41,0,0,Tidak Ada
363,363014,13631014,TEKNIK GEOMATIKA,S1,25,0,0,Tidak Ada
363,363015,13631015,MANAJEMEN,S1,142,0,0,Tidak Ada
363,363016,13631016,AKUNTANSI,S1,87,0,0,Tidak Ada
363,363017,13631017,EKONOMI PEMBANGUNAN,S1,77,0,0,Tidak Ada
363,363018,13631018,ILMU HUBUNGAN INTERNASIONAL,S1,55,0,0,Tidak Ada
363,363019,13631019,ILMU ADMINISTRASI BISNIS,S1,55,0,0,Tidak Ada
363,363020,13631020,ILMU KOMUNIKASI,S1,56,0,0,Tidak Ada
363,363021,13631021,HUBUNGAN MASYARAKAT,S1,45,0,0,Tidak Ada
363,363022,13633022,TEKNIK KIMIA,D3,43,0,0,Tidak Ada
364,364001,13641001,SENI TARI,S1,24,0,5,Tari
364,364002,13641002,SENI MUSIK,S1,38,0,6,Musik
364,364003,13641003,PENDIDIKAN MUSIK,S1,27,0,6,Musik
364,364004,13641004,PENCIPTAAN MUSIK,S1,14,0,6,Musik
364,364005,13641005,SENI TEATER,S1,21,0,7,Teater
364,364006,13641006,"PENDIDIKAN SENI DRAMA, TARI, DAN MUSIK",S1,14,0,3,Sendratasik
364,364007,13641007,SENI RUPA MURNI,S1,36,0,2,"Seni Rupa, Desain, dan Kriya"
364,364008,13641008,KRIYA SENI,S1,36,0,2,"Seni Rupa, Desain, dan Kriya"
364,364009,13641009,DESAIN INTERIOR,S1,44,0,2,"Seni Rupa, Desain, dan Kriya"
364,364010,13641010,DESAIN KOMUNIKASI VISUAL,S1,36,0,2,"Seni Rupa, Desain, dan Kriya"
364,364011,13641011,DESAIN PRODUK,S1,24,0,2,"Seni Rupa, Desain, dan Kriya"
364,364012,13641012,TELEVISI DAN FILM,S1,30,0,8,Film dan Televisi
364,364013,13641013,FOTOGRAFI,S1,36,0,9,Fotografi
364,364014,13641014,SENI KARAWITAN,S1,15,0,10,Seni Karawitan
364,364015,13641015,ETNOMUSIKOLOGI,S1,15,0,11,Etnomusikologi
364,364016,13641016,SENI PEDALANGAN,S1,5,0,12,Seni Pedalangan
364,364017,13641017,TATA KELOLA SENI,S1,23,0,0,Tidak Ada
364,364018,13642018,PENYAJIAN MUSIK,D4,14,0,6,Musik
364,364021,13641021,KONSERVASI SENI,S1,11,0,2,"Seni Rupa, Desain, dan Kriya"
364,364022,13642022,ANIMASI,D4,36,0,2,"Seni Rupa, Desain, dan Kriya"
364,364023,13642023,DESAIN MODE KRIYA BATIK,D4,23,0,2,"Seni Rupa, Desain, dan Kriya"
364,364024,13642024,DESAIN MEDIA,D4,23,0,2,"Seni Rupa, Desain, dan Kriya"
364,364025,13642025,PRODUKSI FILM DAN TELEVISI,D4,11,0,8,Film dan Televisi
364,364026,13642026,TEATER MUSIKAL,D4,8,0,3,Sendratasik
365,365001,13651001,MATEMATIKA,S1,46,0,0,Tidak Ada
365,365002,13651002,FISIKA,S1,25,0,0,Tidak Ada
365,365003,13651003,KIMIA,S1,35,0,0,Tidak Ada
365,365004,13651004,BIOLOGI,S1,35,0,0,Tidak Ada
365,365005,13651005,TEKNIK INFORMATIKA,S1,46,0,0,Tidak Ada
365,365006,13651006,TEKNIK INDUSTRI,S1,39,0,0,Tidak Ada
365,365007,13651007,PENDIDIKAN MATEMATIKA,S1,42,0,0,Tidak Ada
365,365008,13651008,PENDIDIKAN FISIKA,S1,32,0,0,Tidak Ada
365,365009,13651009,PENDIDIKAN KIMIA,S1,32,0,0,Tidak Ada
365,365010,13651010,PENDIDIKAN BIOLOGI,S1,42,0,0,Tidak Ada
365,365013,13651013,ILMU PERPUSTAKAAN (IP),S1,60,0,0,Tidak Ada
365,365022,13651022,PSIKOLOGI,S1,77,0,0,Tidak Ada
365,365023,13651023,SOSIOLOGI,S1,53,0,0,Tidak Ada
365,365024,13651024,ILMU KOMUNIKASI,S1,67,0,0,Tidak Ada
365,365026,13651026,SASTRA INGGRIS (SI),S1,56,0,0,Tidak Ada
365,365029,13651029,ILMU HUKUM (IH),S1,70,0,0,Tidak Ada
365,365030,13651030,ILMU KESEJAHTERAAN SOSIAL (IKS),S1,37,0,0,Tidak Ada
365,365040,13651040,ARSITEKTUR,S1,19,0,0,Tidak Ada
365,365041,13651041,SAINS BIOMEDIS,S1,19,0,0,Tidak Ada
366,366001,13661001,ARSITEKTUR,S1,38,0,0,Tidak Ada
366,366002,13661002,INFORMATIKA,S1,59,0,0,Tidak Ada
366,366003,13661003,PERPUSTAKAAN DAN SAINS INFORMASI,S1,23,0,0,Tidak Ada
366,366004,13661004,ILMU LINGKUNGAN,S1,30,0,0,Tidak Ada
367,367001,13671001,BISNIS DIGITAL,S1,78,0,0,Tidak Ada
367,367002,13671002,TEKNOLOGI INFORMASI,S1,72,0,0,Tidak Ada
367,367003,13671003,SAINS DATA,S1,42,0,0,Tidak Ada
367,367004,13671004,PERPUSTAKAAN DAN SAINS INFORMASI,S1,78,0,0,Tidak Ada
368,368001,13681001,BISNIS DIGITAL,S1,61,0,0,Tidak Ada
368,368002,13681002,SAINS DATA,S1,48,0,0,Tidak Ada
368,368003,13681003,INFORMATIKA,S1,61,0,0,Tidak Ada
368,368004,13681004,HUKUM BISNIS,S1,48,0,0,Tidak Ada
368,368005,13681005,TEKNIK INDUSTRI,S1,25,1,0,Tidak Ada
368,368006,13681006,GIZI,S1,25,1,0,Tidak Ada
371,371001,13711001,AGROTEKNOLOGI / AGROEKOTEKNOLOGI,S1,60,0,0,Tidak Ada
371,371002,13711002,AGRIBISNIS,S1,42,0,0,Tidak Ada
371,371003,13711003,PENDIDIKAN MATEMATIKA,S1,57,0,0,Tidak Ada
371,371004,13711004,PENDIDIKAN FISIKA,S1,64,0,0,Tidak Ada
371,371005,13711005,PENDIDIKAN BIOLOGI,S1,55,0,0,Tidak Ada
371,371006,13711006,TEKNOLOGI HASIL PERTANIAN,S1,50,0,0,Tidak Ada
371,371007,13711007,TEKNIK PERTANIAN,S1,50,0,0,Tidak Ada
371,371008,13711008,PENDIDIKAN  DOKTER GIGI,S1,57,0,0,Tidak Ada
371,371009,13711009,MATEMATIKA,S1,48,0,0,Tidak Ada
371,371010,13711010,FISIKA,S1,50,0,0,Tidak Ada
371,371011,13711011,KIMIA,S1,46,0,0,Tidak Ada
371,371012,13711012,BIOLOGI,S1,42,0,0,Tidak Ada
371,371013,13711013,PENDIDIKAN DOKTER,S1,57,0,0,Tidak Ada
371,371014,13711014,KESEHATAN MASYARAKAT,S1,80,0,0,Tidak Ada
371,371015,13711015,TEKNIK MESIN,S1,42,0,0,Tidak Ada
371,371016,13711016,TEKNIK ELEKTRO,S1,44,0,0,Tidak Ada
371,371017,13711017,TEKNIK SIPIL,S1,52,0,0,Tidak Ada
371,371018,13711018,FARMASI,S1,57,0,0,Tidak Ada
371,371019,13711019,ILMU KEPERAWATAN,S1,60,0,0,Tidak Ada
371,371020,13711020,SISTEM INFORMASI,S1,40,0,0,Tidak Ada
371,371024,13711024,TEKNOLOGI INDUSTRI PERTANIAN,S1,50,0,0,Tidak Ada
371,371025,13711025,ILMU TANAH,S1,30,0,0,Tidak Ada
371,371026,13711026,PROTEKSI TANAMAN,S1,35,0,0,Tidak Ada
371,371027,13711027,TEKNOLOGI INFORMASI,S1,40,0,0,Tidak Ada
371,371028,13711028,PENDIDIKAN IPA,S1,55,0,0,Tidak Ada
371,371029,13711029,PERENCANAAN WILAYAH DAN KOTA,S1,38,0,0,Tidak Ada
371,371030,13711030,TEKNIK KIMIA,S1,25,0,0,Tidak Ada
371,371031,13711031,AGRONOMI,S1,40,0,0,Tidak Ada
371,371032,13711032,ILMU PERTANIAN KAMPUS BONDOWOSO,S1,45,0,0,Tidak Ada
371,371033,13711033,INFORMATIKA,S1,40,0,0,Tidak Ada
371,371034,13711034,PENYULUHAN PERTANIAN,S1,25,0,0,Tidak Ada
371,371035,13711035,TEKNIK LINGKUNGAN,S1,25,0,0,Tidak Ada
371,371036,13711036,TEKNIK KONSTRUKSI PERKAPALAN,S1,27,0,0,Tidak Ada
371,371037,13711037,PETERNAKAN KAMPUS BONDOWOSO,S1,35,0,0,Tidak Ada
371,371038,13711038,GIZI KAMPUS BONDOWOSO,S1,36,0,0,Tidak Ada
371,371039,13711039,TEKNIK PERTAMBANGAN,S1,24,0,0,Tidak Ada
371,371040,13711040,TEKNIK PERMINYAKAN,S1,24,0,0,Tidak Ada
371,371041,13711041,ILMU HUKUM,S1,135,0,0,Tidak Ada
371,371042,13711042,HUBUNGAN INTERNASIONAL,S1,50,0,0,Tidak Ada
371,371043,13711043,ILMU ADMINISTRASI NEGARA,S1,50,0,0,Tidak Ada
371,371044,13711044,ILMU ADMINISTRASI BISNIS,S1,50,0,0,Tidak Ada
371,371045,13711045,ILMU KESEJAHTERAAN SOSIAL,S1,55,0,0,Tidak Ada
371,371046,13711046,SOSIOLOGI,S1,55,0,0,Tidak Ada
371,371047,13711047,EKONOMI PEMBANGUNAN,S1,70,0,0,Tidak Ada
371,371048,13711048,MANAJEMEN,S1,85,0,0,Tidak Ada
371,371049,13711049,AKUNTANSI,S1,61,0,0,Tidak Ada
371,371050,13711050,PENDIDIKAN LUAR SEKOLAH,S1,45,0,0,Tidak Ada
371,371051,13711051,PENDIDIKAN EKONOMI,S1,50,0,0,Tidak Ada
371,371052,13711052,PENDIDIKAN SEJARAH,S1,40,0,0,Tidak Ada
371,371053,13711053,PENDIDIKAN BAHASA INGGRIS,S1,55,0,0,Tidak Ada
371,371054,13711054,PENDIDIKAN BHS. & SASTRA INDO.,S1,55,0,0,Tidak Ada
371,371055,13711055,PENDIDIKAN GURU SEKOLAH DASAR,S1,50,0,0,Tidak Ada
371,371056,13711056,SASTRA INGGRIS,S1,36,0,0,Tidak Ada
371,371057,13711057,SASTRA INDONESIA,S1,40,0,0,Tidak Ada
371,371058,13711058,ILMU SEJARAH,S1,45,0,0,Tidak Ada
371,371059,13711059,TELEVISI & FILM,S1,36,0,8,Film dan Televisi
371,371060,13711060,PG PAUD,S1,60,0,0,Tidak Ada
371,371061,13711061,EKONOMI SYARIAH,S1,42,0,0,Tidak Ada
371,371062,13711062,PENDIDIKAN GEOGRAFI,S1,40,0,0,Tidak Ada
371,371063,13711063,EKONOMI SYARIAH KAMPUS BONDOWOSO,S1,24,0,0,Tidak Ada
371,371064,13711064,PEND. GURU SEKOLAH DASAR KAMPUS BONDOWOSO,S1,40,0,0,Tidak Ada
371,371065,13713065,ADMINISTRASI KEUANGAN,D3,30,0,0,Tidak Ada
371,371066,13712066,TEKNOLOGI REKAYASA KONSTRUKSI BANGUNAN GEDUNG,D4,30,0,0,Tidak Ada
371,371067,13713067,KEPERAWATAN KAMPUS LUMAJANG,D3,65,0,0,Tidak Ada
371,371068,13713068,AKUNTANSI,D3,30,0,0,Tidak Ada
371,371069,13713069,PERPAJAKAN,D3,30,0,0,Tidak Ada
371,371070,13712070,REKAYASA PERANCANGAN MEKANIK,D4,30,0,0,Tidak Ada
371,371071,13713071,KEPERAWATAN (KAMPUS KOTA PASURUAN),D3,60,0,0,Tidak Ada
371,371072,13712072,TEKNOLOGI REKAYASA ELEKTRONIKA,D4,30,0,0,Tidak Ada
371,371073,13713073,MANAJEMEN PERUSAHAAN,D3,30,0,0,Tidak Ada
371,371074,13713074,KESEKRETARIATAN,D3,30,0,0,Tidak Ada
371,371075,13713075,USAHA PERJALANAN WISATA,D3,35,0,0,Tidak Ada
371,371076,13711076,AGRIBISNIS KAMPUS BONDOWOSO,S1,18,1,0,Tidak Ada
371,371077,13711077,AKUNTANSI KAMPUS BONDOWOSO,S1,26,1,0,Tidak Ada
371,371078,13711078,PENDIDIKAN MATEMATIKA KAMPUS BONDOWOSO,S1,25,1,0,Tidak Ada
371,371079,13711079,ILMU KEPERAWATAN KAMPUS LUMAJANG,S1,25,1,0,Tidak Ada
372,372001,13721001,MANAJEMEN SUMBERDAYA PERAIRAN,S1,36,0,0,Tidak Ada
372,372002,13721002,BUDIDAYA PERAIRAN,S1,36,0,0,Tidak Ada
372,372003,13721003,TEKNIK SIPIL,S1,37,0,0,Tidak Ada
372,372004,13721004,TEKNIK MESIN,S1,44,0,0,Tidak Ada
372,372005,13721005,TEKNIK ELEKTRO,S1,44,0,0,Tidak Ada
372,372006,13721006,ARSITEKTUR,S1,37,0,0,Tidak Ada
372,372007,13721007,TEKNIK PENGAIRAN,S1,37,0,0,Tidak Ada
372,372008,13721008,KEDOKTERAN,S1,64,0,0,Tidak Ada
372,372009,13721009,TEKNOLOGI PANGAN,S1,50,0,0,Tidak Ada
372,372010,13721010,BIOLOGI,S1,38,0,0,Tidak Ada
372,372011,13721011,FISIKA,S1,22,0,0,Tidak Ada
372,372012,13721012,KIMIA,S1,42,0,0,Tidak Ada
372,372013,13721013,MATEMATIKA,S1,40,0,0,Tidak Ada
372,372014,13721014,PEMANFAATAN SUMBERDAYA PERIKANAN,S1,38,0,0,Tidak Ada
372,372015,13721015,TEKNOLOGI HASIL PERIKANAN,S1,40,0,0,Tidak Ada
372,372016,13721016,AGROBISNIS PERIKANAN,S1,36,0,0,Tidak Ada
372,372017,13721017,TEKNIK PERTANIAN DAN BIOSISTEM,S1,33,0,0,Tidak Ada
372,372018,13721018,STATISTIKA,S1,42,0,0,Tidak Ada
372,372019,13721019,PERENCANAAN WILAYAH & KOTA,S1,37,0,0,Tidak Ada
372,372020,13721020,TEKNIK INDUSTRI PERTANIAN,S1,70,0,0,Tidak Ada
372,372021,13721021,ILMU KEPERAWATAN,S1,44,0,0,Tidak Ada
372,372023,13721023,ILMU GIZI,S1,36,0,0,Tidak Ada
372,372024,13721024,TEKNIK INDUSTRI,S1,44,0,0,Tidak Ada
372,372025,13721025,TEKNIK INFORMATIKA,S1,56,0,0,Tidak Ada
372,372026,13721026,AGROEKOTEKNOLOGI,S1,179,0,0,Tidak Ada
372,372027,13721027,AGRIBISNIS,S1,104,0,0,Tidak Ada
372,372028,13721028,PETERNAKAN,S1,159,0,0,Tidak Ada
372,372029,13721029,PENDIDIKAN DOKTER HEWAN,S1,48,0,0,Tidak Ada
372,372030,13721030,PENDIDIKAN DOKTER GIGI,S1,33,0,0,Tidak Ada
372,372031,13721031,ILMU KELAUTAN,S1,36,0,0,Tidak Ada
372,372032,13721032,KEBIDANAN,S1,32,0,0,Tidak Ada
372,372033,13721033,FARMASI,S1,36,0,0,Tidak Ada
372,372035,13721035,TEKNIK KOMPUTER,S1,40,0,0,Tidak Ada
372,372036,13721036,SISTEM INFORMASI,S1,56,0,0,Tidak Ada
372,372037,13721037,TEKNIK KIMIA,S1,30,0,0,Tidak Ada
372,372038,13721038,INSTRUMENTASI,S1,23,0,0,Tidak Ada
372,372039,13721039,TEKNIK GEOFISIKA,S1,19,0,0,Tidak Ada
372,372040,13721040,BIOTEKNOLOGI,S1,36,0,0,Tidak Ada
372,372042,13721042,TEKNOLOGI BIOPROSES,S1,25,0,0,Tidak Ada
372,372043,13721043,TEKNIK LINGKUNGAN,S1,40,0,0,Tidak Ada
372,372046,13721046,PENDIDIKAN TEKNOLOGI INFORMASI,S1,36,0,0,Tidak Ada
372,372047,13721047,TEKNOLOGI INFORMASI,S1,40,0,0,Tidak Ada
372,372048,13721048,AGROEKOTEKNOLOGI (PSDKU KEDIRI),S1,42,0,0,Tidak Ada
372,372049,13721049,AGRIBISNIS (PSDKU KEDIRI),S1,42,0,0,Tidak Ada
372,372050,13721050,PETERNAKAN (PSDKU KEDIRI),S1,42,0,0,Tidak Ada
372,372051,13721051,AKUAKULTUR (PSDKU KEDIRI) ,S1,42,0,0,Tidak Ada
372,372052,13721052,SOSIAL EKONOMI PERIKANAN (PSDKU KEDIRI),S1,42,0,0,Tidak Ada
372,372053,13721053,KEHUTANAN,S1,20,0,0,Tidak Ada
372,372054,13721054,ILMU AKTUARIA,S1,20,0,0,Tidak Ada
372,372055,13722055,DESAIN GRAFIS,D4,42,0,2,"Seni Rupa, Desain, dan Kriya"
372,372056,13721056,ILMU HUKUM,S1,133,0,0,Tidak Ada
372,372057,13721057,EKONOMI PEMBANGUNAN,S1,35,0,0,Tidak Ada
372,372058,13721058,ADMINISTRASI PUBLIK,S1,82,0,0,Tidak Ada
372,372059,13721059,ADMINISTRASI BISNIS,S1,93,0,0,Tidak Ada
372,372060,13721060,MANAJEMEN,S1,75,0,0,Tidak Ada
372,372061,13721061,AKUNTANSI,S1,94,0,0,Tidak Ada
372,372062,13721062,SOSIOLOGI,S1,42,0,0,Tidak Ada
372,372063,13721063,ILMU KOMUNIKASI,S1,56,0,0,Tidak Ada
372,372064,13721064,PSIKOLOGI,S1,58,0,0,Tidak Ada
372,372065,13721065,HUBUNGAN INTERNASIONAL,S1,50,0,0,Tidak Ada
372,372066,13721066,SASTRA INGGRIS,S1,58,0,0,Tidak Ada
372,372067,13721067,SASTRA JEPANG,S1,38,0,0,Tidak Ada
372,372068,13721068,BAHASA DAN SASTRA PRANCIS,S1,22,0,0,Tidak Ada
372,372069,13721069,ILMU POLITIK,S1,36,0,0,Tidak Ada
372,372070,13721070,ILMU PEMERINTAHAN,S1,36,0,0,Tidak Ada
372,372072,13721072,PERPAJAKAN,S1,55,0,0,Tidak Ada
372,372075,13721075,EKONOMI ISLAM,S1,31,0,0,Tidak Ada
372,372076,13721076,"EKONOMI, KEUANGAN DAN PERBANKAN",S1,47,0,0,Tidak Ada
372,372077,13721077,ILMU PERPUSTAKAAN,S1,22,0,0,Tidak Ada
372,372078,13721078,PARIWISATA,S1,33,0,0,Tidak Ada
372,372080,13721080,PENDIDIKAN BAHASA INGGRIS,S1,45,0,0,Tidak Ada
372,372081,13721081,PENDIDIKAN BAHASA JEPANG,S1,18,0,0,Tidak Ada
372,372082,13721082,PENDIDIKAN BHS & SASTRA INDONESIA,S1,28,0,0,Tidak Ada
372,372085,13721085,ADMINISTRASI PENDIDIKAN,S1,22,0,0,Tidak Ada
372,372086,13721086,SENI RUPA MURNI,S1,19,0,2,"Seni Rupa, Desain, dan Kriya"
372,372087,13721087,SASTRA CINA,S1,25,0,0,Tidak Ada
372,372088,13721088,ANTROPOLOGI,S1,23,0,0,Tidak Ada
372,372089,13721089,KEWIRAUSAHAAN,S1,21,0,0,Tidak Ada
372,372090,13722090,MANAJEMEN PERHOTELAN,D4,58,0,0,Tidak Ada
372,372091,13723091,KEUANGAN DAN PERBANKAN,D3,75,0,0,Tidak Ada
372,372092,13723092,ADMINISTRASI BISNIS,D3,79,0,0,Tidak Ada
372,372093,13723093,TEKNOLOGI INFORMASI,D3,78,0,0,Tidak Ada
372,372094,13721094,SAINS DATA,S1,14,0,0,Tidak Ada
372,372095,13721095,BIOINFORMATIKA,S1,12,0,0,Tidak Ada
372,372096,13721096,INDUSTRI PETERNAKAN CERDAS,S1,20,0,0,Tidak Ada
373,373001,13731001,PENDIDIKAN MATEMATIKA  ,S1,80,0,0,Tidak Ada
373,373002,13731002,PENDIDIKAN FISIKA  ,S1,76,0,0,Tidak Ada
373,373003,13731003,PENDIDIKAN KIMIA ,S1,71,0,0,Tidak Ada
373,373004,13731004,PENDIDIKAN BIOLOGI ,S1,46,0,0,Tidak Ada
373,373005,13731005,PENDIDIKAN TEKNIK MESIN ,S1,55,0,0,Tidak Ada
373,373006,13731006,PENDIDIKAN TEKNIK BANGUNAN ,S1,48,0,0,Tidak Ada
373,373007,13731007,PENDIDIKAN TEKNIK INFORMATIKA ,S1,34,0,0,Tidak Ada
373,373008,13731008,PENDIDIKAN TEKNIK OTOMOTIF ,S1,55,0,0,Tidak Ada
373,373009,13731009,ILMU KEOLAHRAGAAN ,S1,56,0,1,Olahraga
373,373010,13731010,MATEMATIKA ,S1,78,0,0,Tidak Ada
373,373011,13731011,FISIKA ,S1,76,0,0,Tidak Ada
373,373012,13731012,KIMIA ,S1,51,0,0,Tidak Ada
373,373013,13731013,BIOLOGI ,S1,37,0,0,Tidak Ada
373,373014,13731014,PENDIDIKAN TEKNIK ELEKTRO ,S1,42,0,0,Tidak Ada
373,373015,13731015,TEKNIK SIPIL,S1,44,0,0,Tidak Ada
373,373016,13731016,PENDIDIKAN ILMU PENGETAHUAN ALAM,S1,75,0,0,Tidak Ada
373,373017,13731017,KESEHATAN MASYARAKAT,S1,110,0,0,Tidak Ada
373,373018,13731018,TEKNIK MESIN,S1,35,0,0,Tidak Ada
373,373019,13731019,TEKNIK ELEKTRO,S1,38,0,0,Tidak Ada
373,373020,13731020,TEKNIK INFORMATIKA,S1,32,0,0,Tidak Ada
373,373021,13731021,TEKNIK INDUSTRI,S1,35,0,0,Tidak Ada
373,373022,13731022,BIOTEKNOLOGI,S1,24,0,0,Tidak Ada
373,373023,13732023,TEKNOLOGI REKAYASA MANUFAKTUR,D4,31,0,0,Tidak Ada
373,373024,13732024,TEKNOLOGI REKAYASA OTOMOTIF,D4,32,0,0,Tidak Ada
373,373025,13732025,TEKNOLOGI REKAYASA DAN PEMELIHARAAN BANGUNAN SIPIL,D4,35,0,0,Tidak Ada
373,373026,13732026,TEKNOLOGI REKAYASA PEMBANGKIT ENERGI,D4,35,0,0,Tidak Ada
373,373027,13732027,TEKNOLOGI REKAYASA SISTEM ELEKTRONIKA,D4,31,0,0,Tidak Ada
373,373028,13731028,BIMBINGAN DAN KONSELING ,S1,60,0,0,Tidak Ada
373,373029,13731029,"PENDIDIKAN JASMANI, KESEHATAN, DAN REKREASI",S1,79,0,1,Olahraga
373,373030,13731030,TEKNOLOGI PENDIDIKAN ,S1,62,0,0,Tidak Ada
373,373031,13731031,PENDIDIKAN NONFORMAL,S1,76,0,0,Tidak Ada
373,373032,13731032,MANAJEMEN PENDIDIKAN,S1,59,0,0,Tidak Ada
373,373033,13731033,PENDIDIKAN GURU SEKOLAH DASAR,S1,118,0,0,Tidak Ada
373,373034,13731034,PENDIDIKAN GURU PEND. ANAK USIA DINI,S1,65,0,0,Tidak Ada
373,373035,13731035,PENDIDIKAN PANCASILA DAN KEWARGANEGARAAN  ,S1,66,0,0,Tidak Ada
373,373036,13731036,"PEND. BAHASA, SASTRA INDONESIA & DAERAH ",S1,55,0,0,Tidak Ada
373,373037,13731037,PENDIDIKAN BAHASA INGGRIS ,S1,46,0,0,Tidak Ada
373,373038,13731038,PENDIDIKAN BAHASA ARAB ,S1,72,0,0,Tidak Ada
373,373039,13731039,PENDIDIKAN SENI RUPA  ,S1,55,0,2,"Seni Rupa, Desain, dan Kriya"
373,373040,13731040,PENDIDIKAN BAHASA JERMAN   ,S1,42,0,0,Tidak Ada
373,373041,13731041,PENDIDIKAN SENI PERTUNJUKAN,S1,58,0,3,Sendratasik
373,373042,13731042,PENDIDIKAN SEJARAH  ,S1,72,0,0,Tidak Ada
373,373043,13731043,PENDIDIKAN EKONOMI  ,S1,45,0,0,Tidak Ada
373,373044,13731044,PENDIDIKAN BISNIS,S1,42,0,0,Tidak Ada
373,373045,13731045,PENDIDIKAN ADMINISTRASI PERKANTORAN ,S1,49,0,0,Tidak Ada
373,373046,13731046,PENDIDIKAN AKUNTANSI ,S1,41,0,0,Tidak Ada
373,373047,13731047,PENDIDIKAN TATA BOGA ,S1,34,0,0,Tidak Ada
373,373048,13731048,PENDIDIKAN TATA BUSANA ,S1,38,0,0,Tidak Ada
373,373049,13731049,PSIKOLOGI ,S1,100,0,0,Tidak Ada
373,373050,13731050,BAHASA DAN SASTRA INDONESIA ,S1,45,0,0,Tidak Ada
373,373051,13731051,BAHASA DAN SASTRA INGGRIS ,S1,40,0,0,Tidak Ada
373,373052,13731052,SEJARAH,S1,35,0,0,Tidak Ada
373,373053,13731053,DESAIN KOMUNIKASI VISUAL ,S1,52,0,2,"Seni Rupa, Desain, dan Kriya"
373,373054,13731054,AKUNTANSI  ,S1,68,0,0,Tidak Ada
373,373055,13731055,EKONOMI DAN STUDI PEMBANGUNAN ,S1,52,0,0,Tidak Ada
373,373056,13731056,MANAJEMEN ,S1,81,0,0,Tidak Ada
373,373057,13731057,PENDIDIKAN KHUSUS,S1,55,0,0,Tidak Ada
373,373058,13731058,PENDIDIKAN GEOGRAFI  ,S1,68,0,0,Tidak Ada
373,373059,13731059,PENDIDIKAN BAHASA MANDARIN,S1,36,0,0,Tidak Ada
373,373060,13731060,PENDIDIKAN ILMU PENGETAHUAN SOSIAL,S1,45,0,0,Tidak Ada
373,373061,13731061,PENDIDIKAN KEPELATIHAN OLAHRAGA,S1,56,0,1,Olahraga
373,373062,13731062,GEOGRAFI,S1,49,0,0,Tidak Ada
373,373063,13731063,PENDIDIKAN SOSIOLOGI,S1,56,0,0,Tidak Ada
373,373064,13731064,ILMU PERPUSTAKAAN,S1,47,0,0,Tidak Ada
373,373065,13732065,PERPUSTAKAAN DIGITAL,D4,34,0,0,Tidak Ada
373,373066,13732066,ANIMASI,D4,44,0,2,"Seni Rupa, Desain, dan Kriya"
373,373067,13732067,MANAJEMEN PEMASARAN,D4,41,0,0,Tidak Ada
373,373068,13732068,AKUNTANSI,D4,41,0,0,Tidak Ada
373,373069,13732069,TATA BOGA,D4,38,0,0,Tidak Ada
373,373070,13732070,DESAIN MODE,D4,40,0,2,"Seni Rupa, Desain, dan Kriya"
373,373083,13731083,GIZI,S1,26,0,0,Tidak Ada
373,373084,13731084,ILMU KOMUNIKASI,S1,48,0,0,Tidak Ada
373,373085,13731085,KEDOKTERAN,S1,11,0,0,Tidak Ada
373,373086,13731086,KEPERAWATAN,S1,11,0,0,Tidak Ada
373,373087,13731087,KEBIDANAN,S1,11,0,0,Tidak Ada
373,373088,13731088,HUKUM,S1,47,0,0,Tidak Ada
373,373089,13731089,PARIWISATA,S1,38,0,0,Tidak Ada
373,373090,13731090,ARSITEKTUR,S1,25,0,0,Tidak Ada
373,373091,13731091,TEKNIK LINGKUNGAN,S1,23,0,0,Tidak Ada
373,373092,13731092,SAINS AKTUARIA,S1,42,0,0,Tidak Ada
374,374001,13741001,MATEMATIKA,S1,47,0,0,Tidak Ada
374,374002,13741002,BIOLOGI,S1,62,0,0,Tidak Ada
374,374003,13741003,KIMIA,S1,47,0,0,Tidak Ada
374,374004,13741004,FISIKA,S1,47,0,0,Tidak Ada
374,374005,13741005,TEKNIK INFORMATIKA,S1,89,0,0,Tidak Ada
374,374006,13741006,TEKNIK ARSITEKTUR,S1,64,0,0,Tidak Ada
374,374007,13741007,FARMASI,S1,53,0,0,Tidak Ada
374,374008,13741008,PENDIDIKAN DOKTER,S1,25,0,0,Tidak Ada
374,374010,13741010,PENDIDIKAN IPS,S1,74,0,0,Tidak Ada
374,374015,13741015,BAHASA DAN SASTRA INGGRIS,S1,95,0,0,Tidak Ada
374,374017,13741017,PSIKOLOGI,S1,101,0,0,Tidak Ada
374,374018,13741018,MANAJEMEN,S1,95,0,0,Tidak Ada
374,374019,13741019,AKUNTANSI,S1,95,0,0,Tidak Ada
374,374021,13741021,PERPUSTAKAAN DAN ILMU INFORMASI,S1,49,0,0,Tidak Ada
374,374022,13741022,TEKNIK SIPIL,S1,15,0,0,Tidak Ada
374,374023,13741023,TEKNIK LINGKUNGAN,S1,15,0,0,Tidak Ada
374,374024,13741024,TEKNIK MESIN,S1,15,0,0,Tidak Ada
374,374025,13741025,TEKNIK ELEKTRO,S1,15,0,0,Tidak Ada
381,381001,13811001,KEDOKTERAN,S1,60,0,0,Tidak Ada
381,381002,13811002,KEDOKTERAN GIGI,S1,50,0,0,Tidak Ada
381,381003,13811003,FARMASI,S1,56,0,0,Tidak Ada
381,381004,13811004,KEDOKTERAN HEWAN,S1,48,0,0,Tidak Ada
381,381005,13811005,MATEMATIKA,S1,30,0,0,Tidak Ada
381,381006,13811006,BIOLOGI,S1,27,0,0,Tidak Ada
381,381007,13811007,FISIKA,S1,32,0,0,Tidak Ada
381,381008,13811008,KIMIA,S1,27,0,0,Tidak Ada
381,381009,13811009,KESEHATAN MASYARAKAT,S1,72,0,0,Tidak Ada
381,381010,13811010,KEPERAWATAN,S1,72,0,0,Tidak Ada
381,381011,13811011,AKUAKULTUR,S1,64,0,0,Tidak Ada
381,381012,13811012,KEBIDANAN,S1,20,0,0,Tidak Ada
381,381013,13811013,TEKNIK BIOMEDIS,S1,18,0,0,Tidak Ada
381,381014,13811014,TEKNIK LINGKUNGAN,S1,22,0,0,Tidak Ada
381,381015,13811015,SISTEM INFORMASI,S1,24,0,0,Tidak Ada
381,381016,13811016,STATISTIKA,S1,24,0,0,Tidak Ada
381,381017,13811017,GIZI,S1,32,0,0,Tidak Ada
381,381018,13811018,KEDOKTERAN HEWAN (FIKKIA BANYUWANGI),S1,30,0,0,Tidak Ada
381,381019,13811019,KESEHATAN MASYARAKAT (FIKKIA BANYUWANGI),S1,40,0,0,Tidak Ada
381,381020,13811020,AKUAKULTUR (FIKKIA BANYUWANGI),S1,30,0,0,Tidak Ada
381,381021,13811021,TEKNOLOGI HASIL PERIKANAN,S1,56,0,0,Tidak Ada
381,381022,13811022,TEKNIK INDUSTRI,S1,36,0,0,Tidak Ada
381,381023,13811023,TEKNIK ELEKTRO,S1,30,0,0,Tidak Ada
381,381024,13811024,REKAYASA NANOTEKNOLOGI,S1,40,0,0,Tidak Ada
381,381025,13811025,TEKNOLOGI SAINS DATA,S1,36,0,0,Tidak Ada
381,381026,13811026,TEKNIK ROBOTIKA DAN KECERDASAN BUATAN,S1,20,0,0,Tidak Ada
381,381027,13811027,ILMU HUKUM,S1,77,0,0,Tidak Ada
381,381028,13811028,ADMINISTRASI PUBLIK,S1,28,0,0,Tidak Ada
381,381029,13811029,PSIKOLOGI,S1,54,0,0,Tidak Ada
381,381030,13811030,SOSIOLOGI,S1,39,0,0,Tidak Ada
381,381031,13811031,ILMU POLITIK,S1,33,0,0,Tidak Ada
381,381032,13811032,ILMU HUBUNGAN INTERNASIONAL,S1,30,0,0,Tidak Ada
381,381033,13811033,ANTROPOLOGI,S1,30,0,0,Tidak Ada
381,381034,13811034,ILMU EKONOMI,S1,66,0,0,Tidak Ada
381,381035,13811035,MANAJEMEN,S1,56,0,0,Tidak Ada
381,381036,13811036,AKUNTANSI,S1,53,0,0,Tidak Ada
381,381037,13811037,ILMU KOMUNIKASI,S1,30,0,0,Tidak Ada
381,381038,13811038,ILMU SEJARAH,S1,32,0,0,Tidak Ada
381,381039,13811039,ILMU INFORMASI DAN PERPUSTAKAAN,S1,52,0,0,Tidak Ada
381,381040,13811040,BAHASA DAN SASTRA INGGRIS,S1,75,0,0,Tidak Ada
381,381041,13811041,BAHASA DAN SASTRA INDONESIA,S1,40,0,0,Tidak Ada
381,381042,13811042,BAHASA DAN SASTRA JEPANG,S1,30,0,0,Tidak Ada
381,381043,13811043,EKONOMI ISLAM,S1,60,0,0,Tidak Ada
381,381045,13813045,BAHASA INGGRIS,D3,30,0,0,Tidak Ada
381,381046,13812046,KESELAMATAN DAN KESEHATAN KERJA,D4,40,0,0,Tidak Ada
381,381047,13813047,PERPAJAKAN,D3,60,0,0,Tidak Ada
381,381049,13812049,MANAJEMEN PERHOTELAN,D4,27,0,0,Tidak Ada
381,381050,13812050,DESTINASI PARIWISATA,D4,27,0,0,Tidak Ada
381,381051,13812051,TEKNOLOGI LABORATORIUM MEDIK,D4,30,0,0,Tidak Ada
381,381054,13812054,PERBANKAN DAN KEUANGAN,D4,45,0,0,Tidak Ada
381,381055,13812055,TEKNOLOGI REKAYASA INSTRUMENTASI DAN KONTROL,D4,32,0,0,Tidak Ada
381,381056,13812056,MANAJEMEN PERKANTORAN DIGITAL,D4,48,0,0,Tidak Ada
381,381059,13813059,KEPERAWATAN,D3,60,0,0,Tidak Ada
381,381061,13812061,PENGOBAT TRADISIONAL,D4,20,0,0,Tidak Ada
381,381062,13812062,FISIOTERAPI,D4,36,0,0,Tidak Ada
381,381063,13812063,TEKNOLOGI RADIOLOGI PENCITRAAN,D4,40,0,0,Tidak Ada
381,381064,13812064,TEKNIK INFORMATIKA,D4,36,0,0,Tidak Ada
381,381065,13812065,TEKNOLOGI KESEHATAN GIGI,D4,28,0,0,Tidak Ada
381,381066,13812066,TEKNOLOGI VETERINER,D4,24,0,0,Tidak Ada
381,381067,13812067,KEARSIPAN DAN INFORMASI DIGITAL,D4,29,0,0,Tidak Ada
381,381068,13811068,KEDOKTERAN (FIKKIA BANYUWANGI),S1,10,0,0,Tidak Ada
381,381069,13812069,AKUNTANSI BISNIS DIGITAL,D4,27,1,0,Tidak Ada
382,382001,13821001,FISIKA,S1,77,0,0,Tidak Ada
382,382002,13821002,MATEMATIKA,S1,80,0,0,Tidak Ada
382,382003,13821003,STATISTIKA,S1,40,0,0,Tidak Ada
382,382004,13821004,KIMIA,S1,60,0,0,Tidak Ada
382,382005,13821005,BIOLOGI,S1,36,0,0,Tidak Ada
382,382006,13821006,TEKNIK MESIN,S1,40,0,0,Tidak Ada
382,382007,13821007,TEKNIK ELEKTRO,S1,48,0,0,Tidak Ada
382,382008,13821008,TEKNIK KIMIA,S1,40,0,0,Tidak Ada
382,382009,13821009,TEKNIK FISIKA,S1,40,0,0,Tidak Ada
382,382010,13821010,TEKNIK INDUSTRI,S1,40,0,0,Tidak Ada
382,382011,13821011,TEKNIK MATERIAL,S1,40,0,0,Tidak Ada
382,382012,13821012,TEKNIK SIPIL,S1,39,0,0,Tidak Ada
382,382013,13821013,ARSITEKTUR,S1,24,0,0,Tidak Ada
382,382014,13821014,TEKNIK LINGKUNGAN,S1,26,0,0,Tidak Ada
382,382015,13821015,TEKNIK GEOMATIKA,S1,26,0,0,Tidak Ada
382,382016,13821016,PERENCANAAN WILAYAH DAN KOTA,S1,34,0,0,Tidak Ada
382,382017,13821017,TEKNIK PERKAPALAN,S1,24,0,0,Tidak Ada
382,382018,13821018,TEKNIK KELAUTAN,S1,24,0,0,Tidak Ada
382,382019,13821019,TEKNIK SISTEM PERKAPALAN,S1,28,0,0,Tidak Ada
382,382020,13821020,TEKNIK INFORMATIKA,S1,60,0,0,Tidak Ada
382,382021,13821021,SISTEM INFORMASI,S1,42,0,0,Tidak Ada
382,382022,13821022,DESAIN PRODUK INDUSTRI,S1,30,0,2,"Seni Rupa, Desain, dan Kriya"
382,382023,13821023,TEKNIK TRANSPORTASI LAUT,S1,16,0,0,Tidak Ada
382,382024,13821024,TEK. SIST PERKAPALAN (GLR GANDA ITS-JERMAN),S1,12,0,0,Tidak Ada
382,382025,13821025,TEKNIK KOMPUTER,S1,24,0,0,Tidak Ada
382,382027,13821027,TEKNIK GEOFISIKA,S1,20,0,0,Tidak Ada
382,382028,13821028,DESAIN INTERIOR,S1,24,0,2,"Seni Rupa, Desain, dan Kriya"
382,382029,13821029,TEKNIK BIOMEDIK,S1,24,0,0,Tidak Ada
382,382030,13821030,SAINS AKTUARIA,S1,24,0,0,Tidak Ada
382,382031,13821031,TEKNOLOGI INFORMASI,S1,34,0,0,Tidak Ada
382,382032,13821032,DESAIN KOMUNIKASI VISUAL,S1,32,0,2,"Seni Rupa, Desain, dan Kriya"
382,382033,13822033,TEKNIK SIPIL,D4,27,0,0,Tidak Ada
382,382034,13822034,TEKNOLOGI REKAYASA KONSTRUKSI BANGUNAN AIR,D4,27,0,0,Tidak Ada
382,382035,13822035,TEKNOLOGI REKAYASA MANUFAKTUR,D4,27,0,0,Tidak Ada
382,382036,13822036,TEKNOLOGI REKAYASA KONVERSI ENERGI,D4,27,0,0,Tidak Ada
382,382037,13822037,TEKNOLOGI REKAYASA OTOMASI,D4,35,0,0,Tidak Ada
382,382038,13822038,TEKNOLOGI REKAYASA KIMIA INDUSTRI,D4,35,0,0,Tidak Ada
382,382039,13822039,TEKNOLOGI REKAYASA INSTRUMENTASI,D4,35,0,0,Tidak Ada
382,382040,13822040,STATISTIKA BISNIS,D4,35,0,0,Tidak Ada
382,382041,13821041,TEKNIK LEPAS PANTAI,S1,16,0,0,Tidak Ada
382,382042,13821042,TEKNIK PANGAN,S1,16,0,0,Tidak Ada
382,382043,13821043,MANAJEMEN BISNIS,S1,24,0,0,Tidak Ada
382,382044,13821044,STUDI PEMBANGUNAN,S1,27,0,0,Tidak Ada
382,382045,13821045,TEKNIK TELEKOMUNIKASI,S1,16,0,0,Tidak Ada
382,382046,13821046,TEKNOLOGI KEDOKTERAN,S1,24,0,0,Tidak Ada
382,382047,13821047,SAINS ANALITIK DAN INSTRUMENTASI KIMIA,S1,18,0,0,Tidak Ada
382,382048,13821048,KEDOKTERAN,S1,10,0,0,Tidak Ada
382,382049,13821049,SAINS DATA,S1,10,0,0,Tidak Ada
382,382050,13821050,INOVASI DIGITAL,S1,10,0,0,Tidak Ada
382,382051,13821051,REKAYASA KECERDASAN ARTIFISIAL,S1,13,0,0,Tidak Ada
382,382052,13821052,REKAYASA PERANGKAT LUNAK,S1,13,0,0,Tidak Ada
382,382053,13821053,BISNIS DIGITAL,S1,12,0,0,Tidak Ada
382,382054,13821054,REKAYASA KESELAMATAN PROSES,S1,10,0,0,Tidak Ada
382,382055,13822055,ANALITIKA LOGISTIK TERAPAN,D4,11,0,0,Tidak Ada
382,382056,13821056,SAINS KOMUNIKASI,S1,9,0,0,Tidak Ada
382,382057,13821057,BIOTEKNOLOGI,S1,12,0,0,Tidak Ada
382,382058,13821058,TEKNIK PERTAMBANGAN,S1,10,1,0,Tidak Ada
383,383001,13831001,PENDIDIKAN MATEMATIKA,S1,74,0,0,Tidak Ada
383,383002,13831002,PENDIDIKAN FISIKA,S1,55,0,0,Tidak Ada
383,383003,13831003,PENDIDIKAN KIMIA,S1,50,0,0,Tidak Ada
383,383004,13831004,PENDIDIKAN BIOLOGI,S1,75,0,0,Tidak Ada
383,383005,13831005,MATEMATIKA,S1,70,0,0,Tidak Ada
383,383006,13831006,FISIKA,S1,40,0,0,Tidak Ada
383,383007,13831007,KIMIA,S1,50,0,0,Tidak Ada
383,383008,13831008,BIOLOGI,S1,63,0,0,Tidak Ada
383,383009,13831009,PENDIDIKAN ILMU PENGETAHUAN ALAM,S1,65,0,0,Tidak Ada
383,383010,13831010,PENDIDIKAN TEKNIK ELEKTRO,S1,30,0,0,Tidak Ada
383,383011,13831011,PENDIDIKAN TEKNIK MESIN,S1,35,0,0,Tidak Ada
383,383012,13831012,PENDIDIKAN TEKNIK BANGUNAN,S1,40,0,0,Tidak Ada
383,383013,13831013,ILMU KEOLAHRAGAAN,S1,80,0,1,Olahraga
383,383014,13831014,TEKNIK SIPIL,S1,90,0,0,Tidak Ada
383,383015,13831015,PENDIDIKAN TEKNOLOGI INFORMASI,S1,60,0,0,Tidak Ada
383,383016,13831016,TEKNIK ELEKTRO,S1,70,0,0,Tidak Ada
383,383017,13831017,TEKNIK MESIN,S1,70,0,0,Tidak Ada
383,383018,13831018,SISTEM INFORMASI,S1,80,0,0,Tidak Ada
383,383019,13831019,TEKNIK INFORMATIKA,S1,55,0,0,Tidak Ada
383,383020,13831020,GIZI,S1,40,0,0,Tidak Ada
383,383021,13832021,MANAJEMEN INFORMATIKA,D4,75,0,0,Tidak Ada
383,383022,13832022,TEKNIK MESIN,D4,24,0,0,Tidak Ada
383,383023,13832023,TEKNIK SIPIL,D4,65,0,0,Tidak Ada
383,383024,13832024,TRANSPORTASI,D4,25,0,0,Tidak Ada
383,383025,13832025,KEPELATIHAN OLAHRAGA,D4,30,0,1,Olahraga
383,383026,13832026,TEKNIK LISTRIK,D4,32,0,0,Tidak Ada
383,383027,13831027,BIMBINGAN DAN KONSELING,S1,90,0,0,Tidak Ada
383,383028,13831028,TEKNOLOGI PENDIDIKAN,S1,80,0,0,Tidak Ada
383,383029,13831029,PENDIDIKAN LUAR SEKOLAH,S1,50,0,0,Tidak Ada
383,383030,13831030,PENDIDIKAN LUAR BIASA,S1,75,0,0,Tidak Ada
383,383031,13831031,PENDIDIKAN GURU SEKOLAH DASAR,S1,130,0,0,Tidak Ada
383,383032,13831032,PSIKOLOGI,S1,114,0,0,Tidak Ada
383,383033,13831033,PENDIDIKAN GURU PENDIDIKAN ANAK USIA DINI,S1,90,0,0,Tidak Ada
383,383034,13831034,PENDIDIKAN BAHASA DAN SASTRA INDONESIA,S1,100,0,0,Tidak Ada
383,383035,13831035,PENDIDIKAN BAHASA INGGRIS,S1,95,0,0,Tidak Ada
383,383036,13831036,PENDIDIKAN BAHASA JERMAN,S1,40,0,0,Tidak Ada
383,383037,13831037,PENDIDIKAN BAHASA JEPANG,S1,90,0,0,Tidak Ada
383,383038,13831038,PENDIDIKAN BAHASA DAN SASTRA JAWA,S1,65,0,0,Tidak Ada
383,383039,13831039,PENDIDIKAN SENI RUPA,S1,60,0,2,"Seni Rupa, Desain, dan Kriya"
383,383040,13831040,"PENDIDIKAN SENI DRAMA, TARI, DAN MUSIK",S1,60,0,3,Sendratasik
383,383041,13831041,SASTRA INDONESIA,S1,60,0,0,Tidak Ada
383,383042,13831042,SASTRA INGGRIS,S1,75,0,0,Tidak Ada
383,383043,13831043,SASTRA JERMAN,S1,40,0,0,Tidak Ada
383,383044,13831044,PENDIDIKAN PANCASILA DAN KEWARGANEGARAAN,S1,75,0,0,Tidak Ada
383,383045,13831045,PENDIDIKAN GEOGRAFI,S1,75,0,0,Tidak Ada
383,383046,13831046,PENDIDIKAN SEJARAH,S1,75,0,0,Tidak Ada
383,383047,13831047,SOSIOLOGI,S1,90,0,0,Tidak Ada
383,383048,13831048,ILMU ADMINISTRASI NEGARA,S1,90,0,0,Tidak Ada
383,383050,13831050,"PENDIDIKAN JASMANI, KESEHATAN, DAN REKREASI",S1,119,0,1,Olahraga
383,383051,13831051,PENDIDIKAN KEPELATIHAN OLAHRAGA,S1,115,0,1,Olahraga
383,383052,13831052,PENDIDIKAN EKONOMI,S1,60,0,0,Tidak Ada
383,383053,13831053,MANAJEMEN,S1,72,0,0,Tidak Ada
383,383054,13831054,AKUNTANSI,S1,80,0,0,Tidak Ada
383,383055,13831055,PENDIDIKAN TATA RIAS,S1,65,0,0,Tidak Ada
383,383056,13831056,MANAJEMEN PENDIDIKAN,S1,90,0,0,Tidak Ada
383,383057,13831057,ILMU HUKUM,S1,108,0,0,Tidak Ada
383,383058,13831058,PENDIDIKAN BAHASA MANDARIN,S1,70,0,0,Tidak Ada
383,383059,13831059,PENDIDIKAN TATA BOGA,S1,100,0,0,Tidak Ada
383,383060,13831060,PENDIDIKAN TATA BUSANA,S1,100,0,0,Tidak Ada
383,383061,13831061,PENDIDIKAN AKUNTANSI,S1,75,0,0,Tidak Ada
383,383062,13831062,PENDIDIKAN BISNIS,S1,30,0,0,Tidak Ada
383,383063,13831063,PENDIDIKAN ADMINISTRASI PERKANTORAN,S1,70,0,0,Tidak Ada
383,383064,13831064,ILMU KOMUNIKASI,S1,80,0,0,Tidak Ada
383,383065,13831065,MUSIK,S1,45,0,6,Musik
383,383066,13831066,DESAIN KOMUNIKASI VISUAL,S1,90,0,2,"Seni Rupa, Desain, dan Kriya"
383,383067,13831067,SENI RUPA MURNI,S1,34,0,2,"Seni Rupa, Desain, dan Kriya"
383,383068,13831068,EKONOMI ISLAM,S1,68,0,0,Tidak Ada
383,383069,13831069,PENDIDIKAN IPS,S1,75,0,0,Tidak Ada
383,383070,13831070,EKONOMI,S1,100,0,0,Tidak Ada
383,383071,13832071,DESAIN GRAFIS,D4,50,0,2,"Seni Rupa, Desain, dan Kriya"
383,383072,13832072,ADMINISTRASI NEGARA,D4,55,0,0,Tidak Ada
383,383073,13832073,TATA BOGA,D4,60,0,0,Tidak Ada
383,383074,13832074,TATA BUSANA,D4,55,0,0,Tidak Ada
383,383075,13831075,BISNIS DIGITAL,S1,100,0,0,Tidak Ada
383,383087,13831087,SAINS DATA,S1,55,0,0,Tidak Ada
383,383088,13831088,MANAJEMEN OLAHRAGA,S1,40,0,1,Olahraga
383,383089,13831089,ILMU POLITIK,S1,65,0,0,Tidak Ada
383,383090,13831090,KEDOKTERAN,S1,10,0,0,Tidak Ada
383,383091,13831091,"PENDIDIKAN JASMANI, KESEHATAN, DAN REKREASI (UNESA KAMPUS MAGETAN)",S1,45,0,1,Olahraga
383,383092,13831092,PENDIDIKAN GURU SEKOLAH DASAR (UNESA KAMPUS MAGETAN),S1,50,0,0,Tidak Ada
383,383093,13831093,PENDIDIKAN MATEMATIKA (UNESA KAMPUS MAGETAN),S1,31,0,0,Tidak Ada
383,383094,13831094,ILMU HUKUM (UNESA KAMPUS MAGETAN),S1,42,0,0,Tidak Ada
383,383095,13831095,ILMU KOMUNIKASI (UNESA KAMPUS MAGETAN),S1,50,0,0,Tidak Ada
383,383096,13831096,MANAJEMEN (UNESA KAMPUS MAGETAN),S1,50,0,0,Tidak Ada
383,383097,13831097,SASTRA INGGRIS (UNESA KAMPUS MAGETAN),S1,35,0,0,Tidak Ada
383,383098,13831098,PENDIDIKAN TATA RIAS (UNESA KAMPUS MAGETAN),S1,40,0,0,Tidak Ada
383,383099,13831099,MASASE,S1,30,0,1,Olahraga
383,383101,13831101,FISIOTERAPI,S1,12,0,0,Tidak Ada
383,383102,13831102,KEBIDANAN,S1,10,0,0,Tidak Ada
383,383103,13831103,KEPERAWATAN,S1,10,0,0,Tidak Ada
383,383104,13831104,HUBUNGAN INTERNASIONAL,S1,50,0,0,Tidak Ada
383,383105,13831105,PERENCANAAN WILAYAH DAN KOTA,S1,45,0,0,Tidak Ada
383,383106,13831106,SAINS AKTUARIA,S1,35,0,0,Tidak Ada
383,383107,13832107,TEKNOLOGI REKAYASA OTOMOTIF,D4,40,0,0,Tidak Ada
383,383108,13832108,PRODUKSI MEDIA,D4,40,0,0,Tidak Ada
383,383109,13831109,PENDIDIKAN GURU PENDIDIKAN ANAK USIA DINI (KAMPUS KABUPATEN MAGETAN),S1,20,0,0,Tidak Ada
383,383110,13831110,TEKNOLOGI PENDIDIKAN (KAMPUS KABUPATEN MAGETAN),S1,35,0,0,Tidak Ada
383,383111,13831111,BIMBINGAN DAN KONSELING (KAMPUS KABUPATEN MAGETAN),S1,35,0,0,Tidak Ada
383,383112,13831112,PENDIDIKAN KEPELATIHAN OLAHRAGA (KAMPUS KABUPATEN MAGETAN),S1,35,0,1,Olahraga
383,383113,13831113,PENDIDIKAN BAHASA DAN SASTRA INDONESIA (KAMPUS KABUPATEN MAGETAN),S1,30,0,0,Tidak Ada
383,383114,13832114,ANALISIS PERFORMA OLAHRAGA,D4,20,0,1,Olahraga
383,383115,13831115,TEKNOLOGI PANGAN DAN HASIL PERTANIAN,S1,30,0,0,Tidak Ada
383,383116,13831116,AKUAKULTUR,S1,30,0,0,Tidak Ada
383,383117,13831117,PARIWISATA,S1,35,0,0,Tidak Ada
383,383118,13831118,FILM DAN ANIMASI,S1,35,0,8,Film dan Televisi
383,383119,13831119,BIOSAINS HEWAN,S1,30,0,0,Tidak Ada
383,383120,13831120,AGRIBISNIS DIGITAL,S1,30,0,0,Tidak Ada
383,383121,13831121,KECERDASAN ARTIFISIAL,S1,30,0,0,Tidak Ada
383,383122,13831122,ILMU ADMINISTRASI NEGARA (PSDKU MAGETAN),S1,33,0,0,Tidak Ada
383,383123,13831123,AKUNTANSI (KAMPUS KABUPATEN MAGETAN),S1,22,0,0,Tidak Ada
383,383124,13831124,KEDOKTERAN GIGI,S1,5,1,0,Tidak Ada
383,383125,13831125,BIOTEKNOLOGI,S1,25,1,0,Tidak Ada
383,383126,13831126,PENDIDIKAN VOKASIONAL TEKNOLOGI OTOMOTIF,S1,20,1,0,Tidak Ada
383,383127,13831127,TEKNIK METALURGI,S1,20,1,0,Tidak Ada
383,383128,13831128,TEKNIK PERTAMBANGAN,S1,22,1,0,Tidak Ada
383,383129,13831129,SAINS INFORMASI GEOGRAFI,S1,20,1,0,Tidak Ada
383,383130,13831130,GEOFISIKA,S1,20,1,0,Tidak Ada
383,383131,13832131,ARSITEKTUR BANGUNAN GEDUNG,D4,17,1,0,Tidak Ada
383,383132,13832132,REKAYASA MULTIMEDIA EDUKASI DIGITAL,D4,20,1,0,Tidak Ada
384,384001,13841001,AGROEKOTEKNOLOGI,S1,100,0,0,Tidak Ada
384,384002,13841002,AGRIBISNIS,S1,100,0,0,Tidak Ada
384,384003,13841003,TEKNOLOGI INDUSTRI PERTANIAN,S1,100,0,0,Tidak Ada
384,384004,13841004,ILMU KELAUTAN,S1,100,0,0,Tidak Ada
384,384005,13841005,TEKNIK INDUSTRI,S1,125,0,0,Tidak Ada
384,384006,13841006,TEKNIK INFORMATIKA,S1,125,0,0,Tidak Ada
384,384007,13841007,TEKNIK ELEKTRO,S1,75,0,0,Tidak Ada
384,384008,13841008,PENDIDIKAN INFORMATIKA,S1,83,0,0,Tidak Ada
384,384009,13841009,PENDIDIKAN ILMU PENGETAHUAN ALAM,S1,100,0,0,Tidak Ada
384,384010,13841010,MANAJEMEN SUMBERDAYA PERAIRAN,S1,75,0,0,Tidak Ada
384,384011,13841011,TEKNIK MESIN,S1,30,0,0,Tidak Ada
384,384012,13841012,TEKNIK MEKATRONIKA,S1,50,0,0,Tidak Ada
384,384013,13841013,SISTEM INFORMASI,S1,100,0,0,Tidak Ada
384,384014,13841014,ILMU HUKUM,S1,223,0,0,Tidak Ada
384,384015,13841015,SASTRA INGGRIS,S1,100,0,0,Tidak Ada
384,384016,13841016,SOSIOLOGI,S1,125,0,0,Tidak Ada
384,384017,13841017,ILMU KOMUNIKASI,S1,125,0,0,Tidak Ada
384,384018,13841018,MANAJEMEN,S1,175,0,0,Tidak Ada
384,384019,13841019,AKUNTANSI,S1,175,0,0,Tidak Ada
384,384020,13841020,EKONOMI PEMBANGUNAN,S1,125,0,0,Tidak Ada
384,384021,13841021,PSIKOLOGI,S1,108,0,0,Tidak Ada
384,384022,13841022,PGSD,S1,125,0,0,Tidak Ada
384,384023,13841023,HUKUM BISNIS SYARIAH,S1,100,0,0,Tidak Ada
384,384024,13841024,EKONOMI SYARIAH,S1,175,0,0,Tidak Ada
384,384025,13841025,PENDIDIKAN BAHASA DAN SASTRA INDONESIA,S1,100,0,0,Tidak Ada
384,384026,13841026,PENDIDIKAN GURU ANAK USIA DINI,S1,100,0,0,Tidak Ada
384,384028,13843028,AKUNTANSI ,D3,25,0,0,Tidak Ada
384,384029,13843029,ENTERPRENEURSHIP,D3,25,0,0,Tidak Ada
384,384032,13841032,TEKNOLOGI PANGAN,S1,25,1,0,Tidak Ada
385,385001,13851001,AGRIBISNIS,S1,86,0,0,Tidak Ada
385,385002,13851002,AGROTEKNOLOGI ,S1,87,0,0,Tidak Ada
385,385003,13851003,TEKNIK KIMIA,S1,90,0,0,Tidak Ada
385,385004,13851004,TEKNIK INDUSTRI,S1,90,0,0,Tidak Ada
385,385005,13851005,TEKNOLOGI PANGAN,S1,59,0,0,Tidak Ada
385,385006,13851006,INFORMATIKA,S1,105,0,0,Tidak Ada
385,385007,13851007,SISTEM INFORMASI,S1,90,0,0,Tidak Ada
385,385008,13851008,ARSITEKTUR,S1,56,0,0,Tidak Ada
385,385009,13851009,TEKNIK LINGKUNGAN,S1,60,0,0,Tidak Ada
385,385010,13851010,TEKNIK SIPIL,S1,60,0,0,Tidak Ada
385,385011,13851011,DESAIN KOMUNIKASI VISUAL,S1,56,0,2,"Seni Rupa, Desain, dan Kriya"
385,385012,13851012,SAINS DATA,S1,45,0,0,Tidak Ada
385,385013,13851013,TEKNIK MESIN,S1,45,0,0,Tidak Ada
385,385014,13851014,EKONOMI PEMBANGUNAN,S1,90,0,0,Tidak Ada
385,385015,13851015,MANAJEMEN,S1,165,0,0,Tidak Ada
385,385016,13851016,AKUNTANSI,S1,134,0,0,Tidak Ada
385,385017,13851017,ADMINISTRASI PUBLIK,S1,105,0,0,Tidak Ada
385,385018,13851018,ADMINISTRASI BISNIS,S1,105,0,0,Tidak Ada
385,385019,13851019,ILMU KOMUNIKASI,S1,120,0,0,Tidak Ada
385,385020,13851020,HUBUNGAN INTERNASIONAL,S1,54,0,0,Tidak Ada
385,385021,13851021,HUKUM,S1,119,0,0,Tidak Ada
385,385022,13851022,PARIWISATA,S1,45,0,0,Tidak Ada
385,385023,13851023,KEWIRAUSAHAAN,S1,39,0,0,Tidak Ada
385,385024,13851024,FISIKA,S1,24,0,0,Tidak Ada
385,385025,13851025,DESAIN INTERIOR,S1,27,0,2,"Seni Rupa, Desain, dan Kriya"
385,385026,13851026,LINGUISTIK INDONESIA,S1,18,0,0,Tidak Ada
385,385027,13851027,BISNIS DIGITAL,S1,24,0,0,Tidak Ada
385,385028,13852028,BAHASA INGGRIS UNTUK KOMUNIKASI BISNIS DAN PROFESIONAL,D4,18,0,0,Tidak Ada
385,385029,13851029,KEDOKTERAN,S1,30,0,0,Tidak Ada
386,386001,13861001,PENDIDIKAN MATEMATIKA,S1,52,0,0,Tidak Ada
386,386002,13861002,TEKNIK LINGKUNGAN,S1,39,0,0,Tidak Ada
386,386003,13861003,ARSITEKTUR,S1,39,0,0,Tidak Ada
386,386004,13861004,SISTEM INFORMASI,S1,39,0,0,Tidak Ada
386,386005,13861005,ILMU KELAUTAN,S1,39,0,0,Tidak Ada
386,386006,13861006,BIOLOGI,S1,39,0,0,Tidak Ada
386,386007,13861007,MATEMATIKA,S1,42,0,0,Tidak Ada
386,386008,13861008,PENDIDIKAN ILMU PENGETAHUAN ALAM,S1,29,0,0,Tidak Ada
386,386009,13861009,TEKNIK SIPIL,S1,39,0,0,Tidak Ada
386,386010,13861010,PENDIDIKAN BAHASA INGGRIS,S1,39,0,0,Tidak Ada
386,386014,13861014,SOSIOLOGI,S1,65,0,0,Tidak Ada
386,386015,13861015,ILMU KOMUNIKASI,S1,68,0,0,Tidak Ada
386,386016,13861016,PSIKOLOGI,S1,80,0,0,Tidak Ada
386,386032,13861032,SASTRA INGGRIS,S1,50,0,0,Tidak Ada
386,386033,13861033,ILMU EKONOMI,S1,48,0,0,Tidak Ada
386,386034,13861034,AKUNTANSI,S1,59,0,0,Tidak Ada
386,386035,13861035,MANAJEMEN,S1,63,0,0,Tidak Ada
386,386036,13861036,ILMU POLITIK,S1,56,0,0,Tidak Ada
386,386037,13861037,HUBUNGAN INTERNASIONAL,S1,53,0,0,Tidak Ada
386,386040,13861040,SASTRA INDONESIA,S1,38,0,0,Tidak Ada
386,386041,13861041,HUKUM,S1,65,0,0,Tidak Ada
386,386042,13861042,GIZI,S1,48,0,0,Tidak Ada
386,386043,13861043,KEDOKTERAN,S1,10,1,0,Tidak Ada
421,421001,24212001,TEKNIK KONSTRUKSI GEDUNG,D4,18,0,0,Tidak Ada
421,421002,24212002,TEKNIK PERANCANGAN JALAN DAN JEMBATAN,D4,12,0,0,Tidak Ada
421,421003,24212003,TEKNOLOGI REKAYASA MANUFAKTUR,D4,12,0,0,Tidak Ada
421,421004,24212004,TEKNOLOGI REKAYASA PEMBANGKIT ENERGI,D4,12,0,0,Tidak Ada
421,421005,24212005,TEKNIK OTOMASI LISTRIK INDUSTRI,D4,10,0,0,Tidak Ada
421,421006,24212006,INSTRUMENTASI DAN KONTROL INDUSTRI,D4,10,0,0,Tidak Ada
421,421007,24212007,BROADBAND MULTIMEDIA,D4,10,0,0,Tidak Ada
421,421008,24212008,TEKNIK INFORMATIKA,D4,18,0,0,Tidak Ada
421,421009,24212009,TEKNIK MULTIMEDIA DAN JARINGAN,D4,18,0,0,Tidak Ada
421,421010,24212010,TEKNIK MULTIMEDIA DIGITAL,D4,18,0,0,Tidak Ada
421,421011,24212011,DESAIN GRAFIS,D4,17,0,2,"Seni Rupa, Desain, dan Kriya"
421,421012,24212012,TEKNOLOGI INDUSTRI CETAK KEMASAN,D4,17,0,0,Tidak Ada
421,421014,24212014,TEKNOLOGI REKAYASA MANUFAKTUR (KAMPUS KOTA PEKALONGAN),D4,6,0,0,Tidak Ada
421,421015,24212015,TEKNOLOGI REKAYASA KONVERSI ENERGI,D4,15,0,0,Tidak Ada
421,421016,24212016,TEKNOLOGI REKAYASA PEMELIHARAAN ALAT BERAT,D4,15,0,0,Tidak Ada
421,421017,24212017,AKUNTANSI KEUANGAN,D4,12,0,0,Tidak Ada
421,421018,24212018,KEUANGAN DAN PERBANKAN,D4,12,0,0,Tidak Ada
421,421019,24212019,KEUANGAN DAN PEBANKAN SYARIAH,D4,12,0,0,Tidak Ada
421,421020,24212020,MANAJEMEN KEUANGAN,D4,12,0,0,Tidak Ada
421,421021,24212021,"USAHA JASA KONVENSI, PERJALANAN INSENTIF DAN PAMERAN",D4,21,0,0,Tidak Ada
421,421022,24212022,ADMINISTRASI BISNIS TERAPAN,D4,18,0,0,Tidak Ada
421,421023,24212023,BAHASA INGGRIS UNTUK KOMUNIKASI BISNIS DAN PROFESIONAL,D4,18,0,0,Tidak Ada
421,421024,24212024,"USAHA JASA KONVENSI, PERJALANAN INSENTIF, DAN PAMERAN (KAMPUS KAB. DEMAK)",D4,6,0,0,Tidak Ada
421,421025,24213025,ADMINISTRASI BISNIS,D3,24,0,0,Tidak Ada
421,421026,24213026,TEKNIK MESIN (KAMPUS KAB. DEMAK),D3,6,0,0,Tidak Ada
421,421027,24213027,TEKNIK MESIN,D3,24,0,0,Tidak Ada
421,421028,24213028,ELEKTRONIKA INDUSTRI,D3,20,0,0,Tidak Ada
421,421029,24213029,PENERBITAN,D3,20,0,0,Tidak Ada
421,421032,24213032,KONSTRUKSI GEDUNG,D3,12,0,0,Tidak Ada
421,421033,24213033,TELEKOMUNIKASI,D3,20,0,0,Tidak Ada
421,421034,24213034,TEKNIK LISTRIK,D3,20,0,0,Tidak Ada
421,421035,24213035,KEUANGAN DAN PERBANKAN,D3,12,0,0,Tidak Ada
421,421036,24213036,AKUNTANSI,D3,12,0,0,Tidak Ada
421,421039,24213039,KONSTRUKSI SIPIL,D3,18,0,0,Tidak Ada
421,421040,24212040,TEKNOLOGI REKAYASA CETAK DAN GRAFIS 3 DIMENSI,D4,12,0,0,Tidak Ada
422,422001,24222001,TEKNOLOGI REKAYASA MULTIMEDIA,D4,64,0,0,Tidak Ada
422,422002,24222002,TEKNOLOGI PERMAINAN,D4,38,0,0,Tidak Ada
422,422003,24222003,DESAIN MODE,D4,26,0,2,"Seni Rupa, Desain, dan Kriya"
422,422004,24222004,PENGELOLAAN PERHOTELAN,D4,38,0,0,Tidak Ada
422,422005,24222005,ANIMASI,D4,51,0,2,"Seni Rupa, Desain, dan Kriya"
422,422006,24223006,TEKNIK GRAFIKA (PSDKU MEDAN),D3,13,0,0,Tidak Ada
422,422007,24223007,PENYIARAN,D3,64,0,0,Tidak Ada
422,422008,24223008,DESAIN GRAFIS (PSDKU MEDAN),D3,26,0,2,"Seni Rupa, Desain, dan Kriya"
422,422009,24223009,FOTOGRAFI,D3,38,0,9,Fotografi
422,422010,24223010,PEMELIHARAAN MESIN,D3,13,0,0,Tidak Ada
422,422011,24223011,TEKNIK GRAFIKA,D3,38,0,0,Tidak Ada
422,422012,24223012,PENERBITAN,D3,38,0,0,Tidak Ada
422,422013,24223013,DESAIN GRAFIS (PSDKU MAKASSAR),D3,13,0,2,"Seni Rupa, Desain, dan Kriya"
422,422014,24223014,TEKNIK GRAFIKA (PSDKU MAKASSAR),D3,19,0,0,Tidak Ada
422,422015,24223015,DESAIN GRAFIS,D3,64,0,2,"Seni Rupa, Desain, dan Kriya"
422,422016,24223016,SENI KULINER,D3,26,0,0,Tidak Ada
422,422017,24223017,PERIKLANAN,D3,51,0,0,Tidak Ada
422,422019,24222019,FILM DAN TELEVISI,D4,38,0,8,Film dan Televisi
422,422020,24223020,PENERBITAN (PSDKU MAKASSAR),D3,13,0,0,Tidak Ada
422,422021,24223021,PERIKLANAN (PSDKU MAKASSAR),D3,13,0,0,Tidak Ada
422,422022,24223022,PENERBITAN (PSDKU MEDAN),D3,13,0,0,Tidak Ada
422,422023,24223023,PERIKLANAN (PSDKU MEDAN),D3,13,0,0,Tidak Ada
422,422024,24222024,TEKNOLOGI REKAYASA PENGEMASAN,D4,26,0,0,Tidak Ada
431,431001,24312001,TEKNIK PERANCANGAN JALAN DAN JEMBATAN,D4,13,0,0,Tidak Ada
431,431002,24312002,TEKNIK PERAWATAN DAN PERBAIKAN GEDUNG,D4,13,0,0,Tidak Ada
431,431003,24312003,TEKNIK PERANCANGAN DAN KONSTRUKSI MESIN,D4,13,0,0,Tidak Ada
431,431004,24312004,PROSES MANUFAKTUR,D4,13,0,0,Tidak Ada
431,431005,24312005,TEKNIK PENDINGIN DAN TATA UDARA,D4,13,0,0,Tidak Ada
431,431006,24312006,TEKNOLOGI PEMBANGKIT TENAGA LISTRIK,D4,20,0,0,Tidak Ada
431,431007,24312007,TEKNIK KONSERVASI ENERGI,D4,13,0,0,Tidak Ada
431,431008,24312008,TEKNIK ELEKTRONIKA,D4,20,0,0,Tidak Ada
431,431009,24312009,TEKNIK OTOMASI INDUSTRI,D4,20,0,0,Tidak Ada
431,431010,24312010,TEKNIK KIMIA PRODUKSI BERSIH,D4,20,0,0,Tidak Ada
431,431011,24312011,TEKNIK INFORMATIKA,D4,26,0,0,Tidak Ada
431,431012,24312012,TEKNIK TELEKOMUNIKASI NIRKABEL,D4,20,0,0,Tidak Ada
431,431013,24312013,KEUANGAN SYARIAH,D4,20,0,0,Tidak Ada
431,431014,24312014,AKUNTANSI MANAGEMEN PEMERINTAHAN,D4,16,0,0,Tidak Ada
431,431015,24312015,AKUNTANSI,D4,13,0,0,Tidak Ada
431,431016,24312016,ADMINISTRASI BISNIS,D4,13,0,0,Tidak Ada
431,431017,24312017,MANAJEMEN ASET,D4,20,0,0,Tidak Ada
431,431018,24312018,MANAJEMEN PEMASARAN,D4,13,0,0,Tidak Ada
431,431019,24313019,TEKNIK PENDINGIN DAN TATA UDARA,D3,13,0,0,Tidak Ada
431,431020,24313020,TEKNIK KONSTRUKSI SIPIL,D3,20,0,0,Tidak Ada
431,431021,24313021,MANAJEMEN PEMASARAN,D3,13,0,0,Tidak Ada
431,431022,24313022,TEKNIK KONSTRUKSI GEDUNG,D3,20,0,0,Tidak Ada
431,431023,24313023,TEKNIK AERONAUTIKA,D3,15,0,0,Tidak Ada
431,431024,24313024,KEUANGAN DAN PERBANKAN,D3,16,0,0,Tidak Ada
431,431025,24313025,TEKNIK INFORMATIKA,D3,13,0,0,Tidak Ada
431,431026,24313026,ADMINISTRASI BISNIS,D3,13,0,0,Tidak Ada
431,431027,24313027,TEKNIK MESIN,D3,20,0,0,Tidak Ada
431,431028,24313028,AKUNTANSI,D3,20,0,0,Tidak Ada
431,431029,24313029,ANALIS KIMIA,D3,13,0,0,Tidak Ada
431,431030,24313030,TEKNIK KONVERSI ENERGI,D3,13,0,0,Tidak Ada
431,431031,24313031,BAHASA INGGRIS,D3,20,0,0,Tidak Ada
431,431032,24313032,USAHA PERJALANAN WISATA,D3,13,0,0,Tidak Ada
431,431033,24313033,TEKNIK KIMIA,D3,26,0,0,Tidak Ada
431,431034,24313034,TEKNIK TELEKOMUNIKASI,D3,13,0,0,Tidak Ada
431,431035,24313035,TEKNIK ELEKTRONIKA,D3,13,0,0,Tidak Ada
431,431036,24313036,TEKNIK LISTRIK,D3,13,0,0,Tidak Ada
431,431037,24312037,DESTINASI PARIWISATA,D4,13,0,0,Tidak Ada
432,432001,24322001,TEKNOLOGI REKAYASA MANUFAKTUR,D4,20,0,0,Tidak Ada
432,432002,24322002,TEKNOLOGI REKAYASA PERANCANGAN MANUFAKTUR,D4,19,0,0,Tidak Ada
432,432003,24322003,TEKNOLOGI REKAYASA OTOMASI,D4,17,0,0,Tidak Ada
432,432004,24322004,TEKNOLOGI REKAYASA MATERIAL MAJU,D4,16,0,0,Tidak Ada
432,432005,24322005,REKAYASA PERANCANGAN MEKANIK,D4,14,0,0,Tidak Ada
432,432006,24322006,TEKNOLOGI REKAYASA MEKATRONIKA,D4,17,0,0,Tidak Ada
432,432007,24323007,PEMELIHARAAN MESIN,D3,16,0,0,Tidak Ada
432,432008,24323008,TEKNOLOGI MANUFAKTUR,D3,16,0,0,Tidak Ada
432,432010,24323010,TEKNOLOGI PEMBUATAN PERKAKAS PRESISI,D3,16,0,0,Tidak Ada
432,432011,24323011,TEKNOLOGI PERANCANGAN PERKAKAS PRESISI,D3,14,0,0,Tidak Ada
432,432012,24323012,TEKNOLOGI PENGECORAN LOGAM,D3,25,0,0,Tidak Ada
432,432014,24322014,MANAJEMEN TEKNOLOGI REKAYASA,D4,19,0,0,Tidak Ada
432,432015,24322015,TEKNOLOGI REKAYASA INFORMATIKA INDUSTRI,D4,17,0,0,Tidak Ada
432,432016,24322016,TEKNOLOGI REKAYASA SISTEM AERIAL NIRAWAK,D4,7,0,0,Tidak Ada
433,433001,24332001,PERANCANGAN MANUFAKTUR,D4,60,0,0,Tidak Ada
433,433002,24332002,REKAYASA PERANGKAT LUNAK,D4,60,0,0,Tidak Ada
433,433003,24333003,KEPERAWATAN,D3,60,0,0,Tidak Ada
433,433004,24333004,TEKNIK MESIN,D3,60,0,0,Tidak Ada
433,433005,24333005,TEKNIK INFORMATIKA,D3,60,0,0,Tidak Ada
433,433006,24333006,TEKNIK PENDINGIN DAN TATA UDARA,D3,60,0,0,Tidak Ada
433,433007,24332007,SISTEM INFORMASI KOTA CERDAS,D4,60,0,0,Tidak Ada
433,433008,24332008,TEKNOLOGI REKAYASA INSTRUMENTASI DAN KONTROL,D4,60,0,0,Tidak Ada
433,433009,24332009, TEKNOLOGI REKAYASA KOMPUTER,D4,15,0,0,Tidak Ada
433,433010,24332010,TEKNOLOGI LABORATORIUM MEDIS,D4,30,1,0,Tidak Ada
433,433011,24332011,TEKNOLOGI REKAYASA ELEKTRO-MEDIS,D4,30,1,0,Tidak Ada
433,433012,24332012,TEKNOLOGI REKAYASA MATERIAL MAJU,D4,15,1,0,Tidak Ada
434,434001,24343001,AGROINDUSTRI,D3,32,0,0,Tidak Ada
434,434002,24343002,PEMELIHARAAN MESIN,D3,26,0,0,Tidak Ada
434,434003,24343003,SISTEM INFORMASI,D3,32,0,0,Tidak Ada
434,434004,24343004,KEPERAWATAN,D3,58,0,0,Tidak Ada
434,434005,24342005,TEKNOLOGI REKAYASA PERANGKAT LUNAK,D4,38,0,0,Tidak Ada
434,434006,24342006,TEKNOLOGI REKAYASA MANUFAKTUR,D4,26,0,0,Tidak Ada
434,434007,24342007,TEKNOLOGI PRODUKSI TANAMAN PANGAN,D4,32,0,0,Tidak Ada
434,434008,24342008,PENGELOLAAN AGRIBISNIS,D4,16,1,0,Tidak Ada
434,434009,24342009,BISNIS DIGITAL,D4,32,1,0,Tidak Ada
434,434010,24342010,TEKNOLOGI REKAYASA PERANCANGAN MANUFAKTUR,D4,13,1,0,Tidak Ada
452,452001,24522001,TEKNIK PERAWATAN DAN PERBAIKAN GEDUNG,D4,24,0,0,Tidak Ada
452,452002,24522002,PERANCANGAN JALAN DAN JEMBATAN,D4,16,0,0,Tidak Ada
452,452003,24522003,TEKNIK MESIN PRODUKSI DAN PERAWATAN,D4,22,0,0,Tidak Ada
452,452004,24522004,TEKNOLOGI REKAYASA PEMBANGKIT ENERGI,D4,22,0,0,Tidak Ada
452,452005,24522005,TEKNIK TELEKOMUNIKASI,D4,36,0,0,Tidak Ada
452,452006,24522006,TEKNOLOGI REKAYASA INSTALASI LISTRIK,D4,22,0,0,Tidak Ada
452,452007,24522007,TEKNOLOGI REKAYASA KOMPUTER,D4,24,0,0,Tidak Ada
452,452008,24522008,KOMPUTERISASI AKUNTANSI,D4,36,0,0,Tidak Ada
452,452009,24522009,TEKNOLOGI REKAYASA ELEKTRONIKA,D4,32,0,0,Tidak Ada
452,452010,24522010,PERBANKAN SYARIAH,D4,36,0,0,Tidak Ada
452,452011,24522011,ANALISIS KEUANGAN,D4,36,0,0,Tidak Ada
452,452012,24522012,AKUNTANSI MANAJERIAL,D4,36,0,0,Tidak Ada
452,452013,24522013,MANAJEMEN BISNIS INTERNASIONAL,D4,36,0,0,Tidak Ada
452,452014,24522014,ADMINISTRASI BISNIS TERAPAN,D4,36,0,0,Tidak Ada
452,452015,24523015,MANAJEMEN PEMASARAN/MARKETING,D3,36,0,0,Tidak Ada
452,452016,24523016,ADMINISTRASI BISNIS,D3,36,0,0,Tidak Ada
452,452017,24523017,TEKNIK INFORMATIKA,D3,32,0,0,Tidak Ada
452,452018,24523018,KEUANGAN DAN PERBANKAN,D3,36,0,0,Tidak Ada
452,452019,24523019,TEKNIK MESIN,D3,58,0,0,Tidak Ada
452,452020,24523020,TEKNIK LISTRIK,D3,29,0,0,Tidak Ada
452,452021,24523021,KONSTRUKSI SIPIL,D3,32,0,0,Tidak Ada
452,452022,24523022,TEKNIK KONVERSI ENERGI,D3,36,0,0,Tidak Ada
452,452023,24523023,AKUNTANSI,D3,54,0,0,Tidak Ada
452,452024,24523024,TEKNIK ELEKTRONIKA,D3,32,0,0,Tidak Ada
452,452025,24523025,TEKNIK TELEKOMUNIKASI,D3,29,0,0,Tidak Ada
452,452026,24523026,KONSTRUKSI GEDUNG,D3,32,0,0,Tidak Ada
453,453001,24532001,TEKNIK PENGENDALIAN PENCEMARAN LINGKUNGAN,D4,45,0,0,Tidak Ada
453,453002,24532002,PENGEMBANGAN PRODUK AGROINDUSTRI,D4,34,0,0,Tidak Ada
453,453003,24533003,TEKNIK LISTRIK,D3,34,0,0,Tidak Ada
453,453004,24533004,TEKNIK INFORMATIKA,D3,45,0,0,Tidak Ada
453,453005,24533005,TEKNIK ELEKTRONIKA,D3,34,0,0,Tidak Ada
453,453006,24533006,TEKNIK MESIN,D3,34,0,0,Tidak Ada
453,453007,24532007,REKAYASA KEAMANAN SIBER,D4,34,0,0,Tidak Ada
453,453008,24532008,AKUNTANSI LEMBAGA KEUANGAN SYARIAH,D4,34,0,0,Tidak Ada
453,453009,24532009,TEKNOLOGI REKAYASA MEKATRONIKA,D4,26,0,0,Tidak Ada
453,453010,24532010,TEKNOLOGI REKAYASA MULTIMEDIA,D4,34,0,0,Tidak Ada
453,453011,24532011,TEKNOLOGI REKAYASA ENERGI TERBARUKAN,D4,23,0,0,Tidak Ada
453,453012,24532012,TEKNOLOGI REKAYASA KIMIA INDUSTRI,D4,12,0,0,Tidak Ada
453,453013,24532013,TEKNOLOGI REKAYASA PERANGKAT LUNAK,D4,23,0,0,Tidak Ada
454,454004,24542004,TRANSPORTASI LAUT,D4,83,0,0,Tidak Ada
454,454005,24542005,NAUTIKA,D4,40,0,0,Tidak Ada
454,454006,24542006,TEKNOLOGI REKAYASA PERMESINAN KAPAL,D4,40,0,0,Tidak Ada
454,454007,24542007,TEKNOLOGI REKAYASA MEKATRONIKA,D4,50,0,0,Tidak Ada
454,454008,24542008,BISNIS DAN LOGISTIK MARITIM,D4,66,0,0,Tidak Ada
454,454009,24543009,NAUTIKA,D3,26,0,0,Tidak Ada
454,454010,24543010,TEKNIKA,D3,40,0,0,Tidak Ada
471,471001,24712001,AGRIBISNIS,D4,75,0,0,Tidak Ada
471,471002,24712002,TEKNOLOGI PENGOLAHAN HASIL TERNAK,D4,45,0,0,Tidak Ada
471,471003,24712003,TEKNIK MANUFAKTUR KAPAL,D4,30,0,0,Tidak Ada
471,471004,24712004,MANAJEMEN BISNIS PARIWISATA,D4,60,0,0,Tidak Ada
471,471005,24712005,TEKNOLOGI REKAYASA MANUFAKTUR,D4,45,0,0,Tidak Ada
471,471006,24712006,TEKNOLOGI REKAYASA PERANGKAT LUNAK,D4,75,0,0,Tidak Ada
471,471007,24713007,TEKNIK SIPIL,D3,60,0,0,Tidak Ada
471,471008,24712008,TEKNOLOGI REKAYASA KOMPUTER,D4,37,0,0,Tidak Ada
471,471009,24712009,BISNIS DIGITAL,D4,45,0,0,Tidak Ada
471,471010,24712010,TEKNOLOGI REKAYASA KONSTRUKSI JALAN DAN JEMBATAN,D4,30,0,0,Tidak Ada
471,471011,24712011,TEKNOLOGI PRODUKSI TERNAK,D4,30,0,0,Tidak Ada
471,471012,24712012,PENGEMBANGAN PRODUK AGROINDUSTRI,D4,30,0,0,Tidak Ada
471,471013,24712013,TEKNOLOGI BUDI DAYA PERIKANAN/TEKNOLOGI AKUAKULTUR,D4,30,0,0,Tidak Ada
471,471014,24712014, TEKNOLOGI PRODUKSI TANAMAN PANGAN,D4,30,0,0,Tidak Ada
471,471015,24712015,PENGELOLAAN PERHOTELAN,D4,30,0,0,Tidak Ada
471,471016,24712016,DESTINASI PARIWISATA,D4,30,0,0,Tidak Ada
471,471017,24712017,MANAJEMEN KONSTRUKSI,D4,15,0,0,Tidak Ada
471,471018,24712018,TEKNOLOGI REKAYASA KONSTRUKSI BANGUNAN GEDUNG,D4,15,0,0,Tidak Ada
471,471019,24712019,TEKNOLOGI REKAYASA OTOMOTIF,D4,30,1,0,Tidak Ada
472,472001,24722001,GIZI KLINIK,D4,83,0,0,Tidak Ada
472,472002,24722002,MANAJEMEN AGROINDUSTRI,D4,99,0,0,Tidak Ada
472,472003,24722003,TEKNIK ENERGI TERBARUKAN,D4,66,0,0,Tidak Ada
472,472004,24722004,TEKNIK PRODUKSI TANAMAN PANGAN,D4,50,0,0,Tidak Ada
472,472005,24722005,MANAGEMEN BISNIS UNGGAS,D4,66,0,0,Tidak Ada
472,472006,24722006,TEKNIK INFORMATIKA,D4,99,0,0,Tidak Ada
472,472007,24722007,TEKNIK PRODUKSI BENIH,D4,50,0,0,Tidak Ada
472,472008,24722008,MANAJEMEN INFORMASI KESEHATAN,D4,99,0,0,Tidak Ada
472,472009,24722009,MESIN OTOMOTIF,D4,66,0,0,Tidak Ada
472,472010,24722010,BUDIDAYA TANAMAN PERKEBUNAN,D4,50,0,0,Tidak Ada
472,472011,24722011,TEKNOLOGI REKAYASA PANGAN,D4,66,0,0,Tidak Ada
472,472012,24722012,PENGELOLAAN PERKEBUNAN KOPI,D4,33,0,0,Tidak Ada
472,472013,24722013,TEKNOLOGI REKAYASA MEKATRONIKA,D4,66,0,0,Tidak Ada
472,472014,24722014,PSDKU TEKNIK INFORMATIKA KAB. NGANJUK,D4,50,0,0,Tidak Ada
472,472015,24722015,TEKNOLOGI PAKAN TERNAK,D4,50,0,0,Tidak Ada
472,472016,24722016,PSDKU MANAJEMEN AGROINDUSTRI KAB. SIDOARJO,D4,33,0,0,Tidak Ada
472,472017,24722017,PSDKU TEKNIK INFORMATIKA KAB. SIDOARJO,D4,50,0,0,Tidak Ada
472,472018,24722018,PROMOSI KESEHATAN,D4,66,0,0,Tidak Ada
472,472019,24722019,BISNIS DIGITAL,D4,66,0,0,Tidak Ada
472,472020,24722020,AKUNTANSI SEKTOR PUBLIK,D4,83,0,0,Tidak Ada
472,472021,24722021,MANAJEMEN PEMASARAN INTERNASIONAL,D4,83,0,0,Tidak Ada
472,472022,24722022,DESTINASI PARIWISATA,D4,66,0,0,Tidak Ada
472,472023,24723023,MANAJEMEN AGRIBISNIS,D3,66,0,0,Tidak Ada
472,472024,24723024,PRODUKSI TANAMAN HORTIKULTURA,D3,33,0,0,Tidak Ada
472,472025,24723025,PRODUKSI TANAMAN PERKEBUNAN,D3,33,0,0,Tidak Ada
472,472026,24723026,TEKNOLOGI INDUSTRI PANGAN,D3,66,0,0,Tidak Ada
472,472027,24723027,BAHASA INGGRIS,D3,50,0,0,Tidak Ada
472,472028,24723028,PRODUKSI TERNAK,D3,50,0,0,Tidak Ada
472,472029,24723029,MANAJEMEN INFORMATIKA,D3,83,0,0,Tidak Ada
472,472030,24723030,MANAJEMEN AGRIBISNIS (KAMPUS KAB. NGANJUK),D3,33,0,0,Tidak Ada
472,472031,24723031,KETEKNIKAN PERTANIAN,D3,50,0,0,Tidak Ada
472,472032,24723032,TEKNIK KOMPUTER,D3,83,0,0,Tidak Ada
472,472033,24722033,PSDKU MANAJEMEN AGRIBISNIS KAB. NGAWI,D4,33,0,0,Tidak Ada
472,472034,24722034,PSDKU MANAJEMEN INFORMASI KESEHATAN KAB. NGAWI,D4,33,0,0,Tidak Ada
472,472035,24722035,PRODUKSI MEDIA KAMPUS BONDOWOSO,D4,33,0,0,Tidak Ada
472,472036,24722036,PSDKU TEKNOLOGI REKAYASA PERANGKAT LUNAK KAB. SABU RAIJUA,D4,33,0,0,Tidak Ada
472,472037,24722037,TEKNOLOGI REKAYASA KOMPUTER,D4,50,0,0,Tidak Ada
472,472038,24722038,MANAJEMEN AGRIBISNIS KAMPUS BONDOWOSO,D4,33,0,0,Tidak Ada
472,472039,24722039,TEKNOLOGI REKAYASA PENGEMASAN,D4,33,1,0,Tidak Ada
473,473001,24732001,PERKERETAAPIAN,D4,36,0,0,Tidak Ada
473,473002,24733002,AKUNTANSI,D3,41,0,0,Tidak Ada
473,473003,24733003,TEKNOLOGI INFORMASI,D3,36,0,0,Tidak Ada
473,473004,24733004,TEKNIK KOMPUTER KONTROL,D3,36,0,0,Tidak Ada
473,473005,24733005,BAHASA INGGRIS,D3,18,0,0,Tidak Ada
473,473006,24732006,AKUNTANSI PERPAJAKAN,D4,41,0,0,Tidak Ada
473,473007,24733007,TEKNIK LISTRIK,D3,36,0,0,Tidak Ada
473,473008,24733008,ADMINISTRASI BISNIS,D3,36,0,0,Tidak Ada
473,473009,24732009,TEKNOLOGI REKAYASA OTOMOTIF,D4,36,0,0,Tidak Ada
473,473010,24732010,TEKNOLOGI REKAYASA PERANGKAT LUNAK,D4,23,0,0,Tidak Ada
473,473011,24732011,AKUNTANSI SEKTOR PUBLIK,D4,32,0,0,Tidak Ada
473,473012,24732012,PEMASARAN DIGITAL,D4,23,0,0,Tidak Ada
473,473013,24732013,TEKNOLOGI REKAYASA ELEKTRONIKA,D4,18,0,0,Tidak Ada
473,473014,24732014,TEKNOLOGI REKAYASA OTOMASI,D4,18,0,0,Tidak Ada
473,473015,24732015,BAHASA INGGRIS UNTUK KOMUNIKASI BISNIS DAN PROFESIONAL,D4,18,0,0,Tidak Ada
474,474001,24742001,TEKNIK JARINGAN TELEKOMUNIKASI DIGITAL,D4,46,0,0,Tidak Ada
474,474002,24742002,MANAJEMEN REKAYASA KONSTRUKSI,D4,46,0,0,Tidak Ada
474,474003,24742003,SISTEM KELISTRIKAN,D4,40,0,0,Tidak Ada
474,474004,24742004,TEKNIK ELEKTRONIKA,D4,58,0,0,Tidak Ada
474,474005,24742005,TEKNIK INFORMATIKA,D4,82,0,0,Tidak Ada
474,474006,24742006,TEKNOLOGI KIMIA INDUSTRI,D4,53,0,0,Tidak Ada
474,474007,24742007,TEKNIK MESIN PRODUKSI DAN PERAWATAN,D4,53,0,0,Tidak Ada
474,474008,24742008,TEKNIK OTOMOTIF ELEKTRONIK,D4,43,0,0,Tidak Ada
474,474009,24742009,TEKNOLOGI REKAYASA KONSTRUKSI JALAN DAN JEMBATAN,D4,19,0,0,Tidak Ada
474,474010,24742010,TEKNIK ELEKTRONIKA (PSDKU KEDIRI),D4,24,0,0,Tidak Ada
474,474011,24742011,TEKNIK MESIN PRODUKSI DAN PERAWATAN (PSDKU KEDIRI),D4,36,0,0,Tidak Ada
474,474012,24742012,TEKNOLOGI REKAYASA OTOMOTIF (PSDKU LUMAJANG),D4,24,0,0,Tidak Ada
474,474013,24742013,TEKNIK OTOMOTIF ELEKTRONIK (PSDKU PAMEKASAN),D4,10,0,0,Tidak Ada
474,474014,24742014,AKUNTANSI MANAJEMEN,D4,77,0,0,Tidak Ada
474,474015,24742015,KEUANGAN,D4,29,0,0,Tidak Ada
474,474016,24742016,MANAJEMEN PEMASARAN,D4,67,0,0,Tidak Ada
474,474017,24742017,BAHASA INGGRIS UNTUK KOMUNIKASI BISNIS DAN PROFESIONAL,D4,29,0,0,Tidak Ada
474,474018,24742018,PENGELOLAAN ARSIP DAN REKAMAN INFORMASI,D4,19,0,0,Tidak Ada
474,474019,24742019,USAHA PERJALANAN WISATA,D4,19,0,0,Tidak Ada
474,474020,24742020,KEUANGAN (PSDKU KEDIRI),D4,36,0,0,Tidak Ada
474,474021,24742021,AKUNTANSI MANAJEMEN (PSDKU PAMEKASAN),D4,10,0,0,Tidak Ada
474,474022,24743022,TEKNOLOGI PERTAMBANGAN,D3,29,0,0,Tidak Ada
474,474023,24743023,TEKNIK KIMIA,D3,43,0,0,Tidak Ada
474,474024,24743024,"TEKNOLOGI KONSTRUKSI JALAN, JEMBATAN, DAN BANGUNAN AIR",D3,29,0,0,Tidak Ada
474,474025,24743025,TEKNOLOGI SIPIL (KAMPUS KAB LUMAJANG),D3,31,0,0,Tidak Ada
474,474026,24743026,TEKNOLOGI INFORMASI (KAMPUS KAB LUMAJANG),D3,36,0,0,Tidak Ada
474,474027,24743027,TEKNIK LISTRIK,D3,31,0,0,Tidak Ada
474,474028,24743028,"AKUNTANSI, KAMPUS KEDIRI",D3,60,0,0,Tidak Ada
474,474029,24743029,"TEKNIK MESIN, KAMPUS KEDIRI",D3,52,0,0,Tidak Ada
474,474030,24743030,MANAJEMEN INFORMATIKA (KAMPUS KAB PAMEKASAN),D3,10,0,0,Tidak Ada
474,474031,24743031,AKUNTANSI (KAMPUS KAB LUMAJANG),D3,36,0,0,Tidak Ada
474,474032,24743032,ADMINISTRASI BISNIS,D3,58,0,0,Tidak Ada
474,474033,24743033,AKUNTANSI,D3,48,0,0,Tidak Ada
474,474034,24743034,"MANAJEMEN INFORMATIKA, KAMPUS KEDIRI",D3,60,0,0,Tidak Ada
474,474035,24742035,SISTEM INFORMASI BISNIS,D4,62,0,0,Tidak Ada
474,474036,24743036,TEKNIK MESIN,D3,67,0,0,Tidak Ada
474,474037,24743037,TEKNIK SIPIL,D3,30,0,0,Tidak Ada
474,474038,24743038,TEKNIK ELEKTRONIKA,D3,46,0,0,Tidak Ada
474,474039,24742039,BAHASA INGGRIS UNTUK INDUSTRI PARIWISATA,D4,19,0,0,Tidak Ada
474,474041,24743041,TEKNIK TELEKOMUNIKASI,D3,32,0,0,Tidak Ada
474,474042,24743042,TEKNOLOGI PEMELIHARAAN PESAWAT UDARA,D3,15,1,0,Tidak Ada
481,481001,24812001,TEKNIK KESELAMATAN DAN KESEHATAN KERJA,D4,94,0,0,Tidak Ada
481,481002,24812002,TEKNIK DESAIN DAN MANUFAKTUR,D4,36,0,0,Tidak Ada
481,481003,24812003,TEKNIK PENGELASAN,D4,36,0,0,Tidak Ada
481,481004,24812004,TEKNIK PERPIPAAN,D4,49,0,0,Tidak Ada
481,481005,24812005,TEKNIK OTOMASI,D4,49,0,0,Tidak Ada
481,481006,24812006,TEKNIK PENGOLAHAN LIMBAH,D4,49,0,0,Tidak Ada
481,481008,24812008,TEKNIK PERANCANGAN DAN KONSTRUKSI KAPAL,D4,41,0,0,Tidak Ada
481,481009,24812009,TEKNIK PERMESINAN KAPAL,D4,41,0,0,Tidak Ada
481,481010,24812010,TEKNIK KELISTRIKAN KAPAL,D4,41,0,0,Tidak Ada
481,481011,24812011,MANAJEMEN BISNIS,D4,75,0,0,Tidak Ada
481,481012,24813012,TEKNIK KELISTRIKAN KAPAL,D3,27,0,0,Tidak Ada
481,481013,24813013,TEKNIK PERMESINAN KAPAL,D3,27,0,0,Tidak Ada
481,481014,24813014,TEKNIK PERANCANGAN DAN KONSTRUKSI KAPAL,D3,27,0,0,Tidak Ada
481,481015,24813015,TEKNIK BANGUNAN KAPAL,D3,27,0,0,Tidak Ada
481,481016,24812016,TEKNOLOGI REKAYASA ENERGI BERKELANJUTAN,D4,22,0,0,Tidak Ada
481,481017,24812017,TEKNOLOGI REKAYASA KONSTRUKSI PERKAPALAN,D4,22,0,0,Tidak Ada
481,481018,24812018,TEKNOLOGI REKAYASA INSTRUMENTASI,D4,9,1,0,Tidak Ada
482,482001,24822001,TEKNIK ELEKTRONIKA,D4,45,0,0,Tidak Ada
482,482002,24822002,TEKNIK TELEKOMUNIKASI,D4,36,0,0,Tidak Ada
482,482003,24822003,TEKNIK ELEKTRO INDUSTRI,D4,36,0,0,Tidak Ada
482,482004,24822004,TEKNIK INFORMATIKA,D4,36,0,0,Tidak Ada
482,482005,24822005,TEKNIK KOMPUTER,D4,36,0,0,Tidak Ada
482,482006,24822006,TEKNIK MEKATRONIKA,D4,36,0,0,Tidak Ada
482,482007,24822007,SISTEM PEMBANGKIT ENERGI,D4,36,0,0,Tidak Ada
482,482008,24822008,TEKNOLOGI GAME,D4,36,0,0,Tidak Ada
482,482009,24822009,TEKNOLOGI REKAYASA INTERNET,D4,31,0,0,Tidak Ada
482,482010,24822010,TEKNOLOGI REKAYASA MULTIMEDIA,D4,31,0,0,Tidak Ada
482,482011,24822011,SAINS DATA TERAPAN,D4,31,0,0,Tidak Ada
482,482012,24823012,TEKNOLOGI MULTIMEDIA BROADCASTING (KAMPUS KAB LAMONGAN),D3,13,0,0,Tidak Ada
482,482013,24823013,TEKNIK ELEKTRO INDUSTRI,D3,22,0,0,Tidak Ada
482,482015,24823015,TEKNIK INFORMATIKA (KAMPUS KAB SUMENEP),D3,9,0,0,Tidak Ada
482,482016,24823016,TEKNIK ELEKTRONIKA,D3,18,0,0,Tidak Ada
482,482017,24823017,TEKNOLOGI MULTIMEDIA BROADCASTING (KAMPUS KAB. SUMENEP),D3,9,0,0,Tidak Ada
482,482018,24823018,TEKNIK INFORMATIKA (KAMPUS KAB LAMONGAN),D3,18,0,0,Tidak Ada
482,482019,24823019,TEKNOLOGI MULTIMEDIA DAN BROADCASTING,D3,18,0,0,Tidak Ada
482,482020,24823020,TEKNIK INFORMATIKA,D3,18,0,0,Tidak Ada
482,482021,24823021,TEKNIK TELEKOMUNIKASI,D3,18,0,0,Tidak Ada
482,482022,24822022,BISNIS DIGITAL,D4,27,1,0,Tidak Ada
482,482023,24822023,TEKNOLOGI REKAYASA PERANCANGAN MANUFAKTUR,D4,18,1,0,Tidak Ada
482,482024,24822024,TEKNOLOGI REKAYASA KESELAMATAN,D4,18,1,0,Tidak Ada
483,483001,24833001,TEKNIK MESIN ALAT BERAT,D3,35,0,0,Tidak Ada
483,483002,24833002,TEKNIK LISTRIK INDUSTRI,D3,30,0,0,Tidak Ada
483,483003,24833003,TEKNIK BANGUNAN KAPAL,D3,30,0,0,Tidak Ada
483,483004,24833004,KEPERAWATAN,D3,75,0,0,Tidak Ada
483,483005,24832005,TEKNOLOGI REKAYASA KESELAMATAN,D4,35,0,0,Tidak Ada
483,483006,24832006,TEKNOLOGI REKAYASA OTOMASI,D4,15,0,0,Tidak Ada
483,483007,24832007,PROMOSI KESEHATAN,D4,35,0,0,Tidak Ada
483,483008,24832008,TEKNOLOGI REKAYASA INFORMATIKA INDUSTRI,D4,30,1,0,Tidak Ada
511,511001,15111001,AGRIBISNIS,S1,30,0,0,Tidak Ada
511,511002,15111002,TEKNIK SIPIL,S1,32,0,0,Tidak Ada
511,511003,15111003,TEKNIK ELEKTRO,S1,30,0,0,Tidak Ada
511,511004,15111004,ARSITEKTUR,S1,25,0,0,Tidak Ada
511,511005,15111005,TEKNIK INFORMATIKA,S1,48,0,0,Tidak Ada
511,511006,15111006,TEKNIK INDUSTRI,S1,20,0,0,Tidak Ada
511,511007,15111007,TEKNIK LINGKUNGAN,S1,18,0,0,Tidak Ada
511,511008,15111008,PEND. MATEMATIKA,S1,24,0,0,Tidak Ada
511,511009,15111009,PEND. BIOLOGI,S1,24,0,0,Tidak Ada
511,511010,15111010,PEND. FISIKA,S1,24,0,0,Tidak Ada
511,511011,15111011,PEND. KIMIA,S1,20,0,0,Tidak Ada
511,511012,15111012,MATEMATIKA,S1,35,0,0,Tidak Ada
511,511013,15111013,FISIKA,S1,16,0,0,Tidak Ada
511,511014,15111014,KIMIA,S1,48,0,0,Tidak Ada
511,511015,15111015,BIOLOGI,S1,40,0,0,Tidak Ada
511,511016,15111016,KEDOKTERAN,S1,24,0,0,Tidak Ada
511,511017,15111017,FARMASI,S1,40,0,0,Tidak Ada
511,511018,15111018,SISTEM KOMPUTER,S1,36,0,0,Tidak Ada
511,511019,15111019,AGROTEKNOLOGI,S1,60,0,0,Tidak Ada
511,511020,15111020,KEHUTANAN,S1,156,0,0,Tidak Ada
511,511021,15111021,KEPERAWATAN,S1,27,0,0,Tidak Ada
511,511022,15111022,GEOFISIKA,S1,32,0,0,Tidak Ada
511,511023,15111023,ILMU KELAUTAN,S1,28,0,0,Tidak Ada
511,511024,15111024,PERENCANAAN WILAYAH DAN KOTA,S1,18,0,0,Tidak Ada
511,511025,15111025,ILMU DAN TEKNOLOGI PANGAN,S1,20,0,0,Tidak Ada
511,511026,15111026,TEKNIK PERTAMBANGAN,S1,20,0,0,Tidak Ada
511,511027,15111027,PETERNAKAN,S1,12,0,0,Tidak Ada
511,511028,15111028,STATISTIK,S1,35,0,0,Tidak Ada
511,511029,15111029,TEKNIK KELAUTAN,S1,28,0,0,Tidak Ada
511,511030,15111030,TEKNIK KIMIA,S1,18,0,0,Tidak Ada
511,511031,15111031,TEKNIK MESIN,S1,18,0,0,Tidak Ada
511,511032,15111032,ILMU TANAH,S1,24,0,0,Tidak Ada
511,511033,15111033,SISTEM INFORMASI ,S1,35,0,0,Tidak Ada
511,511034,15111034,MANAJEMEN SUMBER DAYA PERAIRAN,S1,12,0,0,Tidak Ada
511,511035,15111035,ILMU HUKUM,S1,114,0,0,Tidak Ada
511,511036,15111036,EKONOMI PEMBANGUAN,S1,54,0,0,Tidak Ada
511,511037,15111037,MANAJEMEN,S1,67,0,0,Tidak Ada
511,511038,15111038,AKUNTANSI,S1,65,0,0,Tidak Ada
511,511039,15111039,ADMINISTRASI PUBLIK,S1,28,0,0,Tidak Ada
511,511040,15111040,PEMBANGUNAN SOSIAL,S1,25,0,0,Tidak Ada
511,511041,15111041,PEND. BAHASA INGGRIS,S1,30,0,0,Tidak Ada
511,511042,15111042,PENDIDIKAN BAHASA INDONESIA,S1,30,0,0,Tidak Ada
511,511043,15111043,PEND. EKONOMI,S1,26,0,0,Tidak Ada
511,511044,15111044,PEND. SOSIOLOGI,S1,20,0,0,Tidak Ada
511,511045,15111045,PEND. GURU PEND. ANAK USIA DINI (PGPAUD),S1,15,0,0,Tidak Ada
511,511046,15111046,PENDIDIKAN JASMANI,S1,33,0,1,Olahraga
511,511047,15111047,PENDIDIKAN SENI PERTUNJUKAN,S1,30,0,3,Sendratasik
511,511048,15111048,ILMU POLITIK,S1,26,0,0,Tidak Ada
511,511049,15111049,SOSIOLOGI,S1,26,0,0,Tidak Ada
511,511050,15111050,PEND. BAHASA MANDARIN,S1,20,0,0,Tidak Ada
511,511051,15111051,MANAJEMEN  (KELAS INTERNASIONAL),S1,10,0,0,Tidak Ada
511,511052,15111052,PEND. GURU SEKOLAH DASAR (PGSD),S1,40,0,0,Tidak Ada
511,511053,15111053,BIMBINGAN DAN KONSELING,S1,20,0,0,Tidak Ada
511,511054,15111054,AKUNTANSI (KELAS INTERNASIONAL),S1,10,0,0,Tidak Ada
511,511055,15111055,ILMU KOMUNIKASI,S1,22,0,0,Tidak Ada
511,511056,15111056,ILMU PEMERINTAHAN ,S1,28,0,0,Tidak Ada
511,511057,15111057,EKONOMI ISLAM,S1,20,0,0,Tidak Ada
511,511058,15111058,PENDIDIKAN PANCASILA DAN KEWARGANEGARAAN,S1,10,0,0,Tidak Ada
511,511059,15111059,PENDIDIKAN SEJARAH,S1,20,0,0,Tidak Ada
511,511060,15111060,PENDIDIKAN GEOGRAFI ,S1,10,0,0,Tidak Ada
511,511061,15111061,PENDIDIKAN KEPELATIHAN OLAHRAGA ,S1,18,0,1,Olahraga
511,511062,15111062,PENDIDIKAN ILMU PENGETAHUAN SOSIAL,S1,10,0,0,Tidak Ada
511,511063,15111063,ILMU HUBUNGAN INTERNASIONAL,S1,30,0,0,Tidak Ada
511,511064,15111064,ANTROPOLOGI SOSIAL ,S1,22,0,0,Tidak Ada
511,511065,15113065,BUDIDAYA TANAMAN PERKEBUNAN,D3,15,0,0,Tidak Ada
511,511066,15113066,KEARSIPAN,D3,20,0,0,Tidak Ada
511,511067,15113067,PERPUSTAKAAN,D3,10,0,0,Tidak Ada
511,511068,15113068,KESEKRETARIATAN,D3,20,0,0,Tidak Ada
511,511069,15113069,ADMINISTRASI PERKANTORAN,D3,19,0,0,Tidak Ada
515,515001,25152001,PERENCANAAN PERUMAHAN & PEMUKIMAN,D4,35,0,0,Tidak Ada
515,515002,25152002,TEKNIK MESIN,D4,23,0,0,Tidak Ada
515,515003,25152003,MANAJEMEN PERKEBUNAN,D4,24,0,0,Tidak Ada
515,515004,25152004,BUDIDAYA TANAMAN PERKEBUNAN,D4,24,0,0,Tidak Ada
515,515005,25152005,DESAIN KAWASAN BINAAN,D4,15,0,0,Tidak Ada
515,515006,25152006,ARSITEKTUR BANGUNAN GEDUNG,D4,30,0,0,Tidak Ada
515,515007,25152007,ADMINISTRASI NEGARA,D4,45,0,0,Tidak Ada
515,515008,25152008,ADMINISTRASI BISNIS OTOMOTIF,D4,23,0,0,Tidak Ada
515,515009,25152009,AKUNTANSI SEKTOR PUBLIK,D4,55,0,0,Tidak Ada
515,515010,25153010,BUDIDAYA PERIKANAN,D3,18,0,0,Tidak Ada
515,515011,25153011,TEKNOLOGI BUDIDAYA PERIKANAN K. KAB. KAPUAS HULU,D3,6,0,0,Tidak Ada
515,515012,25153012,PENGELOLAAN HASIL PERKEBUNAN (KAMPUS KAB. SANGGAU),D3,15,0,0,Tidak Ada
515,515013,25152013,PENGOLAHAN HASIL PERKEBUNAN TERPADU,D4,30,0,0,Tidak Ada
515,515014,25153014,TEKNIK INFORMATIKA,D3,37,0,0,Tidak Ada
515,515015,25153015,TEKNIK LISTRIK,D3,21,0,0,Tidak Ada
515,515016,25153016,ADMINISTRASI BISNIS,D3,45,0,0,Tidak Ada
515,515017,25153017,TEKNIK MESIN,D3,23,0,0,Tidak Ada
515,515018,25153018,ARSITEKTUR,D3,30,0,0,Tidak Ada
515,515019,25153019,AKUNTANSI (KAMPUS KAB. SANGGAU),D3,23,0,0,Tidak Ada
515,515020,25153020,AKUNTANSI,D3,52,0,0,Tidak Ada
515,515021,25153021,TEKNIK SIPIL,D3,38,0,0,Tidak Ada
515,515022,25153022,TEKNIK SIPIL K. KAB. KAPUAS HULU,D3,23,0,0,Tidak Ada
515,515023,25153023,"TEKNOLOGI PENGOLAHAN HASIL PERKEBUNAN K, KAB KAPUAS HULU",D3,15,0,0,Tidak Ada
515,515025,25153025,TEKNOLOGI PENANGKAPAN IKAN,D3,12,0,0,Tidak Ada
515,515026,25153026,TEKNOLOGI MESIN (KAMPUS KAB. SANGGAU),D3,8,0,0,Tidak Ada
515,515027,25152027,TEKNOLOGI REKAYASA SISTEM ELEKTRONIKA,D4,21,0,0,Tidak Ada
515,515028,25152028,PENGELOLAAN USAHA REKREASI,D4,15,0,0,Tidak Ada
515,515029,25152029,TEKNOLOGI REKAYASA KONSTRUKSI JALAN DAN JEMBATAN,D4,20,0,0,Tidak Ada
515,515030,25153030,BUDI DAYA IKAN (KAMPUS KAB.SUKAMARA),D3,6,0,0,Tidak Ada
515,515031,25153031,TEKNOLOGI INFORMASI (KAMPUS KAB.SUKAMARA),D3,10,0,0,Tidak Ada
515,515032,25152032,AKUNTANSI SEKTOR PUBLIK (KAMPUS KAB.SUKAMARA),D4,15,0,0,Tidak Ada
515,515033,25152033,PENGOLAHAN DAN PENYIMPANAN HASIL PERIKANAN,D4,12,0,0,Tidak Ada
515,515034,25152034,AKUNTANSI PERPAJAKAN,D4,18,0,0,Tidak Ada
515,515035,25152035,PERBANKAN DAN KEUANGAN DIGITAL,D4,18,0,0,Tidak Ada
516,516001,25162001,TEKNOLOGI PRODUKSI TANAMAN PERKEBUNAN,D4,18,0,0,Tidak Ada
516,516002,25162002,TEKNOLOGI REKAYASA KONSTRUKSI JALAN DAN JEMBATAN,D4,27,0,0,Tidak Ada
516,516003,25163003,TEKNOLOGI HASIL PERKEBUNAN,D3,18,0,0,Tidak Ada
516,516004,25163004,PEMELIHARAAN MESIN,D3,18,0,0,Tidak Ada
516,516005,25163005,TEKNOLOGI LISTRIK,D3,18,0,0,Tidak Ada
516,516006,25163006,TEKNOLOGI PERTAMBANGAN,D3,18,0,0,Tidak Ada
516,516007,25163007,TEKNOLOGI INFORMASI,D3,27,0,0,Tidak Ada
516,516008,25163008,AGROINDUSTRI,D3,18,0,0,Tidak Ada
516,516009,25162009,MANAJEMEN AGRIBISNIS,D4,27,0,0,Tidak Ada
517,517001,25172001,AGROINDUSTRI PANGAN,D4,36,0,0,Tidak Ada
517,517002,25172002,TEKNIK MULTIMEDIA,D4,36,0,0,Tidak Ada
517,517003,25172003,TEKNIK MESIN PERTANIAN,D4,20,0,0,Tidak Ada
517,517004,25172004,AGRIBISNIS PERIKANAN DAN KELAUTAN,D4,24,0,0,Tidak Ada
517,517005,25172005,MANAJEMEN BISNIS PARIWISATA,D4,36,0,0,Tidak Ada
517,517006,25172006,AKUNTANSI KEUANGAN PERUSAHAAN,D4,36,0,0,Tidak Ada
517,517007,25173007,AGROBISNIS,D3,26,0,0,Tidak Ada
517,517008,25173008,MANAJEMEN INFORMATIKA,D3,36,0,0,Tidak Ada
517,517009,25173009,TEKNIK MESIN,D3,24,0,0,Tidak Ada
517,517010,25172010,AKUNTANSI SEKTOR PUBLIK,D4,36,0,0,Tidak Ada
517,517011,25172011,PENGELOLAAN PERKEBUNAN,D4,24,0,0,Tidak Ada
521,521001,15211001,ILMU SOSIAL EKONOMI PERTANIAN (AGRIBISNIS),S1,48,0,0,Tidak Ada
521,521002,15211002,MANAJEMEN SUMBERDAYA PERAIRAN,S1,20,0,0,Tidak Ada
521,521003,15211003,BUDIDAYA PERAIRAN,S1,18,0,0,Tidak Ada
521,521004,15211004,TEKNIK SIPIL,S1,48,0,0,Tidak Ada
521,521005,15211005,ARSITEKTUR ,S1,29,0,0,Tidak Ada
521,521006,15211006,TEKNIK INFORMATIKA,S1,30,0,0,Tidak Ada
521,521007,15211007,PEND. MATEMATIKA ,S1,30,0,0,Tidak Ada
521,521008,15211008,PEND. FISIKA ,S1,18,0,0,Tidak Ada
521,521009,15211009,PEND. KIMIA ,S1,16,0,0,Tidak Ada
521,521010,15211010,PEND. BIOLOGI ,S1,23,0,0,Tidak Ada
521,521011,15211011,PEND. TEKNIK MESIN ,S1,18,0,0,Tidak Ada
521,521012,15211012,TEKNIK PERTAMBANGAN,S1,30,0,0,Tidak Ada
521,521013,15211013,AGROTEKNOLOGI,S1,48,0,0,Tidak Ada
521,521014,15211014,KEHUTANAN,S1,48,0,0,Tidak Ada
521,521015,15211015,TEKNOLOGI HASIL PERIKANAN,S1,12,0,0,Tidak Ada
521,521016,15211016,PETERNAKAN,S1,15,0,0,Tidak Ada
521,521017,15211017,PENDIDIKAN TEKNIK BANGUNAN,S1,16,0,0,Tidak Ada
521,521018,15211018,KEDOKTERAN,S1,35,0,0,Tidak Ada
521,521019,15211019,TEKNOLOGI INDUSTRI PERTANIAN,S1,20,0,0,Tidak Ada
521,521020,15211020,FISIKA,S1,12,0,0,Tidak Ada
521,521021,15211021,KIMIA,S1,18,0,0,Tidak Ada
521,521022,15211022,BIOLOGI,S1,24,0,0,Tidak Ada
521,521023,15211023,PEND. PANCASILA & KEWARGANEGARAAN (PPKN) ,S1,23,0,0,Tidak Ada
521,521024,15211024,PEND. EKONOMI ,S1,23,0,0,Tidak Ada
521,521025,15211025,PEND. BAHASA INGGRIS ,S1,41,0,0,Tidak Ada
521,521026,15211026,PENDIDIKAN BAHASA DAN SASTRA INDONESIA,S1,24,0,0,Tidak Ada
521,521027,15211027,PEND. GURU SEKOLAH DASAR (PGSD) ,S1,51,0,0,Tidak Ada
521,521028,15211028,"PEND. JASMANI, KESEHATAN DAN REKREASI",S1,26,0,1,Olahraga
521,521029,15211029,PEND. GURU PEND ANAK USIA DINI (PG PAUD) ,S1,18,0,0,Tidak Ada
521,521030,15211030,PEND. LUAR SEKOLAH ,S1,12,0,0,Tidak Ada
521,521031,15211031,BIMBINGAN DAN KONSELING ,S1,17,0,0,Tidak Ada
521,521032,15211032,EKONOMI PEMBANGUNAN,S1,50,0,0,Tidak Ada
521,521033,15211033,MANAJEMEN,S1,90,0,0,Tidak Ada
521,521034,15211034,AKUNTANSI,S1,80,0,0,Tidak Ada
521,521035,15211035,SOSIOLOGI,S1,60,0,0,Tidak Ada
521,521036,15211036,ILMU ADMINISTRASI NEGARA,S1,45,0,0,Tidak Ada
521,521037,15211037,ILMU HUKUM,S1,105,0,0,Tidak Ada
521,521038,15211038,TEKNOLOGI PENDIDIKAN,S1,15,0,0,Tidak Ada
521,521039,15211039,MANAJEMEN PENDIDIKAN,S1,18,0,0,Tidak Ada
521,521040,15211040,ILMU PEMERINTAHAN,S1,45,0,0,Tidak Ada
521,521041,15211041,PENDIDIKAN SENI DRAMA TARI DAN MUSIK,S1,15,0,3,Sendratasik
521,521042,15211042,MATEMATIKA,S1,12,0,0,Tidak Ada
521,521043,15212043,TEKNOLOGI LABORATORIUM MEDIS,D4,15,0,0,Tidak Ada
521,521044,15211044,FARMASI,S1,21,0,0,Tidak Ada
531,531001,15311001,PENDIDIKAN MATEMATIKA,S1,21,0,0,Tidak Ada
531,531002,15311002,PENDIDIKAN BIOLOGI,S1,21,0,0,Tidak Ada
531,531003,15311003,PENDIDIKAN KIMIA,S1,18,0,0,Tidak Ada
531,531004,15311004,AGROEKOTEKNOLOGI,S1,40,0,0,Tidak Ada
531,531005,15311005,AGRIBISNIS,S1,30,0,0,Tidak Ada
531,531006,15311006,PETERNAKAN,S1,19,0,0,Tidak Ada
531,531007,15311007,TEKNOLOGI INDUSTRI PERTANIAN,S1,17,0,0,Tidak Ada
531,531008,15311008,TEKNOLOGI HASIL PERIKANAN,S1,15,0,0,Tidak Ada
531,531009,15311009,AKUAKULTUR,S1,15,0,0,Tidak Ada
531,531010,15311010,PERIKANAN TANGKAP,S1,15,0,0,Tidak Ada
531,531011,15311011,MANAJEMEN SUMBER DAYA PERAIRAN,S1,20,0,0,Tidak Ada
531,531012,15311012,SOSIAL EKONOMI PERIKANAN,S1,15,0,0,Tidak Ada
531,531013,15311013,ILMU KELAUTAN,S1,15,0,0,Tidak Ada
531,531014,15311014,TEKNIK SIPIL,S1,70,0,0,Tidak Ada
531,531015,15311015,ARSITEKTUR,S1,28,0,0,Tidak Ada
531,531016,15311016,TEKNIK PERTAMBANGAN,S1,28,0,0,Tidak Ada
531,531017,15311017,TEKNIK KIMIA,S1,32,0,0,Tidak Ada
531,531018,15311018,TEKNIK LINGKUNGAN,S1,28,0,0,Tidak Ada
531,531019,15311019,TEKNIK MESIN,S1,33,0,0,Tidak Ada
531,531020,15311020,KEDOKTERAN,S1,30,0,0,Tidak Ada
531,531021,15311021,KESEHATAN MASYARAKAT,S1,25,0,0,Tidak Ada
531,531022,15311022,MATEMATIKA,S1,15,0,0,Tidak Ada
531,531023,15311023,KIMIA,S1,15,0,0,Tidak Ada
531,531024,15311024,BIOLOGI,S1,15,0,0,Tidak Ada
531,531025,15311025,FISIKA,S1,13,0,0,Tidak Ada
531,531026,15311026,FARMASI,S1,18,0,0,Tidak Ada
531,531027,15311027,ILMU KOMPUTER,S1,14,0,0,Tidak Ada
531,531028,15311028,KEHUTANAN,S1,60,0,0,Tidak Ada
531,531029,15311029,PENDIDIKAN FISIKA,S1,18,0,0,Tidak Ada
531,531030,15311030,KEPERAWATAN,S1,24,0,0,Tidak Ada
531,531032,15311032,ILMU TANAH,S1,19,0,0,Tidak Ada
531,531033,15311033,PROTEKSI TANAMAN,S1,20,0,0,Tidak Ada
531,531034,15311034,AGRONOMI,S1,19,0,0,Tidak Ada
531,531035,15311035,KEDOKTERAN GIGI,S1,30,0,0,Tidak Ada
531,531036,15311036,PENDIDIKAN KOMPUTER,S1,15,0,0,Tidak Ada
531,531037,15311037,PENDIDIKAN IPA,S1,20,0,0,Tidak Ada
531,531038,15311038,TEKNOLOGI INFORMASI,S1,28,0,0,Tidak Ada
531,531039,15311039,STATISTIKA,S1,15,0,0,Tidak Ada
531,531040,15311040,GEOGRAFI,S1,24,0,0,Tidak Ada
531,531041,15311041,PENDIDIKAN SEJARAH,S1,14,0,0,Tidak Ada
531,531042,15311042,PENDIDIKAN PANCASILA DAN KEWARGANEGARAAN,S1,22,0,0,Tidak Ada
531,531043,15311043,PENDIDIKAN EKONOMI,S1,17,0,0,Tidak Ada
531,531044,15311044,PENDIDIKAN BAHASA DAN SASTRA INDONESIA,S1,17,0,0,Tidak Ada
531,531045,15311045,PENDIDIKAN BAHASA INGGRIS,S1,27,0,0,Tidak Ada
531,531046,15311046,HUKUM,S1,76,0,0,Tidak Ada
531,531047,15311047,EKONOMI PEMBANGUNAN,S1,48,0,0,Tidak Ada
531,531048,15311048,MANAJEMEN,S1,60,0,0,Tidak Ada
531,531049,15311049,AKUNTANSI,S1,60,0,0,Tidak Ada
531,531050,15311050,ADMINISTRASI PUBLIK,S1,30,0,0,Tidak Ada
531,531051,15311051,ADMINISTRASI BISNIS,S1,30,0,0,Tidak Ada
531,531052,15311052,ILMU PEMERINTAHAN,S1,30,0,0,Tidak Ada
531,531053,15311053,ILMU KOMUNIKASI,S1,30,0,0,Tidak Ada
531,531054,15311054,PENDIDIKAN GEOGRAFI,S1,18,0,0,Tidak Ada
531,531055,15311055,PENDIDIKAN SOSIOLOGI,S1,23,0,0,Tidak Ada
531,531056,15311056,BIMBINGAN DAN KONSELING,S1,31,0,0,Tidak Ada
531,531057,15311057,PENDIDIKAN KHUSUS,S1,15,0,0,Tidak Ada
531,531058,15311058,PENDIDIKAN JASMANI,S1,48,0,1,Olahraga
531,531059,15311059,PENDIDIKAN GURU SEKOLAH DASAR,S1,99,0,0,Tidak Ada
531,531060,15311060,PENDIDIKAN GURU PENDIDIKAN ANAK USIA DINI,S1,34,0,0,Tidak Ada
531,531061,15311061,PENDIDIKAN SENI PERTUNJUKAN,S1,18,0,3,Sendratasik
531,531062,15311062,TEKNOLOGI  PENDIDIKAN,S1,18,0,0,Tidak Ada
531,531063,15311063,PENDIDIKAN IPS,S1,20,0,0,Tidak Ada
531,531064,15311064,PSIKOLOGI,S1,24,0,0,Tidak Ada
531,531065,15311065,SOSIOLOGI,S1,24,0,0,Tidak Ada
531,531066,15313066,PERPAJAKAN,D3,36,0,0,Tidak Ada
531,531067,15313067,AKUNTANSI,D3,46,0,0,Tidak Ada
531,531068,15311068,REKAYASA GEOLOGI,S1,13,0,0,Tidak Ada
531,531069,15311069,REKAYASA ELEKTRO,S1,14,0,0,Tidak Ada
531,531070,15311070,ANTROPOLOGI,S1,8,0,0,Tidak Ada
531,531071,15311071,ILMU LINGKUNGAN,S1,25,1,0,Tidak Ada
531,531072,15311072,AKUAKULTUR (KAMPUS KABUPATEN KOTABARU),S1,15,1,0,Tidak Ada
531,531073,15311073,AGRIBISNIS (KAMPUS KABUPATEN KOTABARU),S1,9,1,0,Tidak Ada
531,531074,15311074,PENDIDIKAN KHUSUS (KAMPUS KABUPATEN KOTABARU),S1,8,1,0,Tidak Ada
532,532001,15321001,TEKNOLOGI INFORMASI,S1,36,0,0,Tidak Ada
532,532002,15321002,BISNIS DIGITAL,S1,28,0,0,Tidak Ada
532,532003,15321003,ILMU LINGKUNGAN,S1,24,0,0,Tidak Ada
536,536001,25362001,TEKNIK BANGUNAN RAWA,D4,12,0,0,Tidak Ada
536,536002,25362002,TEKNOLOGI REKAYASA KONSTRUKSI JALAN DAN JEMBATAN,D4,24,0,0,Tidak Ada
536,536003,25362003,TEKNOLOGI REKAYASA PEMBANGKIT ENERGI,D4,24,0,0,Tidak Ada
536,536004,25362004,SISTEM INFORMASI KOTA CERDAS,D4,24,0,0,Tidak Ada
536,536005,25362005,AKUNTANSI LEMBAGA KEUANGAN SYARIAH,D4,24,0,0,Tidak Ada
536,536006,25362006,BISNIS DIGITAL,D4,60,0,0,Tidak Ada
536,536007,25362007,TEKNOLOGI REKAYASA GEOMATIKA DAN SURVEI,D4,36,0,0,Tidak Ada
536,536008,25363008,SISTEM INFORMASI AKUNTANSI,D3,24,0,0,Tidak Ada
536,536009,25363009,TEKNIK LISTRIK,D3,48,0,0,Tidak Ada
536,536010,25363010,SISTEM INFORMASI,D3,60,0,0,Tidak Ada
536,536011,25363011,ADMINISTRASI BISNIS,D3,72,0,0,Tidak Ada
536,536012,25363012,TEKNIK MESIN,D3,36,0,0,Tidak Ada
536,536013,25362013,TEKNOLOGI REKAYASA OTOMOTIF,D4,36,0,0,Tidak Ada
536,536014,25363014,AKUNTANSI,D3,36,0,0,Tidak Ada
536,536015,25363015,TEKNIK SIPIL,D3,60,0,0,Tidak Ada
536,536016,25363016,TEKNIK PERTAMBANGAN,D3,72,0,0,Tidak Ada
536,536017,25363017,ALAT BERAT,D3,25,0,0,Tidak Ada
536,536018,25363018,TEKNIK INFORMATIKA,D3,60,0,0,Tidak Ada
536,536019,25363019,ELEKTRONIKA,D3,24,0,0,Tidak Ada
536,536020,25362020,TEKNOLOGI REKAYASA OTOMASI,D4,24,0,0,Tidak Ada
536,536021,25362021,TEKNOLOGI REKAYASA PEMELIHARAAN ALAT BERAT,D4,20,1,0,Tidak Ada
537,537001,25372001,TEKNOLOGI REKAYASA KOMPUTER JARINGAN,D4,32,0,0,Tidak Ada
537,537002,25372002,TEKNOLOGI REKAYASA KONSTRUKSI JALAN DAN JEMBATAN,D4,27,0,0,Tidak Ada
537,537003,25372003,TEKNOLOGI PAKAN TERNAK,D4,21,0,0,Tidak Ada
537,537004,25373004,TEKNOLOGI INFORMASI,D3,42,0,0,Tidak Ada
537,537005,25373005,TEKNOLOGI OTOMOTIF,D3,18,0,0,Tidak Ada
537,537006,25373006,AKUNTANSI,D3,42,0,0,Tidak Ada
537,537007,25373007,AGROINDUSTRI,D3,36,0,0,Tidak Ada
537,537008,25372008,TEKNOLOGI REKAYASA PEMELIHARAAN ALAT BERAT,D4,23,0,0,Tidak Ada
537,537009,25372009,AKUNTANSI PERPAJAKAN,D4,41,0,0,Tidak Ada
537,537010,25372010,PENGEMBANGAN PRODUK AGROINDUSTRI,D4,27,0,0,Tidak Ada
541,541001,15411001,AGROEKOTEKNOLOGI,S1,35,0,0,Tidak Ada
541,541002,15411002,AGRIBISNIS,S1,25,0,0,Tidak Ada
541,541003,15411003,TEKNOLOGI HASIL PERTANIAN,S1,25,0,0,Tidak Ada
541,541004,15411004,KEHUTANAN,S1,80,0,0,Tidak Ada
541,541005,15411005,PENDIDIKAN BIOLOGI,S1,24,0,0,Tidak Ada
541,541006,15411006,PENDIDIKAN KIMIA,S1,12,0,0,Tidak Ada
541,541007,15411007,PENDIDIKAN FISIKA,S1,21,0,0,Tidak Ada
541,541008,15411008,PENDIDIKAN MATEMATIKA,S1,24,0,0,Tidak Ada
541,541009,15411009,AKUAKULTUR,S1,12,0,0,Tidak Ada
541,541010,15411010,SOSIAL EKONOMI PERIKANAN,S1,12,0,0,Tidak Ada
541,541011,15411011,PENGELOLAAN SUMBERDAYA PERIKANAN,S1,12,0,0,Tidak Ada
541,541012,15411012,STATISTIKA,S1,24,0,0,Tidak Ada
541,541013,15411013,BIOLOGI,S1,24,0,0,Tidak Ada
541,541014,15411014,KIMIA,S1,19,0,0,Tidak Ada
541,541015,15411015,FISIKA,S1,12,0,0,Tidak Ada
541,541017,15411017,TEKNIK SIPIL,S1,15,0,0,Tidak Ada
541,541018,15411018,TEKNIK INDUSTRI,S1,15,0,0,Tidak Ada
541,541019,15411019,TEKNIK LINGKUNGAN,S1,15,0,0,Tidak Ada
541,541020,15411020,TEKNIK PERTAMBANGAN,S1,15,0,0,Tidak Ada
541,541021,15411021,PENDIDIKAN DOKTER,S1,26,0,0,Tidak Ada
541,541022,15411022,KESEHATAN MASYARAKAT,S1,20,0,0,Tidak Ada
541,541023,15411023,FARMASI,S1,30,0,0,Tidak Ada
541,541024,15411024,PETERNAKAN,S1,30,0,0,Tidak Ada
541,541025,15411025,TEKNIK KIMIA,S1,15,0,0,Tidak Ada
541,541026,15411026,INFORMATIKA,S1,25,0,0,Tidak Ada
541,541027,15411027,ARSITEKTUR,S1,15,0,0,Tidak Ada
541,541028,15411028,TEKNIK GEOLOGI,S1,15,0,0,Tidak Ada
541,541030,15411030,TEKNIK ELEKTRO,S1,15,0,0,Tidak Ada
541,541031,15411031,TEKNOLOGI HASIL PERIKANAN,S1,12,0,0,Tidak Ada
541,541032,15411032,KEDOKTERAN GIGI,S1,12,0,0,Tidak Ada
541,541033,15411033,MATEMATIKA,S1,17,0,0,Tidak Ada
541,541034,15411034,ILMU KELAUTAN,S1,21,0,0,Tidak Ada
541,541035,15411035,GEOFISIKA,S1,15,0,0,Tidak Ada
541,541036,15411036,PENDIDIKAN KOMPUTER,S1,24,0,0,Tidak Ada
541,541038,15411038,SISTEM INFORMASI,S1,25,0,0,Tidak Ada
541,541039,15411039,MANAJEMEN,S1,56,0,0,Tidak Ada
541,541040,15411040,EKONOMI PEMBANGUNAN,S1,36,0,0,Tidak Ada
541,541041,15411041,AKUNTANSI,S1,56,0,0,Tidak Ada
541,541042,15411042,ADMINISTRASI PUBLIK,S1,24,0,0,Tidak Ada
541,541043,15411043,ILMU PEMERINTAHAN,S1,24,0,0,Tidak Ada
541,541044,15411044,PEMBANGUNAN SOSIAL,S1,24,0,0,Tidak Ada
541,541045,15411045,ILMU HUBUNGAN INTERNASIONAL,S1,24,0,0,Tidak Ada
541,541046,15411046,ILMU KOMUNIKASI,S1,24,0,0,Tidak Ada
541,541047,15411047,ADMINISTRASI BISNIS,S1,24,0,0,Tidak Ada
541,541048,15411048,PEND. PANCASILA DAN KEWARGANEGARAAN,S1,24,0,0,Tidak Ada
541,541049,15411049,PENDIDIKAN EKONOMI,S1,21,0,0,Tidak Ada
541,541050,15411050,"PEND. BAHASA, SASTRA INDO. & DAERAH",S1,24,0,0,Tidak Ada
541,541051,15411051,PENDIDIKAN BAHASA INGGRIS,S1,27,0,0,Tidak Ada
541,541052,15411052,BIMBINGAN DAN KONSELING,S1,24,0,0,Tidak Ada
541,541053,15411053,PENDIDIKAN JASMANI,S1,24,0,1,Olahraga
541,541054,15411054,PENDIDIKAN GURU SEKOLAH DASAR,S1,48,0,0,Tidak Ada
541,541055,15411055,PENDIDIKAN ANAK USIA DINI,S1,24,0,0,Tidak Ada
541,541056,15411056,HUKUM,S1,100,0,0,Tidak Ada
541,541057,15411057,PSIKOLOGI,S1,24,0,0,Tidak Ada
541,541058,15411058,SASTRA INDONESIA,S1,40,0,0,Tidak Ada
541,541059,15411059,SASTRA INGGRIS,S1,40,0,0,Tidak Ada
541,541060,15411060,PENDIDIKAN MASYARAKAT,S1,21,0,0,Tidak Ada
541,541061,15411061,PENDIDIKAN GEOGRAFI,S1,24,0,0,Tidak Ada
541,541062,15411062,EKONOMI SYARIAH,S1,23,0,0,Tidak Ada
541,541063,15411063,ETNOMUSIKOLOGI,S1,12,0,11,Etnomusikologi
541,541064,15411064,PENDIDIKAN SEJARAH,S1,24,0,0,Tidak Ada
541,541069,15413069,FARMASI,D3,10,0,0,Tidak Ada
541,541072,15411072,ILMU LINGKUNGAN,S1,15,0,0,Tidak Ada
541,541073,15411073,KEPERAWATAN,S1,16,0,0,Tidak Ada
541,541074,15411074,GIZI,S1,25,0,0,Tidak Ada
541,541075,15411075,TARI,S1,16,0,5,Tari
541,541076,15411076,ILMU KEOLAHRAGAAN,S1,24,0,1,Olahraga
541,541077,15411077,PENYULUHAN PERTANIAN,S1,10,1,0,Tidak Ada
541,541078,15411078,PENDIDIKAN ILMU PENGETAHUAN ALAM,S1,12,1,0,Tidak Ada
541,541079,15411079,PENDIDIKAN KEPELATIHAN OLAHRAGA,S1,12,1,1,Olahraga
542,542001,15421001,FISIKA,S1,30,0,0,Tidak Ada
542,542002,15421002,MATEMATIKA,S1,30,0,0,Tidak Ada
542,542003,15421003,TEKNIK MESIN,S1,25,0,0,Tidak Ada
542,542004,15421004,TEKNIK ELEKTRO,S1,35,0,0,Tidak Ada
542,542005,15421005,TEKNIK KIMIA,S1,40,0,0,Tidak Ada
542,542006,15421006,TEKNIK MATERIAL DAN METALURGI,S1,30,0,0,Tidak Ada
542,542007,15421007,TEKNIK SIPIL,S1,25,0,0,Tidak Ada
542,542008,15421008,PERENCANAAN WILAYAH DAN KOTA,S1,60,0,0,Tidak Ada
542,542009,15421009,TEKNIK PERKAPALAN,S1,40,0,0,Tidak Ada
542,542010,15421010,SISTEM INFORMASI,S1,40,0,0,Tidak Ada
542,542011,15421011,TEKNIK INDUSTRI,S1,35,0,0,Tidak Ada
542,542012,15421012,INFORMATIKA,S1,21,0,0,Tidak Ada
542,542013,15421013,TEKNIK LINGKUNGAN,S1,40,0,0,Tidak Ada
542,542014,15421014,TEKNIK KELAUTAN,S1,40,0,0,Tidak Ada
542,542015,15421015,ARSITEKTUR,S1,25,0,0,Tidak Ada
542,542016,15421016,STATISTIKA,S1,45,0,0,Tidak Ada
542,542017,15421017,ILMU AKTUARIA,S1,40,0,0,Tidak Ada
542,542018,15421018,BISNIS DIGITAL,S1,30,0,0,Tidak Ada
542,542019,15421019,REKAYASA KESELAMATAN,S1,24,0,0,Tidak Ada
542,542020,15421020,TEKNOLOGI PANGAN,S1,40,0,0,Tidak Ada
542,542021,15421021,TEKNIK LOGISTIK,S1,30,0,0,Tidak Ada
542,542022,15421022,DESAIN KOMUNIKASI VISUAL,S1,50,0,2,"Seni Rupa, Desain, dan Kriya"
542,542023,15421023,TEKNIK SISTEM PERKAPALAN,S1,15,1,0,Tidak Ada
542,542024,15421024,TEKNIK TRANSPORTASI LAUT,S1,15,1,0,Tidak Ada
542,542025,15421025,TEKNIK BIOMEDIS,S1,14,1,0,Tidak Ada
551,551001,15511001,TEKNIK ELEKTRO,S1,22,0,0,Tidak Ada
551,551002,15511002,TEKNIK SIPIL,S1,32,0,0,Tidak Ada
551,551003,15511003,AGRIBISNIS,S1,36,0,0,Tidak Ada
551,551004,15511004,AGROTEKNOLOGI,S1,30,0,0,Tidak Ada
551,551005,15511005,PENDIDIKAN MATEMATIKA,S1,25,0,0,Tidak Ada
551,551006,15511006,PENDIDIKAN BIOLOGI,S1,25,0,0,Tidak Ada
551,551007,15511007,MANAJEMEN SUMBER DAYA PERAIRAN,S1,24,0,0,Tidak Ada
551,551008,15511008,AKUAKULTUR,S1,24,0,0,Tidak Ada
551,551009,15511009,TEKNOLOGI HASIL PERIKANAN,S1,24,0,0,Tidak Ada
551,551010,15511010,TEKNIK MESIN,S1,12,0,0,Tidak Ada
551,551011,15511011,KEPERAWATAN,S1,29,0,0,Tidak Ada
551,551012,15511012,KEBIDANAN,S1,29,0,0,Tidak Ada
551,551013,15511013,TEKNIK KOMPUTER,S1,12,0,0,Tidak Ada
551,551014,15511014,BIMBINGAN DAN KONSELING,S1,49,0,0,Tidak Ada
551,551015,15511015,PENDIDIKAN BAHASA INDONESIA,S1,25,0,0,Tidak Ada
551,551016,15511016,PENDIDIKAN BAHASA INGGRIS,S1,25,0,0,Tidak Ada
551,551017,15511017,EKONOMI PEMBANGUNAN,S1,36,0,0,Tidak Ada
551,551018,15511018,MANAJEMEN,S1,36,0,0,Tidak Ada
551,551019,15511019,HUKUM,S1,52,0,0,Tidak Ada
551,551021,15511021,PENDIDIKAN GURU SEKOLAH DASAR,S1,61,0,0,Tidak Ada
551,551022,15511022,AKUNTANSI,S1,33,0,0,Tidak Ada
551,551025,15511025,KEDOKTERAN,S1,15,0,0,Tidak Ada
551,551026,15511026,PSIKOLOGI,S1,14,0,0,Tidak Ada
551,551027,15511027,HUKUM BISNIS,S1,24,0,0,Tidak Ada
552,552001,25523001,ADMINISTRASI BISNIS,D3,35,0,0,Tidak Ada
552,552002,25523002,TEKNIK ALAT BERAT,D3,15,0,0,Tidak Ada
552,552003,25523003,TEKNIK SIPIL INFRASTRUKTUR PERKOTAAN,D3,15,0,0,Tidak Ada
552,552004,25523004,TEKNOLOGI HASIL PERIKANAN,D3,15,0,0,Tidak Ada
561,561001,25612001,PENGELOLAAN PERKEBUNAN,D4,28,0,0,Tidak Ada
561,561002,25612002,TEKNOLOGI REKAYASA PERANGKAT LUNAK,D4,22,0,0,Tidak Ada
561,561003,25612003,REKAYASA KAYU,D4,9,0,0,Tidak Ada
561,561004,25613004,BUDIDAYA TANAMAN PERKEBUNAN,D3,18,0,0,Tidak Ada
561,561005,25613005,TEKNOLOGI HASIL PERKEBUNAN,D3,18,0,0,Tidak Ada
561,561006,25613006,PENGOLAHAN HASIL HUTAN,D3,18,0,0,Tidak Ada
561,561007,25613007,TEKNOLOGI GEOMATIKA,D3,15,0,0,Tidak Ada
561,561008,25613008,PENGELOLAAN LINGKUNGAN,D3,12,0,0,Tidak Ada
561,561009,25613009,PENGELOLAAN HUTAN,D3,18,0,0,Tidak Ada
561,561010,25612010,TEKNOLOGI REKAYASA GEOMATIKA DAN SURVEI,D4,21,0,0,Tidak Ada
561,561011,25613011,SISTEM INFORMASI AKUNTANSI,D3,12,0,0,Tidak Ada
561,561012,25612012,TEKNOLOGI PRODUKSI TANAMAN PANGAN,D4,12,0,0,Tidak Ada
561,561013,25612013,TEKNOLOGI REKAYASA PENGENDALIAN PENCEMARAN LINGKUNGAN,D4,9,0,0,Tidak Ada
561,561014,25612014,TEKNOLOGI REKAYASA PANGAN,D4,9,0,0,Tidak Ada
562,562001,25622001,TEKNIK MESIN PRODUKSI DAN PERAWATAN,D4,36,0,0,Tidak Ada
562,562002,25622002,TEKNIK LISTRIK,D4,23,0,0,Tidak Ada
562,562003,25622003,TEKNOLOGI KIMIA INDUSTRI,D4,27,0,0,Tidak Ada
562,562004,25622004,REKAYASA JALAN & JEMBATAN,D4,23,0,0,Tidak Ada
562,562005,25622005,TEKNIK INFORMATIKA MULTIMEDIA,D4,27,0,0,Tidak Ada
562,562006,25622006,TEKNOLOGI REKAYASA KOMPUTER,D4,27,0,0,Tidak Ada
562,562007,25622007,USAHA PERJALANAN WISATA,D4,15,0,0,Tidak Ada
562,562008,25622008,AKUNTANSI MANAJERIAL,D4,31,0,0,Tidak Ada
562,562009,25622009,KEUANGAN DAN PERBANKAN,D4,31,0,0,Tidak Ada
562,562010,25622010,MANAJEMEN PEMASARAN,D4,29,0,0,Tidak Ada
562,562011,25623011,TEKNIK INFORMATIKA,D3,27,0,0,Tidak Ada
562,562014,25623014,PETRO DAN OLEO KIMIA,D3,18,0,0,Tidak Ada
562,562015,25623015,PERAWATAN DAN PERBAIKAN MESIN,D3,36,0,0,Tidak Ada
562,562017,25623017,NAUTIKA,D3,30,0,0,Tidak Ada
562,562018,25623018,TEKNIK KOMPUTER,D3,27,0,0,Tidak Ada
562,562019,25623019,TEKNIKA,D3,30,0,0,Tidak Ada
562,562021,25623021,PARIWISATA,D3,30,0,0,Tidak Ada
562,562022,25623022,TEKNIK LISTRIK,D3,15,0,0,Tidak Ada
562,562024,25623024,TEKNIK ALAT BERAT,D3,34,0,0,Tidak Ada
562,562026,25623026,KETATALAKSANAAN PELAYARAN NIAGA DAN KEPELABUHAN        ,D3,36,0,0,Tidak Ada
562,562027,25623027,AKUNTANSI,D3,31,0,0,Tidak Ada
562,562029,25622029,ARSITEKTUR BANGUNAN GEDUNG,D4,25,0,0,Tidak Ada
562,562030,25622030,BISNIS DIGITAL,D4,29,0,0,Tidak Ada
562,562031,25622031,DESAIN PRODUK KAYU DAN SERAT,D4,17,0,2,"Seni Rupa, Desain, dan Kriya"
562,562032,25622032,TEKNOLOGI REKAYASA KONSTRUKSI BANGUNAN GEDUNG,D4,23,0,0,Tidak Ada
562,562033,25622033,TEKNOLOGI REKAYASA KONSTRUKSI BANGUNAN AIR,D4,7,0,0,Tidak Ada
563,563001,25632001,TEKNOLOGI REKAYASA KONSTRUKSI JALAN DAN JEMBATAN,D4,40,0,0,Tidak Ada
563,563002,25632002,AKUNTANSI PERPAJAKAN,D4,48,0,0,Tidak Ada
563,563003,25633003,TEKNOLOGI LISTRIK,D3,30,0,0,Tidak Ada
563,563004,25633004,TEKNIK ELEKTRONIKA,D3,52,0,0,Tidak Ada
563,563005,25632005,PENGELOLAAN PERHOTELAN,D4,40,0,0,Tidak Ada
563,563006,25633006,ALAT BERAT,D3,52,0,0,Tidak Ada
563,563007,25633007,TEKNIK SIPIL,D3,52,0,0,Tidak Ada
563,563008,25633008,TATA BOGA,D3,60,0,0,Tidak Ada
563,563009,25632009,PERBANKAN DAN KEUANGAN DIGITAL,D4,50,0,0,Tidak Ada
563,563010,25632010,TEKNOLOGI REKAYASA MANUFAKTUR,D4,40,0,0,Tidak Ada
563,563011,25632011,SISTEM INFORMASI KOTA CERDAS,D4,24,1,0,Tidak Ada
563,563012,25632012,TEKNOLOGI REKAYASA KONSTRUKSI BANGUNAN AIR,D4,24,1,0,Tidak Ada
571,571001,15711001,SISTEM INFORMASI,S1,32,0,0,Tidak Ada
611,611001,16111001,KEDOKTERAN,S1,52,0,0,Tidak Ada
611,611002,16111002,KEDOKTERAN HEWAN,S1,50,0,0,Tidak Ada
611,611003,16111003,ARSITEKTUR,S1,32,0,0,Tidak Ada
611,611004,16111004,TEKNIK SIPIL,S1,42,0,0,Tidak Ada
611,611005,16111005,TEKNOLOGI PANGAN,S1,55,0,0,Tidak Ada
611,611006,16111006,TEKNOLOGI INDUSTRI PERTANIAN,S1,50,0,0,Tidak Ada
611,611007,16111007,TEKNIK PERTANIAN DAN BIOSISTEM,S1,40,0,0,Tidak Ada
611,611008,16111008,BIOLOGI,S1,35,0,0,Tidak Ada
611,611009,16111009,KIMIA,S1,35,0,0,Tidak Ada
611,611010,16111010,FISIKA,S1,50,0,0,Tidak Ada
611,611011,16111011,TEKNIK MESIN,S1,90,0,0,Tidak Ada
611,611012,16111012,TEKNIK ELEKTRO,S1,80,0,0,Tidak Ada
611,611013,16111013,AGRIBISNIS,S1,42,0,0,Tidak Ada
611,611014,16111014,AGROEKOTEKNOLOGI,S1,63,0,0,Tidak Ada
611,611015,16111015,PETERNAKAN,S1,100,0,0,Tidak Ada
611,611016,16111016,MATEMATIKA,S1,45,0,0,Tidak Ada
611,611017,16111017,ILMU KESEHATAN MASYARAKAT,S1,57,0,0,Tidak Ada
611,611018,16111018,FARMASI,S1,24,0,0,Tidak Ada
611,611019,16111019,KEPERAWATAN,S1,43,0,0,Tidak Ada
611,611020,16111020,INFORMATIKA,S1,50,0,0,Tidak Ada
611,611021,16111021,TEKNOLOGI INFORMASI,S1,40,0,0,Tidak Ada
611,611022,16111022,FISIOTERAPI,S1,32,0,0,Tidak Ada
611,611023,16111023,ILMU KELAUTAN,S1,60,0,0,Tidak Ada
611,611024,16111024,ARSITEKTUR LANSKAP,S1,15,0,0,Tidak Ada
611,611025,16111025,MANAJEMEN SUMBER DAYA PERAIRAN,S1,60,0,0,Tidak Ada
611,611026,16111026,KEDOKTERAN GIGI,S1,22,0,0,Tidak Ada
611,611027,16111027,TEKNIK LINGKUNGAN,S1,24,0,0,Tidak Ada
611,611028,16111028,TEKNIK INDUSTRI,S1,24,0,0,Tidak Ada
611,611029,16111029,ARKEOLOGI,S1,30,0,0,Tidak Ada
611,611030,16111030,ANTROPOLOGI BUDAYA,S1,30,0,0,Tidak Ada
611,611031,16111031,ILMU SEJARAH,S1,30,0,0,Tidak Ada
611,611032,16111032,ILMU HUKUM,S1,120,0,0,Tidak Ada
611,611033,16111033,EKONOMI,S1,60,0,0,Tidak Ada
611,611034,16111034,AKUNTANSI,S1,80,0,0,Tidak Ada
611,611035,16111035,MANAJEMEN,S1,85,0,0,Tidak Ada
611,611036,16111036,SASTRA INDONESIA,S1,35,0,0,Tidak Ada
611,611037,16111037,SASTRA INGGRIS,S1,42,0,0,Tidak Ada
611,611038,16111038,SASTRA JAWA KUNO,S1,12,0,0,Tidak Ada
611,611039,16111039,SASTRA BALI,S1,20,0,0,Tidak Ada
611,611040,16111040,SASTRA JEPANG,S1,50,0,0,Tidak Ada
611,611041,16112041,PENGELOLAAN PERHOTELAN,D4,75,0,0,Tidak Ada
611,611042,16111042,PARIWISATA,S1,36,0,0,Tidak Ada
611,611043,16111043,INDUSTRI PERJALANAN WISATA,S1,75,0,0,Tidak Ada
611,611044,16111044,HUBUNGAN INTERNASIONAL,S1,36,0,0,Tidak Ada
611,611045,16111045,SOSIOLOGI,S1,60,0,0,Tidak Ada
611,611046,16111046,PSIKOLOGI,S1,28,0,0,Tidak Ada
611,611047,16111047,ADMINISTRASI PUBLIK,S1,35,0,0,Tidak Ada
611,611048,16111048,ILMU KOMUNIKASI,S1,35,0,0,Tidak Ada
611,611049,16111049,ILMU POLITIK,S1,60,0,0,Tidak Ada
611,611050,16113050,PERPUSTAKAAN,D3,16,0,0,Tidak Ada
611,611051,16113051,PERPAJAKAN,D3,35,0,0,Tidak Ada
611,611052,16113052,AKUNTANSI,D3,35,0,0,Tidak Ada
611,611053,16111053,AKUAKULTUR,S1,40,0,0,Tidak Ada
611,611054,16111054,PERPUSTAKAAN DAN SAINS INFORMASI,S1,20,1,0,Tidak Ada
612,612001,16121001,PENDIDIKAN MATEMATIKA,S1,98,0,0,Tidak Ada
612,612002,16121002,PENDIDIKAN BIOLOGI,S1,60,0,0,Tidak Ada
612,612003,16121003,PENDIDIKAN KIMIA,S1,30,0,0,Tidak Ada
612,612004,16121004,PENDIDIKAN FISIKA,S1,30,0,0,Tidak Ada
612,612005,16121005,PENDIDIKAN TEKNIK INFORMATIKA,S1,85,0,0,Tidak Ada
612,612006,16121006,ILMU KEOLAHRAGAAN,S1,25,0,1,Olahraga
612,612007,16121007,PENDIDIKAN TEKNIK ELEKTRO,S1,35,0,0,Tidak Ada
612,612012,16121012,PENDIDIKAN TEKNIK MESIN,S1,40,0,0,Tidak Ada
612,612013,16121013,PENDIDIKAN IPA,S1,60,0,0,Tidak Ada
612,612014,16121014,KIMIA,S1,30,0,0,Tidak Ada
612,612015,16121015,MATEMATIKA,S1,30,0,0,Tidak Ada
612,612016,16121016,BIOLOGI,S1,30,0,0,Tidak Ada
612,612017,16121017,AKUAKULTUR,S1,45,0,0,Tidak Ada
612,612018,16121018,SISTEM INFORMASI,S1,95,0,0,Tidak Ada
612,612019,16121019,ILMU KOMPUTER,S1,78,0,0,Tidak Ada
612,612020,16121020,KEDOKTERAN,S1,30,0,0,Tidak Ada
612,612021,16121021,PENDIDIKAN PANCASILA DAN KEWARGANEGARAAN,S1,108,0,0,Tidak Ada
612,612022,16121022,PENDIDIKAN EKONOMI,S1,83,0,0,Tidak Ada
612,612023,16121023,PENDIDIKAN SEJARAH,S1,80,0,0,Tidak Ada
612,612024,16121024,PENDIDIKAN GEOGRAFI,S1,73,0,0,Tidak Ada
612,612025,16121025,PENDIDIKAN BAHASA DAN SASTRA INDONESIA,S1,90,0,0,Tidak Ada
612,612026,16121026,PENDIDIKAN BAHASA INGGRIS,S1,148,0,0,Tidak Ada
612,612027,16121027,PENDIDIKAN SENI RUPA,S1,45,0,2,"Seni Rupa, Desain, dan Kriya"
612,612028,16121028,PENDIDIKAN KESEJAHTERAAN KELUARGA,S1,60,0,0,Tidak Ada
612,612029,16121029,BIMBINGAN KONSELING,S1,80,0,0,Tidak Ada
612,612030,16121030,TEKNOLOGI PENDIDIKAN,S1,75,0,0,Tidak Ada
612,612031,16121031,PENDIDIKAN JASMANI KESEHATAN DAN REKREASI,S1,138,0,1,Olahraga
612,612032,16121032,MANAJEMEN,S1,170,0,0,Tidak Ada
612,612033,16121033,AKUNTANSI,S1,150,0,0,Tidak Ada
612,612034,16121034,PENDIDIKAN KEPELATIHAN OLAHRAGA,S1,45,0,1,Olahraga
612,612036,16121036,PENDIDIKAN GURU SEKOLAH DASAR,S1,173,0,0,Tidak Ada
612,612038,16121038,PENDIDIKAN GURU ANAK USIA DINI,S1,75,0,0,Tidak Ada
612,612039,16121039,PEND. BAHASA JEPANG,S1,60,0,0,Tidak Ada
612,612040,16121040,PENDIDIKAN BAHASA BALI,S1,45,0,0,Tidak Ada
612,612041,16121041,PENDIDIKAN SOSIOLOGI,S1,83,0,0,Tidak Ada
612,612042,16121042,ILMU HUKUM,S1,156,0,0,Tidak Ada
612,612043,16121043,PENDIDIKAN VOKASIONAL SENI KULINER,S1,63,0,0,Tidak Ada
612,612044,16121044,GEOGRAFI,S1,60,0,0,Tidak Ada
612,612045,16122045,TEKNOLOGI REKAYASA SISTEM ELEKTRONIKA,D4,23,0,0,Tidak Ada
612,612046,16123046,KEBIDANAN,D3,38,0,0,Tidak Ada
612,612047,16122047,TEKNOLOGI REKAYASA PENGINDERAAN JAUH,D4,40,0,0,Tidak Ada
612,612048,16123048,DESAIN KOMUNIKASI VISUAL,D3,45,0,2,"Seni Rupa, Desain, dan Kriya"
612,612049,16123049,PERPUSTAKAAN,D3,40,0,0,Tidak Ada
612,612050,16122050,TEKNOLOGI REKAYASA PERANGKAT LUNAK,D4,28,0,0,Tidak Ada
612,612051,16122051,KIMIA TERAPAN,D4,30,0,0,Tidak Ada
612,612052,16122052,PENGELOLAAN PERHOTELAN,D4,35,0,0,Tidak Ada
612,612053,16122053,BAHASA INGGRIS UNTUK KOMUNIKASI BISNIS DAN PROFESIONAL,D4,90,0,0,Tidak Ada
612,612054,16122054,AKUNTANSI SEKTOR PUBLIK,D4,30,0,0,Tidak Ada
612,612055,16122055,BIOTEKNOLOGI PERIKANAN,D4,30,0,0,Tidak Ada
612,612056,16121056,FISIKA,S1,30,0,0,Tidak Ada
612,612057,16121057,KEPERAWATAN,S1,11,0,0,Tidak Ada
612,612058,16121058,KEBIDANAN,S1,11,0,0,Tidak Ada
613,613001,16131001,TARI,S1,26,0,5,Tari
613,613002,16131002,SENI KARAWITAN,S1,25,0,10,Seni Karawitan
613,613003,16131003,PENDIDIKAN SENI PERTUNJUKAN,S1,46,0,3,Sendratasik
613,613004,16131004,MUSIK,S1,32,0,6,Musik
613,613005,16131005,SENI MURNI,S1,32,0,2,"Seni Rupa, Desain, dan Kriya"
613,613006,16131006,DESAIN INTERIOR,S1,52,0,2,"Seni Rupa, Desain, dan Kriya"
613,613007,16131007,DESAIN KOMUNIKASI VISUAL,S1,117,0,2,"Seni Rupa, Desain, dan Kriya"
613,613008,16131008,KRIYA,S1,8,0,2,"Seni Rupa, Desain, dan Kriya"
613,613009,16131009,FOTOGRAFI,S1,43,0,9,Fotografi
613,613010,16131010,SENI PEDALANGAN,S1,7,0,12,Seni Pedalangan
613,613011,16132011,DESAIN MODE,D4,46,0,0,Tidak Ada
613,613012,16132012,PRODUKSI FILM DAN TELEVISI,D4,38,0,8,Film dan Televisi
613,613013,16131013,DESAIN PRODUK,S1,18,0,2,"Seni Rupa, Desain, dan Kriya"
613,613014,16132014,ANIMASI,D4,34,0,2,"Seni Rupa, Desain, dan Kriya"
613,613015,16131015,TEATER,S1,6,0,7,Teater
613,613016,16131016,ARSITEKTUR,S1,24,1,0,Tidak Ada
613,613017,16131017,BISNIS DIGITAL,S1,32,1,0,Tidak Ada
613,613018,16131018,BAHASA DAN KEBUDAYAAN INGGRIS,S1,18,1,0,Tidak Ada
617,617001,26172001,MANAJEMEN PROYEK KONSTRUKSI,D4,38,0,0,Tidak Ada
617,617002,26172002,TEKNOLOGI REKAYASA UTILITAS,D4,15,0,0,Tidak Ada
617,617003,26172003,TEKNIK OTOMASI,D4,23,0,0,Tidak Ada
617,617004,26172004,TEKNOLOGI REKAYASA PERANGKAT LUNAK,D4,38,0,0,Tidak Ada
617,617005,26172005,TEKNOLOGI REKAYASA KONSTRUKSI BANGUNAN GEDUNG,D4,15,0,0,Tidak Ada
617,617006,26172006,AKUNTANSI PERPAJAKAN,D4,45,0,0,Tidak Ada
617,617007,26172007,AKUNTANSI MANAJERIAL,D4,53,0,0,Tidak Ada
617,617008,26172008,MANAJEMEN BISNIS INTERNASIONAL,D4,53,0,0,Tidak Ada
617,617009,26172009,MANAJEMEN BISNIS PARIWISATA,D4,60,0,0,Tidak Ada
617,617010,26172010,BISNIS DIGITAL,D4,38,0,0,Tidak Ada
617,617011,26173011,ADMINISTRASI BISNIS,D3,60,0,0,Tidak Ada
617,617012,26173012,AKUNTANSI,D3,53,0,0,Tidak Ada
617,617013,26173013,TEKNIK SIPIL,D3,38,0,0,Tidak Ada
617,617014,26173014,TEKNIK LISTRIK,D3,38,0,0,Tidak Ada
617,617015,26173015,PERHOTELAN (KAMPUS KAB. KARANGASEM),D3,15,0,0,Tidak Ada
617,617016,26173016,PERHOTELAN (KAMPUS KAB. JEMBRANA),D3,15,0,0,Tidak Ada
617,617017,26173017,USAHA PERJALANAN WISATA,D3,23,0,0,Tidak Ada
617,617018,26173018,TEKNIK MESIN,D3,45,0,0,Tidak Ada
617,617020,26173020,TEKNIK PENDINGIN DAN TATA UDARA,D3,23,0,0,Tidak Ada
617,617021,26173021,MANAJEMEN INFORMATIKA,D3,30,0,0,Tidak Ada
617,617022,26173022,PERHOTELAN,D3,98,0,0,Tidak Ada
617,617023,26173023,ADMINISTRASI BISNIS (KAMPUS KAB. KARANGASEM),D3,15,0,0,Tidak Ada
617,617024,26172024,TEKNOLOGI REKAYASA KONSTRUKSI BANGUNAN AIR,D4,8,0,0,Tidak Ada
617,617025,26172025,REKAYASA PERANCANGAN MEKANIK,D4,8,0,0,Tidak Ada
617,617026,26172026,BAHASA INGGRIS UNTUK KOMUNIKASI BISNIS DAN PROFESIONAL,D4,15,0,0,Tidak Ada
617,617027,26172027,TEKNOLOGI REKAYASA ENERGI TERBARUKAN,D4,15,0,0,Tidak Ada
617,617028,26172028,AKUNTANSI BISNIS DIGITAL,D4,23,0,0,Tidak Ada
621,621001,16211001,AGROEKOTEKNOLOGI,S1,32,0,0,Tidak Ada
621,621002,16211002,AGRIBISNIS,S1,57,0,0,Tidak Ada
621,621003,16211003,KEHUTANAN,S1,26,0,0,Tidak Ada
621,621004,16211004,PENDIDIKAN BIOLOGI,S1,26,0,0,Tidak Ada
621,621005,16211005,PENDIDIKAN KIMIA,S1,16,0,0,Tidak Ada
621,621006,16211006,PENDIDIKAN FISIKA,S1,16,0,0,Tidak Ada
621,621007,16211007,PENDIDIKAN MATEMATIKA,S1,30,0,0,Tidak Ada
621,621008,16211008,TEKNIK SIPIL,S1,40,0,0,Tidak Ada
621,621009,16211009,TEKNIK MESIN,S1,25,0,0,Tidak Ada
621,621010,16211010,TEKNIK ELEKTRO,S1,30,0,0,Tidak Ada
621,621011,16211011,BIOLOGI,S1,12,0,0,Tidak Ada
621,621012,16211012,MATEMATIKA,S1,12,0,0,Tidak Ada
621,621013,16211013,FISIKA,S1,12,0,0,Tidak Ada
621,621014,16211014,KIMIA,S1,12,0,0,Tidak Ada
621,621015,16211015,PETERNAKAN,S1,60,0,0,Tidak Ada
621,621016,16211016,PENDIDIKAN DOKTER,S1,45,0,0,Tidak Ada
621,621017,16211017,ILMU DAN TEKNOLOGI PANGAN,S1,30,0,0,Tidak Ada
621,621018,16211018,KETEKNIKAN PERTANIAN,S1,30,0,0,Tidak Ada
621,621019,16211019,BUDIDAYA PERAIRAN,S1,21,0,0,Tidak Ada
621,621020,16211020,TEKNIK INFORMATIKA,S1,30,0,0,Tidak Ada
621,621021,16211021,FARMASI,S1,18,0,0,Tidak Ada
621,621022,16211022,ILMU TANAH,S1,23,0,0,Tidak Ada
621,621023,16211023,ILMU KELAUTAN,S1,21,0,0,Tidak Ada
621,621024,16211024,ARSITEKTUR,S1,20,0,0,Tidak Ada
621,621025,16211025,ILMU LINGKUNGAN,S1,12,0,0,Tidak Ada
621,621026,16211026,EKONOMI PEMBANGUNAN,S1,46,0,0,Tidak Ada
621,621027,16211027,MANAJEMEN,S1,60,0,0,Tidak Ada
621,621028,16211028,AKUNTANSI,S1,46,0,0,Tidak Ada
621,621029,16211029,ILMU HUKUM,S1,90,0,0,Tidak Ada
621,621030,16211030,PENDIDIKAN BAHASA DAN SASTRA INDONESIA,S1,42,0,0,Tidak Ada
621,621031,16211031,PENDIDIKAN BAHASA INGGRIS,S1,50,0,0,Tidak Ada
621,621032,16211032,PENDIDIKAN PANCASILA DAN KEWARGANEGARAAN,S1,28,0,0,Tidak Ada
621,621033,16211033,PENDIDIKAN GURU SEKOLAH DASAR,S1,60,0,0,Tidak Ada
621,621034,16211034,PENDIDIKAN ANAK USIA DINI,S1,24,0,0,Tidak Ada
621,621035,16211035,HUBUNGAN INTERNASIONAL,S1,30,0,0,Tidak Ada
621,621036,16211036,ILMU KOMUNIKASI,S1,22,0,0,Tidak Ada
621,621037,16211037,SOSIOLOGI,S1,30,0,0,Tidak Ada
621,621038,16211038,PENDIDIKAN SOSIOLOGI,S1,28,0,0,Tidak Ada
621,621039,16213039,PERPAJAKAN,D3,30,0,0,Tidak Ada
621,621043,16213043,AKUNTANSI,D3,35,0,0,Tidak Ada
621,621044,16213044,AGRIBISNIS PETERNAKAN,D3,15,0,0,Tidak Ada
621,621047,16213047,PARIWISATA,D3,30,0,0,Tidak Ada
621,621048,16211048,STATISTIKA,S1,12,0,0,Tidak Ada
621,621049,16211049,TEKNIK INDUSTRI,S1,15,0,0,Tidak Ada
622,622001,16221001,HUKUM BISNIS,S1,23,0,0,Tidak Ada
622,622002,16221002,KEWIRAUSAHAAN,S1,18,0,0,Tidak Ada
622,622003,16221003,TEKNOLOGI INFORMASI,S1,23,0,0,Tidak Ada
622,622004,16221004,KESELAMATAN DAN KESEHATAN KERJA,S1,14,1,0,Tidak Ada
622,622005,16222005,KEPERAWATAN ANESTESIOLOGI,D4,14,1,0,Tidak Ada
631,631001,16311001,PEND. MATEMATIKA,S1,33,0,0,Tidak Ada
631,631002,16311002,PEND. BIOLOGI,S1,30,0,0,Tidak Ada
631,631003,16311003,PEND. FISIKA,S1,33,0,0,Tidak Ada
631,631004,16311004,PEND. KIMIA,S1,35,0,0,Tidak Ada
631,631005,16311005,PEND. TEKNIK BANGUNAN,S1,24,0,0,Tidak Ada
631,631006,16311006,PEND. TEKNIK MESIN,S1,24,0,0,Tidak Ada
631,631007,16311007,PEND. TEKNIK ELEKTRO,S1,24,0,0,Tidak Ada
631,631008,16311008,AGRONOMI/AGROEKOTEKNOLOGI,S1,67,0,0,Tidak Ada
631,631009,16311009,AGRIBISNIS,S1,60,0,0,Tidak Ada
631,631010,16311010,ILMU PETERNAKAN,S1,120,0,0,Tidak Ada
631,631011,16311011,ILMU KESEHATAN MASYARAKAT,S1,59,0,0,Tidak Ada
631,631012,16311012,MATEMATIKA,S1,36,0,0,Tidak Ada
631,631013,16311013,BIOLOGI,S1,36,0,0,Tidak Ada
631,631014,16311014,FISIKA,S1,24,0,0,Tidak Ada
631,631015,16311015,KIMIA,S1,30,0,0,Tidak Ada
631,631016,16311016,TEKNIK SIPIL,S1,35,0,0,Tidak Ada
631,631017,16311017,TEKNIK ELEKTRO,S1,29,0,0,Tidak Ada
631,631018,16311018,TEKNIK MESIN,S1,37,0,0,Tidak Ada
631,631019,16311019,ILMU KOMPUTER,S1,30,0,0,Tidak Ada
631,631020,16311020,TEKNIK ARSITEKTUR,S1,39,0,0,Tidak Ada
631,631021,16311021,TEKNIK PERTAMBANGAN,S1,30,0,0,Tidak Ada
631,631022,16311022,PENDIDIKAN DOKTER,S1,33,0,0,Tidak Ada
631,631023,16311023,BUDIDAYA PERIKANAN,S1,30,0,0,Tidak Ada
631,631024,16311024,KEDOKTERAN HEWAN,S1,24,0,0,Tidak Ada
631,631025,16311025,KEHUTANAN,S1,31,0,0,Tidak Ada
631,631026,16311026,MANAJEMEN SUMBER DAYA PERAIRAN,S1,30,0,0,Tidak Ada
631,631027,16311027,PEND. BHS  & SASTRA  INDO.,S1,48,0,0,Tidak Ada
631,631028,16311028,PEND. BHS. INGGRIS,S1,48,0,0,Tidak Ada
631,631029,16311029,PPKN,S1,36,0,0,Tidak Ada
631,631030,16311030,PEND. EKONOMI,S1,36,0,0,Tidak Ada
631,631031,16311031,PEND. GEOGRAFI,S1,42,0,0,Tidak Ada
631,631032,16311032,PEND. SEJARAH,S1,35,0,0,Tidak Ada
631,631033,16311033,BIMBINGAN KONSELING,S1,27,0,0,Tidak Ada
631,631034,16311034,PEND. LUAR SEKOLAH,S1,24,0,0,Tidak Ada
631,631035,16311035,PEND. ANAK USIA DINI,S1,27,0,0,Tidak Ada
631,631036,16311036,PEND. GURU SEKOLAH  DASAR,S1,60,0,0,Tidak Ada
631,631037,16311037,ILMU HUKUM,S1,102,0,0,Tidak Ada
631,631038,16311038,ILMU ADM.NEGARA,S1,93,0,0,Tidak Ada
631,631039,16311039,ILMU ADM.NIAGA,S1,75,0,0,Tidak Ada
631,631040,16311040,SOSIOLOGI,S1,49,0,0,Tidak Ada
631,631041,16311041,ILMU KOMUNIKASI,S1,74,0,0,Tidak Ada
631,631042,16311042,ILMU POLITIK,S1,46,0,0,Tidak Ada
631,631043,16311043,PENJASKESREK,S1,36,0,1,Olahraga
631,631044,16311044,EKONOMI PEMBANGUNAN,S1,41,0,0,Tidak Ada
631,631045,16311045,AKUNTANSI,S1,59,0,0,Tidak Ada
631,631046,16311046,MANAJEMEN,S1,86,0,0,Tidak Ada
631,631047,16311047,PSIKOLOGI,S1,38,0,0,Tidak Ada
631,631048,16313048,TEKNIK PEMBUATAN TENUN IKAT,D3,12,0,0,Tidak Ada
631,631049,16311049,FARMASI,S1,20,0,0,Tidak Ada
632,632001,16321001,AGRIBISNIS,S1,39,0,0,Tidak Ada
632,632002,16321002,AGROTEKNOLOGI,S1,33,0,0,Tidak Ada
632,632003,16321003,PETERNAKAN,S1,39,0,0,Tidak Ada
632,632004,16321004,PEND. BIOLOGI,S1,54,0,0,Tidak Ada
632,632005,16321005,PEND. MATEMATIKA,S1,54,0,0,Tidak Ada
632,632006,16321006,BIOLOGI,S1,30,0,0,Tidak Ada
632,632007,16321007,MATEMATIKA,S1,18,0,0,Tidak Ada
632,632008,16321008,KIMIA,S1,24,0,0,Tidak Ada
632,632009,16321009,TEKNOLOGI INFORMASI,S1,53,0,0,Tidak Ada
632,632010,16321010,ADM. NEGARA,S1,87,0,0,Tidak Ada
632,632011,16321011,ILMU PEMERINTAHAN,S1,75,0,0,Tidak Ada
632,632012,16321012,PEND. BAHASA INDONESIA,S1,54,0,0,Tidak Ada
632,632013,16321013,PEND. BAHASA INGGRIS,S1,51,0,0,Tidak Ada
632,632014,16321014,MANAJEMEN,S1,90,0,0,Tidak Ada
632,632015,16321015,EKO. PEMBANGUNAN,S1,68,0,0,Tidak Ada
632,632016,16323016,KEPERAWATAN,D3,32,0,0,Tidak Ada
632,632017,16321017,KEHUTANAN,S1,18,1,0,Tidak Ada
632,632018,16321018,TEKNOLOGI HASIL PERTANIAN,S1,15,1,0,Tidak Ada
641,641001,26412001,PERANCANGAN JALAN DAN JEMBATAN,D4,21,0,0,Tidak Ada
641,641002,26412002,TEKNIK PERANCANGAN IRIGASI DAN PENANGANAN PANTAI,D4,21,0,0,Tidak Ada
641,641003,26412003,TEKNIK MESIN PRODUKSI DAN PERAWATAN,D4,12,0,0,Tidak Ada
641,641004,26412004,TEKNIK INSTALASI LISTRIK,D4,18,0,0,Tidak Ada
641,641005,26412005,MANAJEMEN PERUSAHAAN,D4,49,0,0,Tidak Ada
641,641006,26412006,AKUNTANSI SEKTOR PUBLIK,D4,42,0,0,Tidak Ada
641,641007,26412007,PERHOTELAN,D4,35,0,0,Tidak Ada
641,641008,26412008,USAHA PERJALANAN WISATA,D4,35,0,0,Tidak Ada
641,641009,26413009,TEKNIK SIPIL,D3,17,0,0,Tidak Ada
641,641010,26413010,TEKNIK ELEKTRONIKA,D3,12,0,0,Tidak Ada
641,641011,26413011,TEKNIK LISTRIK,D3,18,0,0,Tidak Ada
641,641012,26413012,MESIN OTOMOTIF,D3,12,0,0,Tidak Ada
641,641013,26413013,TEKNIK KOMPUTER DAN JARINGAN,D3,30,0,0,Tidak Ada
641,641014,26413014,ADMINISTRASI BISNIS,D3,18,0,0,Tidak Ada
641,641015,26413015,TEKNIK MESIN,D3,12,0,0,Tidak Ada
641,641016,26413016,AKUNTANSI,D3,24,0,0,Tidak Ada
642,642001,26422001,PENYULUHAN PERTANIAN LAHAN KERING,D4,30,0,0,Tidak Ada
642,642002,26422002,TEKNOLOGI INDUSTRI HORTIKULTURA,D4,18,0,0,Tidak Ada
642,642003,26422003,TEKNOLOGI PAKAN TERNAK,D4,36,0,0,Tidak Ada
642,642004,26422004,PENGELOLAAN HUTAN,D4,27,0,0,Tidak Ada
642,642005,26422005,AGRIBISNIS PERIKANAN,D4,18,0,0,Tidak Ada
642,642006,26422006,TEKNOLOGI REKAYASA PANGAN,D4,9,0,0,Tidak Ada
642,642007,26423007,TANAMAN PANGAN DAN HORTIKULTURA,D3,6,0,0,Tidak Ada
642,642008,26423008,MANAJEMEN SUMBER DAYA HUTAN,D3,11,0,0,Tidak Ada
642,642010,26422010,PENGELOLAAN AGRIBISNIS,D4,27,0,0,Tidak Ada
642,642011,26423011,TEKNOLOGI BUDIDAYA PERIKANAN,D3,6,0,0,Tidak Ada
642,642012,26423012,PRODUKSI TERNAK,D3,12,0,0,Tidak Ada
642,642013,26423013,MANAJEMEN PERTANIAN LAHAN KERING,D3,11,0,0,Tidak Ada
642,642014,26423014,KESEHATAN HEWAN,D3,23,0,0,Tidak Ada
642,642015,26422015,TEKNOLOGI BUDIDAYA PERIKANAN,D4,18,1,0,Tidak Ada
642,642016,26422016,TEKNOLOGI PRODUKSI TERNAK,D4,18,1,0,Tidak Ada
711,711001,17111001,MATEMATIKA,S1,32,0,0,Tidak Ada
711,711002,17111002,FISIKA ,S1,32,0,0,Tidak Ada
711,711003,17111003,KESEHATAN MASYARAKAT ,S1,119,0,0,Tidak Ada
711,711004,17111004,FARMASI ,S1,50,0,0,Tidak Ada
711,711005,17111005,KIMIA ,S1,40,0,0,Tidak Ada
711,711006,17111006,BIOLOGI ,S1,40,0,0,Tidak Ada
711,711007,17111007,PENDIDIKAN DOKTER,S1,69,0,0,Tidak Ada
711,711008,17111008,AGROTEKNOLOGI ,S1,80,0,0,Tidak Ada
711,711009,17111009,ILMU DAN TEKNOLOGI PANGAN ,S1,47,0,0,Tidak Ada
711,711010,17111010,AGRIBISNIS ,S1,64,0,0,Tidak Ada
711,711011,17111011,TEKNIK PERTANIAN,S1,51,0,0,Tidak Ada
711,711012,17111012,TEKNIK SIPIL ,S1,34,0,0,Tidak Ada
711,711013,17111013,TEKNIK MESIN ,S1,34,0,0,Tidak Ada
711,711014,17111014,TEKNIK ELEKTRO ,S1,50,0,0,Tidak Ada
711,711015,17111015,TEKNIK PERKAPALAN ,S1,32,0,0,Tidak Ada
711,711016,17111016,TEKNIK GEOLOGI ,S1,25,0,0,Tidak Ada
711,711017,17111017,PENDIDIKAN DOKTER GIGI ,S1,50,0,0,Tidak Ada
711,711018,17111018,TEKNIK ARSITEKTUR ,S1,30,0,0,Tidak Ada
711,711019,17111019,KEHUTANAN ,S1,135,0,0,Tidak Ada
711,711020,17111020,GEOFISIKA ,S1,40,0,0,Tidak Ada
711,711021,17111021,STATISTIKA ,S1,32,0,0,Tidak Ada
711,711022,17111022,ILMU GIZI ,S1,54,0,0,Tidak Ada
711,711023,17111023,ILMU KELAUTAN ,S1,84,0,0,Tidak Ada
711,711024,17111024,BUDIDAYA PERAIRAN ,S1,39,0,0,Tidak Ada
711,711025,17111025,MANAJEMEN SUMBERDAYA PERAIRAN ,S1,44,0,0,Tidak Ada
711,711026,17111026,PEMANFAATAN SUMBERDAYA PERIKANAN ,S1,32,0,0,Tidak Ada
711,711027,17111027,AGROBISNIS PERIKANAN,S1,42,0,0,Tidak Ada
711,711028,17111028,ILMU KEPERAWATAN,S1,68,0,0,Tidak Ada
711,711029,17111029,PETERNAKAN,S1,216,0,0,Tidak Ada
711,711030,17111030,TEKNIK KELAUTAN ,S1,29,0,0,Tidak Ada
711,711031,17111031,TEKNIK INDUSTRI ,S1,23,0,0,Tidak Ada
711,711032,17111032,TEKNIK SISTEM PERKAPALAN ,S1,43,0,0,Tidak Ada
711,711033,17111033,PERENCANAAN WILAYAH DAN KOTA,S1,20,0,0,Tidak Ada
711,711034,17111034,TEKNIK PERTAMBANGAN ,S1,20,0,0,Tidak Ada
711,711035,17111035,TEKNIK INFORMATIKA ,S1,27,0,0,Tidak Ada
711,711036,17111036,FISOTERAPI ,S1,40,0,0,Tidak Ada
711,711037,17111037,TEKNIK LINGKUNGAN ,S1,25,0,0,Tidak Ada
711,711038,17111038,KEDOKTERAN HEWAN,S1,46,0,0,Tidak Ada
711,711039,17111039,PSIKOLOGI,S1,39,0,0,Tidak Ada
711,711040,17111040,SISTEM INFORMASI,S1,46,0,0,Tidak Ada
711,711041,17111041,ILMU AKTUARIA,S1,18,0,0,Tidak Ada
711,711042,17111042,REKAYASA KEHUTANAN,S1,45,0,0,Tidak Ada
711,711043,17112043,TEKNOLOGI PRODUKSI TERNAK,D4,13,0,0,Tidak Ada
711,711044,17112044,TEKNOLOGI PRODUKSI TANAMAN PANGAN,D4,14,0,0,Tidak Ada
711,711045,17111045,ILMU TANAH,S1,45,0,0,Tidak Ada
711,711046,17111046,PROTEKSI TANAMAN,S1,43,0,0,Tidak Ada
711,711047,17111047,KONSERVASI HUTAN,S1,36,0,0,Tidak Ada
711,711048,17111048,TEKNOLOGI HASIL PERIKANAN,S1,32,0,0,Tidak Ada
711,711049,17112049,AGRIBISNIS PANGAN,D4,18,0,0,Tidak Ada
711,711050,17112050,TEKNOLOGI PAKAN TERNAK,D4,13,0,0,Tidak Ada
711,711051,17112051,AGRIBISNIS PETERNAKAN,D4,15,0,0,Tidak Ada
711,711052,17112052,TERAPI GIGI,D4,40,0,0,Tidak Ada
711,711053,17112053,BUDI DAYA LAUT DAN PANTAI,D4,13,0,0,Tidak Ada
711,711054,17111054,MANAJEMEN ,S1,70,0,0,Tidak Ada
711,711055,17111055,ILMU HUKUM ,S1,121,0,0,Tidak Ada
711,711056,17111056,ILMU POLITIK ,S1,31,0,0,Tidak Ada
711,711057,17111057,ANTROPOLOGI,S1,28,0,0,Tidak Ada
711,711058,17111058,ILMU SEJARAH ,S1,30,0,0,Tidak Ada
711,711059,17111059,ILMU KOMUNIKASI ,S1,41,0,0,Tidak Ada
711,711060,17111060,SOSIOLOGI ,S1,33,0,0,Tidak Ada
711,711061,17111061,AKUNTANSI ,S1,70,0,0,Tidak Ada
711,711062,17111062,ILMU PEMERINTAHAN ,S1,35,0,0,Tidak Ada
711,711063,17111063,ILMU HUBUNGAN INTERNASIONAL ,S1,40,0,0,Tidak Ada
711,711064,17111064,ADMINISTRASI PUBLIK,S1,36,0,0,Tidak Ada
711,711065,17111065,SASTRA INDONESIA ,S1,72,0,0,Tidak Ada
711,711066,17111066,SASTRA DAERAH,S1,12,0,0,Tidak Ada
711,711067,17111067,SASTRA ARAB,S1,40,0,0,Tidak Ada
711,711068,17111068,SASTRA INGGRIS ,S1,83,0,0,Tidak Ada
711,711069,17111069,SASTRA PERANCIS,S1,12,0,0,Tidak Ada
711,711070,17111070,ARKEOLOGI ,S1,35,0,0,Tidak Ada
711,711071,17111071,SASTRA JEPANG ,S1,60,0,0,Tidak Ada
711,711072,17111072,EKONOMI PEMBANGUNAN,S1,45,0,0,Tidak Ada
711,711073,17111073,HUKUM ADMINISTRASI NEGARA,S1,27,0,0,Tidak Ada
711,711074,17111074,BAHASA MANDARIN DAN KEBUDAYAAN TIONGKOK,S1,51,0,0,Tidak Ada
711,711075,17112075,DESTINASI PARIWISATA,D4,15,0,0,Tidak Ada
711,711077,17111077,PARIWISATA,S1,44,0,0,Tidak Ada
711,711078,17112078,TEKNOLOGI AKUAKULTUR DAN PASCA PANEN PERIKANAN,D4,8,0,0,Tidak Ada
711,711079,17112079,PARAMEDIK VETERINER,D4,21,0,0,Tidak Ada
711,711080,17111080,EKONOMI DAN BISNIS ISLAM,S1,21,0,0,Tidak Ada
711,711081,17111081,TEKNOLOGI INDUSTRI PERTANIAN,S1,27,0,0,Tidak Ada
711,711082,17112082,TEKNOLOGI METALURGI EKSTRAKSI,D4,14,0,0,Tidak Ada
711,711083,17112083,PENGINDERAAN JAUH DAN SISTEM INFORMASI GEOGRAFIS,D4,12,0,0,Tidak Ada
711,711084,17111084,TEKNIK GEODESI,S1,15,0,0,Tidak Ada
711,711085,17111085,TEKNIK METALURGI DAN MATERIAL,S1,17,0,0,Tidak Ada
711,711086,17112086,KOMUNIKASI DIGITAL,D4,12,1,0,Tidak Ada
711,711087,17111087,PEMULIAAN DAN BIOTEKNOLOGI TANAMAN,S1,12,1,0,Tidak Ada
711,711088,17111088,PEMBANGUNAN PERTANIAN,S1,12,1,0,Tidak Ada
712,712001,17121001,PENDIDIKAN MATEMATIKA,S1,52,0,0,Tidak Ada
712,712002,17121002,PENDIDIKAN FISIKA,S1,32,0,0,Tidak Ada
712,712003,17121003,PENDIDIKAN KIMIA,S1,32,0,0,Tidak Ada
712,712004,17121004,PENDIDIKAN BIOLOGI,S1,52,0,0,Tidak Ada
712,712005,17121005,MATEMATIKA,S1,31,0,0,Tidak Ada
712,712006,17121006,FISIKA,S1,26,0,0,Tidak Ada
712,712007,17121007,KIMIA,S1,26,0,0,Tidak Ada
712,712008,17121008,BIOLOGI,S1,30,0,0,Tidak Ada
712,712009,17121009,GEOGRAFI,S1,30,0,0,Tidak Ada
712,712010,17121010,PENDIDIKAN TEKNIK ELEKTRO,S1,35,0,0,Tidak Ada
712,712011,17121011,PEND. TEKNIK ELEKTRONIKA,S1,22,0,0,Tidak Ada
712,712012,17121012,PENDIDIKAN TEKNIK MESIN,S1,22,0,0,Tidak Ada
712,712013,17121013,PEND. TEKNIK OTOMOTIF,S1,33,0,0,Tidak Ada
712,712014,17121014,PENDIDIKAN TEKNIK BANGUNAN,S1,22,0,0,Tidak Ada
712,712015,17121015,ILMU KEOLAHRAGAAN,S1,29,0,1,Olahraga
712,712016,17121016,PENDIDIKAN TEKNIK INFORMATIKA & KOMPUTER,S1,58,0,0,Tidak Ada
712,712017,17121017,PEND. KIMIA KLS INTERNASIONAL (BILINGUAL),S1,12,0,0,Tidak Ada
712,712018,17121018,PEND. MATEMATIKA KLS INTERNAS. (BILINGUAL),S1,12,0,0,Tidak Ada
712,712019,17121019,DESAIN KOMUNIKASI VISUAL,S1,57,0,2,"Seni Rupa, Desain, dan Kriya"
712,712020,17121020,PEND. BIOLOGI KLS INTERNASIONAL (BILINGUAL),S1,12,0,0,Tidak Ada
712,712021,17121021,PEND. FISIKA KLS INTERNASIONAL (BILINGUAL),S1,12,0,0,Tidak Ada
712,712022,17121022,PENDIDIKAN TEKNOLOGI PERTANIAN,S1,23,0,0,Tidak Ada
712,712023,17121023,PENDIDIKAN IPA,S1,30,0,0,Tidak Ada
712,712024,17121024,PENDIDIKAN IPA KLS INTERNASIONAL (BILINGUAL),S1,12,0,0,Tidak Ada
712,712025,17121025,STATISTIKA,S1,60,0,0,Tidak Ada
712,712026,17121026,PENDIDIKAN VOKASIONAL MEKATRONIKA,S1,22,0,0,Tidak Ada
712,712027,17121027,TEKNIK KOMPUTER,S1,47,0,0,Tidak Ada
712,712028,17121028,ADMINISTRASI KESEHATAN,S1,115,0,0,Tidak Ada
712,712029,17121029,GIZI,S1,115,0,0,Tidak Ada
712,712030,17121030,ARSITEKTUR,S1,33,0,0,Tidak Ada
712,712031,17122031,MESIN OTOMOTIF,D4,22,0,0,Tidak Ada
712,712032,17122032,TEKNIK ELEKTRONIKA,D4,22,0,0,Tidak Ada
712,712033,17122033,TEKNIK MESIN,D4,35,0,0,Tidak Ada
712,712034,17122034,TEKNIK ELEKTRO,D4,47,0,0,Tidak Ada
712,712035,17122035,TEKNIK SIPIL BANGUNAN GEDUNG,D4,58,0,0,Tidak Ada
712,712036,17121036,FISIOTERAPI,S1,43,0,0,Tidak Ada
712,712037,17121037,PENDIDIKAN GEOGRAFI,S1,41,0,0,Tidak Ada
712,712038,17121038,PENDIDIKAN KESEJAHTERAAN KELUARGA,S1,13,0,0,Tidak Ada
712,712039,17121039,"PENDIDIKAN JASMANI, KESEHATAN & REKREASI",S1,145,0,1,Olahraga
712,712040,17121040,PENDIDIKAN KEPELATIHAN OLAHRAGA,S1,40,0,1,Olahraga
712,712041,17121041,ADMINISTRASI PENDIDIKAN,S1,44,0,0,Tidak Ada
712,712042,17121042,TEKNOLOGI PENDIDIKAN,S1,32,0,0,Tidak Ada
712,712043,17121043,BIMBINGAN DAN KONSELING,S1,56,0,0,Tidak Ada
712,712044,17121044,PENDIDIKAN LUAR SEKOLAH,S1,23,0,0,Tidak Ada
712,712045,17121045,PENDIDIKAN LUAR BIASA,S1,35,0,0,Tidak Ada
712,712046,17121046,PENDIDIKAN BAHASA DAN SASTRA INDONESIA,S1,96,0,0,Tidak Ada
712,712047,17121047,PENDIDIKAN BAHASA INGGRIS,S1,109,0,0,Tidak Ada
712,712048,17121048,SASTRA INDONESIA,S1,55,0,0,Tidak Ada
712,712049,17121049,SASTRA INGGRIS,S1,68,0,0,Tidak Ada
712,712050,17121050,PENDIDIKAN BAHASA JERMAN,S1,37,0,0,Tidak Ada
712,712051,17121051,PENDIDIKAN PANCASILA DAN KEWARGANEGARAAN,S1,28,0,0,Tidak Ada
712,712052,17121052,PENDIDIKAAN SOSIOLOGI,S1,28,0,0,Tidak Ada
712,712053,17121053,PENDIDIKAN SEJARAH,S1,28,0,0,Tidak Ada
712,712054,17121054,MANAJEMEN,S1,112,0,0,Tidak Ada
712,712055,17121055,SOSIOLOGI,S1,28,0,0,Tidak Ada
712,712056,17121056,PSIKOLOGI,S1,82,0,0,Tidak Ada
712,712057,17121057,PEND. GURU SEK. DASAR (KAMPUS MAKASSAR),S1,94,0,0,Tidak Ada
712,712058,17121058,PENDIDIKAN GURU PAUD,S1,44,0,0,Tidak Ada
712,712059,17121059,PEND. GURU SEKOLAH DASAR (KAMPUS BONE),S1,59,0,0,Tidak Ada
712,712060,17121060,PEND. GURU SEK. DASAR (KAMPUS PARE-PARE),S1,47,0,0,Tidak Ada
712,712061,17121061,PENDIDIKAN IPS,S1,28,0,0,Tidak Ada
712,712062,17121062,ADMINISTRASI NEGARA,S1,46,0,0,Tidak Ada
712,712063,17121063,PENDIDIKAN EKONOMI,S1,56,0,0,Tidak Ada
712,712064,17121064,PEND. GEOGRAFI KLS INTERNAS. (BILINGUAL),S1,12,0,0,Tidak Ada
712,712065,17121065,EKONOMI PEMBANGUNAN,S1,45,0,0,Tidak Ada
712,712066,17121066,AKUNTANSI,S1,77,0,0,Tidak Ada
712,712067,17121067,"PENDIDIKAN SENI DRAMA,  TARI, DAN MUSIK",S1,46,0,3,Sendratasik
712,712068,17121068,PENDIDIKAN SENI RUPA,S1,23,0,2,"Seni Rupa, Desain, dan Kriya"
712,712069,17121069,P. GURU SEK DASAR BILINGUAL (KAMP MAKASSAR),S1,32,0,0,Tidak Ada
712,712070,17121070,SENI TARI,S1,11,0,5,Tari
712,712071,17121071,PEND. ADMINISTRASI PERKANTORAN,S1,36,0,0,Tidak Ada
712,712073,17121073,PEND. AKUNTANSI,S1,36,0,0,Tidak Ada
712,712074,17121074,PENDIDIKAN ANTROPOLOGI,S1,28,0,0,Tidak Ada
712,712076,17121076,PENDIDIKAN BAHASA ARAB,S1,70,0,0,Tidak Ada
712,712077,17121077,ILMU ADMINISTRASI BISNIS,S1,36,0,0,Tidak Ada
712,712078,17121078,PENDIDIKAN BAHASA MANDARIN,S1,37,0,0,Tidak Ada
712,712079,17121079,KEWIRAUSAHAAN,S1,65,0,0,Tidak Ada
712,712080,17121080,BISNIS DIGITAL,S1,45,0,0,Tidak Ada
712,712081,17122081,TATA BOGA,D4,33,0,0,Tidak Ada
712,712082,17122082,AKUNTANSI,D4,36,0,0,Tidak Ada
712,712083,17122083,BAHASA INGGRIS,D4,41,0,0,Tidak Ada
712,712092,17123092,TATA BUSANA,D3,22,0,0,Tidak Ada
712,712093,17121093,HUKUM BISNIS,S1,36,0,0,Tidak Ada
712,712094,17121094,REKAYASA ELEKTRO,S1,22,0,0,Tidak Ada
712,712095,17121095,TEKNOLOGI INDUSTRI PERTANIAN,S1,24,0,0,Tidak Ada
712,712096,17121096,BIOTEKNOLOGI,S1,32,0,0,Tidak Ada
712,712097,17121097,SAINS INFORMASI GEOGRAFI,S1,32,0,0,Tidak Ada
712,712098,17122098,ANIMASI,D4,11,0,2,"Seni Rupa, Desain, dan Kriya"
712,712099,17121099,SAINS AKTUARIA,S1,32,0,0,Tidak Ada
712,712100,17121100,KEDOKTERAN,S1,10,0,0,Tidak Ada
712,712101,17121101,SAINS LINGKUNGAN,S1,18,0,0,Tidak Ada
712,712102,17122102,PROMOSI KESEHATAN,D4,31,0,0,Tidak Ada
712,712103,17121103,PENDIDIKAN BAHASA BUGIS,S1,14,1,0,Tidak Ada
712,712104,17121104,PENDIDIKAN BAHASA MAKASSAR,S1,25,1,0,Tidak Ada
712,712105,17121105,SASTRA ARAB,S1,13,1,0,Tidak Ada
712,712106,17121106,REKAYASA INDUSTRI,S1,12,1,0,Tidak Ada
712,712107,17121107,SAINS PERIKANAN,S1,22,1,0,Tidak Ada
712,712108,17121108,PENDIDIKAN VOKASIONAL DESAIN FASHION,S1,22,1,0,Tidak Ada
712,712109,17121109,PENDIDIKAN VOKASIONAL SENI KULINER,S1,11,1,0,Tidak Ada
713,713001,17131001,MATEMATIKA,S1,32,0,0,Tidak Ada
713,713003,17131003,KIMIA,S1,32,0,0,Tidak Ada
713,713006,17131006,TEKNIK PERENCANAAN WILAYAH DAN KOTA,S1,39,0,0,Tidak Ada
713,713007,17131007,TEKNIK ARSITEKTUR,S1,45,0,0,Tidak Ada
713,713008,17131008,ILMU PETERNAKAN,S1,32,0,0,Tidak Ada
713,713015,17131015,SISTEM INFORMASI,S1,45,0,0,Tidak Ada
713,713016,17131016,PENDIDIKAN DOKTER,S1,26,0,0,Tidak Ada
713,713017,17131017,ILMU HUKUM,S1,75,0,0,Tidak Ada
713,713018,17131018,JURNALISTIK,S1,36,0,0,Tidak Ada
713,713019,17131019,MANAJEMEN,S1,57,0,0,Tidak Ada
713,713024,17131024,AKUNTANSI,S1,66,0,0,Tidak Ada
713,713025,17131025,ILMU EKONOMI,S1,57,0,0,Tidak Ada
713,713031,17131031,ILMU POLITIK,S1,36,0,0,Tidak Ada
713,713034,17131034,ILMU KOMUNIKASI,S1,45,0,0,Tidak Ada
713,713047,17131047,HUBUNGAN INTERNASIONAL,S1,36,0,0,Tidak Ada
713,713048,17131048,KESEJAHTERAAN SOSIAL,S1,36,0,0,Tidak Ada
713,713049,17131049,KEBIDANAN,S1,30,0,0,Tidak Ada
716,716001,27162001,PERANCANGAN BANGUNAN GEDUNG,D4,23,0,0,Tidak Ada
716,716002,27162002,JASA KONSTRUKSI,D4,23,0,0,Tidak Ada
716,716003,27162003,TEKNIK PEMBANGKIT ENERGI,D4,23,0,0,Tidak Ada
716,716004,27162004,TEKNOLOGI KIMIA INDUSTRI,D4,30,0,0,Tidak Ada
716,716005,27162005,TEKNIK MEKATRONIKA,D4,30,0,0,Tidak Ada
716,716006,27162006,TEKNIK MANUFAKTUR,D4,23,0,0,Tidak Ada
716,716007,27162007,TEKNIK MULTIMEDIA & JARINGAN,D4,30,0,0,Tidak Ada
716,716008,27162008,TEKNIK KOMPUTER & JARINGAN,D4,30,0,0,Tidak Ada
716,716009,27162009,TEKNIK LISTRIK,D4,23,0,0,Tidak Ada
716,716010,27162010,TEKNOLOGI REKAYASA JARINGAN TELEKOMUNIKASI,D4,23,0,0,Tidak Ada
716,716011,27162011,AKUNTANSI MANAJERIAL,D4,38,0,0,Tidak Ada
716,716012,27162012,ADMINISTRASI BISNIS,D4,38,0,0,Tidak Ada
716,716013,27163013,ADMINISTRASI BISNIS,D3,30,0,0,Tidak Ada
716,716014,27163014,TEKNIK KONSTRUKSI SIPIL,D3,15,0,0,Tidak Ada
716,716015,27162015,TEKNOLOGI REKAYASA KIMIA,D4,23,0,0,Tidak Ada
716,716016,27163016,ANALISIS KIMIA,D3,23,0,0,Tidak Ada
716,716017,27163017,TEKNIK KONSTRUKSI GEDUNG,D3,15,0,0,Tidak Ada
716,716018,27163018,TEKNOLOGI KONVERSI ENERGI (KAMPUS KAB. KOLAKA),D3,8,0,0,Tidak Ada
716,716019,27163019,AKUNTANSI,D3,30,0,0,Tidak Ada
716,716020,27163020,TEKNIK ELEKTRONIKA,D3,15,0,0,Tidak Ada
716,716022,27163022,TEKNIK TELEKOMUNIKASI,D3,23,0,0,Tidak Ada
716,716023,27163023,TEKNIK MESIN,D3,23,0,0,Tidak Ada
716,716024,27163024,TEKNIK OTOMOTIF,D3,15,0,0,Tidak Ada
716,716025,27163025,TEKNIK LISTRIK,D3,23,0,0,Tidak Ada
716,716026,27163026,PERAWATAN ALAT BERAT,D3,30,0,0,Tidak Ada
716,716029,27163029,TEKNIK KONVERSI ENERGI,D3,23,0,0,Tidak Ada
716,716030,27162030,TEKNOLOGI REKAYASA ENERGI TERBARUKAN,D4,8,0,0,Tidak Ada
716,716031,27162031,TEKNOLOGI REKAYASA KONSTRUKSI BANGUNAN AIR,D4,23,0,0,Tidak Ada
716,716032,27162032,AKUNTANSI MANAJERIAL KAMPUS KABUPATEN KOLAKA,D4,8,0,0,Tidak Ada
716,716033,27162033,TEKNOLOGI REKAYASA SISTEM ELEKTRONIKA,D4,15,0,0,Tidak Ada
716,716034,27162034,ADMINISTRASI PERKANTORAN DIGITAL,D4,15,0,0,Tidak Ada
716,716035,27162035,BAHASA INGGRIS UNTUK KOMUNIKASI BISNIS DAN PROFESIONAL,D4,8,0,0,Tidak Ada
716,716036,27162036,AKUNTANSI LEMBAGA KEUANGAN SYARIAH,D4,15,0,0,Tidak Ada
716,716037,27162037,BISNIS DIGITAL,D4,8,0,0,Tidak Ada
716,716038,27162038,TEKNOLOGI REKAYASA KIMIA INDUSTRI PSDKU KAB. KOLAKA,D4,8,1,0,Tidak Ada
716,716039,27162039,TEKNOLOGI REKAYASA MULTIMEDIA PSDKU KAB. KOLAKA,D4,8,1,0,Tidak Ada
717,717001,27172001,AGROINDUSTRI,D4,28,0,0,Tidak Ada
717,717002,27172002,PENGELOLAAN PELABUHAN PERIKANAN,D4,14,0,0,Tidak Ada
717,717003,27172003,AGRIBISNIS PETERNAKAN,D4,14,0,0,Tidak Ada
717,717004,27172004,TEKNOLOGI PEMBENIHAN IKAN,D4,20,0,0,Tidak Ada
717,717005,27172005,TEKNOLOGI PRODUKSI TANAMAN PANGAN,D4,17,0,0,Tidak Ada
717,717006,27172006,TEKNOLOGI PAKAN TERNAK,D4,14,0,0,Tidak Ada
717,717007,27172007,TEKNOLOGI PRODUKSI TANAMAN HORTIKULTURA,D4,14,0,0,Tidak Ada
717,717008,27172008,PENGELOLAAN PERKEBUNAN KOPI,D4,17,0,0,Tidak Ada
717,717009,27172009,TEKNOLOGI BUDIDAYA PERIKANAN,D4,28,0,0,Tidak Ada
717,717010,27172010,TEKNOLOGI PRODUKSI TANAMAN PERKEBUNAN,D4,14,0,0,Tidak Ada
717,717011,27172011,PENGOLAHAN DAN PENYIMPANAN HASIL PERIKANAN,D4,24,0,0,Tidak Ada
717,717012,27172012,AGRIBISNIS PERIKANAN,D4,28,0,0,Tidak Ada
717,717013,27172013,ADMINISTRASI BISNIS INTERNASIONAL,D4,30,0,0,Tidak Ada
717,717017,27173017,PENANGKAPAN IKAN,D3,6,0,0,Tidak Ada
717,717018,27173018,TEKNIK KELAUTAN,D3,14,0,0,Tidak Ada
717,717020,27172020,AKUNTANSI BISNIS DIGITAL,D4,14,0,0,Tidak Ada
718,718001,17181001,ILMU KOMPUTER,S1,64,0,0,Tidak Ada
718,718002,17181002,SISTEM INFORMASI,S1,64,0,0,Tidak Ada
718,718003,17181003,MATEMATIKA,S1,12,0,0,Tidak Ada
718,718004,17181004,TEKNOLOGI PANGAN,S1,32,0,0,Tidak Ada
718,718005,17181005,SAINS DATA,S1,24,0,0,Tidak Ada
718,718006,17181006,SAINS AKTUARIA,S1,24,0,0,Tidak Ada
718,718007,17181007,TEKNIK SISTEM ENERGI,S1,24,0,0,Tidak Ada
718,718008,17181008,TEKNIK METALURGI,S1,24,0,0,Tidak Ada
718,718009,17181009,BIOTEKNOLOGI,S1,24,0,0,Tidak Ada
718,718010,17181010,TEKNIK SIPIL,S1,32,0,0,Tidak Ada
718,718011,17181011,ARSITEKTUR,S1,24,0,0,Tidak Ada
718,718012,17181012,TEKNIK PERKAPALAN,S1,24,0,0,Tidak Ada
718,718013,17181013,TEKNIK ROBOTIKA DAN KECERDASAN BUATAN,S1,28,0,0,Tidak Ada
718,718014,17181014,TEKNIK INDUSTRI,S1,24,1,0,Tidak Ada
718,718015,17181015,TEKNIK LINGKUNGAN,S1,24,1,0,Tidak Ada
718,718016,17181016,TEKNIK MESIN,S1,24,1,0,Tidak Ada
718,718017,17181017,TEKNIK ELEKTRO,S1,24,1,0,Tidak Ada
718,718018,17181018,BISNIS DIGITAL,S1,24,1,0,Tidak Ada
721,721001,17211001,PENDIDIKAN DOKTER,S1,40,0,0,Tidak Ada
721,721002,17211002,PENDIDIKAN DOKTER GIGI,S1,10,0,0,Tidak Ada
721,721003,17211003,ILMU KESEHATAN MASYARAKAT,S1,55,0,0,Tidak Ada
721,721004,17211004,ILMU KEPERAWATAN,S1,30,0,0,Tidak Ada
721,721005,17211005,TEKNIK ELEKTRO,S1,24,0,0,Tidak Ada
721,721006,17211006,TEKNIK MESIN ,S1,18,0,0,Tidak Ada
721,721007,17211007,TEKNIK SIPIL,S1,36,0,0,Tidak Ada
721,721008,17211008,ARSITEKTUR,S1,24,0,0,Tidak Ada
721,721009,17211009,PERENCANAAN WILAYAH DAN KOTA,S1,22,0,0,Tidak Ada
721,721010,17211010,TEKNIK PERTANIAN,S1,24,0,0,Tidak Ada
721,721011,17211011,TEKNOLOGI PANGAN,S1,15,0,0,Tidak Ada
721,721012,17211012,MATEMATIKA,S1,20,0,0,Tidak Ada
721,721013,17211013,FISIKA,S1,14,0,0,Tidak Ada
721,721014,17211014,BIOLOGI,S1,20,0,0,Tidak Ada
721,721015,17211015,KIMIA,S1,19,0,0,Tidak Ada
721,721016,17211016,AGRIBISNIS,S1,39,0,0,Tidak Ada
721,721017,17211017,AGROEKOTEKNOLOGI,S1,15,0,0,Tidak Ada
721,721018,17211018,PETERNAKAN,S1,30,0,0,Tidak Ada
721,721019,17211019,ILMU KELAUTAN ,S1,30,0,0,Tidak Ada
721,721020,17211020,MANAJEMEN SUMBERDAYA PERAIRAN,S1,12,0,0,Tidak Ada
721,721021,17211021,BUDIDAYA PERAIRAN,S1,10,0,0,Tidak Ada
721,721022,17211022,TEKNOLOGI HASIL PERIKANAN,S1,10,0,0,Tidak Ada
721,721023,17211023,AGROBISNIS PERIKANAN,S1,12,0,0,Tidak Ada
721,721024,17211024,PEMANFAATAN SUMBERDAYA PERIKANAN,S1,6,0,0,Tidak Ada
721,721025,17211025,KEHUTANAN,S1,16,0,0,Tidak Ada
721,721026,17211026,INFORMATIKA,S1,32,0,0,Tidak Ada
721,721027,17211027,FARMASI,S1,28,0,0,Tidak Ada
721,721028,17211028,TEKNIK LINGKUNGAN,S1,16,0,0,Tidak Ada
721,721029,17211029,SISTEM INFORMASI,S1,24,0,0,Tidak Ada
721,721030,17211030,ILMU TANAH,S1,12,0,0,Tidak Ada
721,721031,17211031,AGRONOMI,S1,12,0,0,Tidak Ada
721,721032,17211032,PROTEKSI TANAMAN,S1,12,0,0,Tidak Ada
721,721033,17211033,EKONOMI PEMBANGNAN,S1,41,0,0,Tidak Ada
721,721034,17211034,MANAJEMEN ,S1,80,0,0,Tidak Ada
721,721035,17211035,AKUNTANSI,S1,63,0,0,Tidak Ada
721,721036,17211036,ILMU ADMINISTRASI NEGARA,S1,25,0,0,Tidak Ada
721,721037,17211037,ILMU ADMINISTRASI BISNIS,S1,25,0,0,Tidak Ada
721,721038,17211038,ILMU PEMERINTAHAN,S1,25,0,0,Tidak Ada
721,721039,17211039,ILMU POLITIK,S1,18,0,0,Tidak Ada
721,721040,17211040,SOSIOLOGI,S1,18,0,0,Tidak Ada
721,721041,17211041,ILMU KOMUNIKASI,S1,25,0,0,Tidak Ada
721,721042,17211042,ILMU PERPUSTAKAAN,S1,12,0,0,Tidak Ada
721,721043,17211043,ILMU HUKUM,S1,140,0,0,Tidak Ada
721,721044,17211044,SASTRA INDONESIA,S1,12,0,0,Tidak Ada
721,721045,17211045,SASTRA INGGRIS,S1,24,0,0,Tidak Ada
721,721046,17211046,SASTRA JERMAN,S1,9,0,0,Tidak Ada
721,721047,17211047,ILMU SEJARAH,S1,10,0,0,Tidak Ada
721,721048,17211048,ANTROPOLOGI SOSIAL,S1,12,0,0,Tidak Ada
721,721051,17211051,TEKNIK INDUSTRI,S1,10,0,0,Tidak Ada
721,721052,17211052,TEKNIK PERTAMBANGAN,S1,12,1,0,Tidak Ada
722,722001,17221001,PEND. BIOLOGI,S1,15,0,0,Tidak Ada
722,722002,17221002,ILMU BIOLOGI,S1,15,0,0,Tidak Ada
722,722003,17221003,PEND. KIMIA,S1,18,0,0,Tidak Ada
722,722004,17221004,ILMU KIMIA,S1,12,0,0,Tidak Ada
722,722005,17221005,PEND. FISIKA,S1,12,0,0,Tidak Ada
722,722006,17221006,ILMU FISIKA,S1,9,0,0,Tidak Ada
722,722007,17221007,PEND. MATEMATIKA,S1,36,0,0,Tidak Ada
722,722008,17221008,PEND. TEK BANGUNAN,S1,12,0,0,Tidak Ada
722,722009,17221009,PEND. TEK ELEKTRO,S1,12,0,0,Tidak Ada
722,722010,17221010,PEND. INF./KOM,S1,36,0,0,Tidak Ada
722,722011,17221011,PEND. TEK MESIN,S1,12,0,0,Tidak Ada
722,722012,17221012,ILMU GEOGRAFI,S1,6,0,0,Tidak Ada
722,722013,17221013,ILMU KEOLAHRAGAAN,S1,9,0,1,Olahraga
722,722017,17221017,PENDIDIKAN IPA,S1,18,0,0,Tidak Ada
722,722018,17221018,ARSITEKTUR,S1,17,0,0,Tidak Ada
722,722019,17221019,TEKNIK INFORMATIKA,S1,50,0,0,Tidak Ada
722,722020,17221020,TEKNIK SIPIL,S1,29,0,0,Tidak Ada
722,722021,17221021,ILMU KESEHATAN MASYARAKAT,S1,53,0,0,Tidak Ada
722,722022,17221022,TEKNIK MESIN,S1,23,0,0,Tidak Ada
722,722023,17221023,PEND. KES. KEL,S1,12,0,0,Tidak Ada
722,722024,17221024,PEND. BAHASA INDONESIA,S1,29,0,0,Tidak Ada
722,722025,17221025,PEND. BAH INGGRIS,S1,18,0,0,Tidak Ada
722,722026,17221026,BAH & SASTRA INGGRIS,S1,21,0,0,Tidak Ada
722,722027,17221027,PEND. BAHASA JEPANG,S1,18,0,0,Tidak Ada
722,722028,17221028,PEND. BAH. JERMAN,S1,3,0,0,Tidak Ada
722,722029,17221029,PEND. BAH. PERANCIS,S1,3,0,0,Tidak Ada
722,722030,17221030,PEND. SENI MUSIK,S1,12,0,6,Musik
722,722031,17221031,PEND. SENI RUPA,S1,6,0,2,"Seni Rupa, Desain, dan Kriya"
722,722032,17221032,PPKN,S1,12,0,0,Tidak Ada
722,722033,17221033,PEND. SEJARAH,S1,12,0,0,Tidak Ada
722,722034,17221034,PEND GEOGRAFI,S1,9,0,0,Tidak Ada
722,722035,17221035,ILMU ADM NEGARA,S1,23,0,0,Tidak Ada
722,722036,17221036,ILMU HUKUM,S1,53,0,0,Tidak Ada
722,722037,17221037,PEND EKONOMI S1,S1,20,0,0,Tidak Ada
722,722038,17221038,MANAJEMEN S1,S1,80,0,0,Tidak Ada
722,722039,17221039,PEND. KEPELATIHAN OR,S1,36,0,1,Olahraga
722,722040,17221040,"PEND. JASMANI, KES. REK",S1,36,0,1,Olahraga
722,722041,17221041,PLS,S1,27,0,0,Tidak Ada
722,722042,17221042,PLB/P.KH,S1,27,0,0,Tidak Ada
722,722043,17221043,PSIKOLOGI,S1,59,0,0,Tidak Ada
722,722044,17221044,PGSD,S1,107,0,0,Tidak Ada
722,722046,17221046,AKUNTANSI,S1,47,0,0,Tidak Ada
722,722047,17221047,BIMBINGAN KONSELING,S1,38,0,0,Tidak Ada
722,722048,17221048,PEND. ANAK USIA DINI,S1,36,0,0,Tidak Ada
722,722049,17221049,PENDIDIKAN SOSIOLOGI,S1,12,0,0,Tidak Ada
722,722051,17221051,PENDIDIKAN IPS,S1,6,0,0,Tidak Ada
722,722052,17221052,ILMU EKONOMI,S1,20,0,0,Tidak Ada
722,722055,17223055,MANAJEMEN PEMASARAN,D3,9,0,0,Tidak Ada
722,722057,17221057,GEOFISIKA,S1,9,0,0,Tidak Ada
722,722058,17221058,ILMU LINGKUNGAN,S1,9,0,0,Tidak Ada
727,727001,27272001,KONSTRUKSI BANGUNAN GEDUNG,D4,20,0,0,Tidak Ada
727,727002,27272002,TEKNIK JALAN JEMBATAN,D4,20,0,0,Tidak Ada
727,727003,27272003,TEKNIK LISTRIK,D4,25,0,0,Tidak Ada
727,727004,27272004,TEKNIK INFORMATIKA,D4,40,0,0,Tidak Ada
727,727005,27272005,TEKNIK MESIN PRODUKSI DAN PERAWATAN,D4,30,0,0,Tidak Ada
727,727006,27272006,AKUNTANSI KEUANGAN,D4,30,0,0,Tidak Ada
727,727007,27272007,MANAJEMEN BISNIS,D4,40,0,0,Tidak Ada
727,727008,27272008,PERHOTELAN,D4,25,0,0,Tidak Ada
727,727009,27273009,TEKNIK SIPIL,D3,10,0,0,Tidak Ada
727,727010,27273010,PARIWISATA,D3,10,0,0,Tidak Ada
727,727011,27272011,AKUNTANSI PERPAJAKAN,D4,20,0,0,Tidak Ada
727,727012,27273012,ADMINISTRASI BISNIS,D3,10,0,0,Tidak Ada
727,727013,27272013,TEKNOLOGI REKAYASA MEKATRONIKA,D4,20,0,0,Tidak Ada
727,727014,27273014,TEKNIK KOMPUTER,D3,15,0,0,Tidak Ada
727,727015,27273015,MANAJEMEN PEMASARAN,D3,10,0,0,Tidak Ada
727,727016,27273016,EKOWISATA BAWAH LAUT,D3,5,0,0,Tidak Ada
727,727017,27273017,USAHA PERJALANAN WISATA,D3,5,0,0,Tidak Ada
727,727018,27273018,TEKNIK LISTRIK,D3,15,0,0,Tidak Ada
727,727019,27273019,AKUNTANSI,D3,10,0,0,Tidak Ada
727,727020,27272020,MANAJEMEN PARIWISATA GLOBAL,D4,20,0,0,Tidak Ada
728,728001,27283001,KEPERAWATAN,D3,24,0,0,Tidak Ada
728,728002,27283002,TEKNOLOGI PENANGKAPAN IKAN,D3,8,0,0,Tidak Ada
728,728003,27283003,TEKNOLOGI BUDIDAYA IKAN,D3,8,0,0,Tidak Ada
728,728004,27283004,SISTEM INFORMASI,D3,9,0,0,Tidak Ada
728,728007,27282007,PENGOLAHAN DAN PENYIMPANAN HASIL PERIKANAN,D4,9,0,0,Tidak Ada
731,731001,17311001,PEND. BIOLOGI,S1,35,0,0,Tidak Ada
731,731002,17311002,PEND. MATEMATIKA,S1,45,0,0,Tidak Ada
731,731003,17311003,PEND. FISIKA,S1,50,0,0,Tidak Ada
731,731004,17311004,PEND. KIMIA,S1,36,0,0,Tidak Ada
731,731005,17311005,AGROTEKNOLOGI,S1,70,0,0,Tidak Ada
731,731006,17311006,KEHUTANAN,S1,85,0,0,Tidak Ada
731,731007,17311007,AGRIBISNIS,S1,70,0,0,Tidak Ada
731,731008,17311008,PETERNAKAN,S1,75,0,0,Tidak Ada
731,731009,17311009,TEKNIK SIPIL,S1,60,0,0,Tidak Ada
731,731010,17311010,TEKNIK ARSITEKTUR,S1,36,0,0,Tidak Ada
731,731011,17311011,TEKNIK MESIN,S1,36,0,0,Tidak Ada
731,731012,17311012,TEKNIK ELEKTRO,S1,36,0,0,Tidak Ada
731,731013,17311013,FISIKA,S1,20,0,0,Tidak Ada
731,731014,17311014,MATEMATIKA,S1,15,0,0,Tidak Ada
731,731015,17311015,KIMIA,S1,32,0,0,Tidak Ada
731,731016,17311016,BIOLOGI,S1,24,0,0,Tidak Ada
731,731017,17311017,KEDOKTERAN,S1,41,0,0,Tidak Ada
731,731018,17311018,KESEHATAN MASYARAKAT,S1,50,0,0,Tidak Ada
731,731019,17311019,AKUAKULTUR,S1,45,0,0,Tidak Ada
731,731020,17311020,FARMASI,S1,30,0,0,Tidak Ada
731,731021,17311021,TEKNIK INFORMATIKA,S1,48,0,0,Tidak Ada
731,731022,17311022,STATISTIKA,S1,24,0,0,Tidak Ada
731,731023,17311023,TEKNIK GEOLOGI,S1,36,0,0,Tidak Ada
731,731024,17311024,PERENCANAAN WILAYAH DAN KOTA,S1,36,0,0,Tidak Ada
731,731025,17311025,GIZI,S1,20,0,0,Tidak Ada
731,731026,17311026,TEKNIK GEO FISIKA,S1,15,0,0,Tidak Ada
731,731027,17311027,AGROTEKNOLOGI (PSDKU MOROWALI),S1,12,0,0,Tidak Ada
731,731028,17311028,TEKNIK SIPIL (PSDKU MOROWALI),S1,10,0,0,Tidak Ada
731,731029,17311029,AGROTEKNOLOGI (PSDKU TOUNA),S1,12,0,0,Tidak Ada
731,731030,17311030,TEKNIK SIPIL (PSDKU TOUNA),S1,10,0,0,Tidak Ada
731,731031,17311031,TEKNIK LINGKUNGAN,S1,36,0,0,Tidak Ada
731,731032,17311032,SISTEM INFORMASI,S1,36,0,0,Tidak Ada
731,731033,17311033,PEND. BAHASA INDONESIA,S1,50,0,0,Tidak Ada
731,731034,17311034,PEND. BAHASA INGGRIS,S1,75,0,0,Tidak Ada
731,731035,17311035,PEND. PANCASILA DAN KEWARGANEGARAAN,S1,45,0,0,Tidak Ada
731,731036,17311036,PEND. SEJARAH,S1,70,0,0,Tidak Ada
731,731037,17311037,BIMBINGAN DAN KONSELING,S1,45,0,0,Tidak Ada
731,731038,17311038,PEND. GURU SEKOLAH DASAR,S1,75,0,0,Tidak Ada
731,731039,17311039,PEND. GURU PAUD,S1,50,0,0,Tidak Ada
731,731040,17311040,ADMINISTRASI PUBLIK,S1,40,0,0,Tidak Ada
731,731041,17311041,SOSIOLOGI,S1,30,0,0,Tidak Ada
731,731042,17311042,ANTROPOLOGI,S1,30,0,0,Tidak Ada
731,731043,17311043,ILMU PEMERINTAHAN,S1,40,0,0,Tidak Ada
731,731044,17311044,ILMU KOMUNIKASI,S1,40,0,0,Tidak Ada
731,731045,17311045,EKONOMI PEMBANGUNAN,S1,40,0,0,Tidak Ada
731,731046,17311046,EKONOMI MANAJEMEN,S1,50,0,0,Tidak Ada
731,731047,17311047,EKONOMI AKUNTANSI,S1,50,0,0,Tidak Ada
731,731048,17311048,ILMU HUKUM,S1,175,0,0,Tidak Ada
731,731049,17311049,"PEND. JASMANI, KESEHATAN DAN REKREASI",S1,60,0,1,Olahraga
731,731050,17311050,PEND. GEOGRAFI,S1,35,0,0,Tidak Ada
731,731051,17311051,MANAJEMEN (PSDKU MOROWALI),S1,30,0,0,Tidak Ada
731,731052,17311052,MANAJEMEN (PSDKU TOUNA),S1,50,0,0,Tidak Ada
731,731054,17313054,KEPERAWATAN,D3,26,0,0,Tidak Ada
731,731055,17313055,MANAJEMEN PEMASARAN,D3,10,0,0,Tidak Ada
731,731058,17312058,TEKNOLOGI REKAYASA MANUFAKTUR,D4,32,0,0,Tidak Ada
731,731059,17312059,TEKNOLOGI REKAYASA INSTALASI LISTRIK,D4,32,0,0,Tidak Ada
731,731060,17312060,AKUNTANSI SEKTOR PUBLIK,D4,28,0,0,Tidak Ada
731,731061,17311061,PENDIDIKAN ILMU PENGETAHUAN ALAM,S1,20,0,0,Tidak Ada
731,731062,17311062,SUMBER DAYA AKUATIK,S1,30,0,0,Tidak Ada
731,731063,17312063,TEKNOLOGI REKAYASA KONSTRUKSI JALAN DAN JEMBATAN,D4,32,0,0,Tidak Ada
731,731064,17311064,PROTEKSI TANAMAN,S1,24,0,0,Tidak Ada
731,731065,17311065,SOSIAL EKONOMI PETERNAKAN,S1,30,0,0,Tidak Ada
731,731066,17311066,ILMU KELAUTAN,S1,21,0,0,Tidak Ada
731,731067,17311067,SAINS DATA,S1,20,1,0,Tidak Ada
731,731068,17311068,PENDIDIKAN KEPELATIHAN OLAHRAGA,S1,30,1,1,Olahraga
732,732001,17321001,INFORMATIKA,S1,38,0,0,Tidak Ada
732,732002,17321002,ARSITEKTUR,S1,21,0,0,Tidak Ada
732,732003,17321003,SISTEM INFORMASI,S1,27,0,0,Tidak Ada
741,741001,17411001,AGRIBISNIS ,S1,70,0,0,Tidak Ada
741,741002,17411002,KEHUTANAN ,S1,34,0,0,Tidak Ada
741,741003,17411003,KEPERAWATAN ,S1,48,0,0,Tidak Ada
741,741004,17411004,TEKNIK SIPIL,S1,54,0,0,Tidak Ada
741,741005,17411005,INFORMATIKA,S1,48,0,0,Tidak Ada
741,741006,17411006,MATEMATIKA ,S1,14,0,0,Tidak Ada
741,741007,17411007,PEND. MATEMATIKA,S1,42,0,0,Tidak Ada
741,741008,17411008,PEND. BIOLOGI,S1,42,0,0,Tidak Ada
741,741009,17411009,PEND. FISIKA,S1,20,0,0,Tidak Ada
741,741010,17411010,PETERNAKAN,S1,42,0,0,Tidak Ada
741,741011,17411011,AKUAKULTUR,S1,20,0,0,Tidak Ada
741,741012,17411012,PERIKANAN TANGKAP,S1,28,0,0,Tidak Ada
741,741013,17411013,AGROEKOTEKNOLOGI,S1,28,0,0,Tidak Ada
741,741014,17411014,PERENCANAAN WILAYAH DAN KOTA,S1,48,0,0,Tidak Ada
741,741015,17411015,STATISTIKA,S1,28,0,0,Tidak Ada
741,741016,17411016,GIZI,S1,32,0,0,Tidak Ada
741,741017,17411017,ADMINISTRASI KESEHATAN,S1,42,0,0,Tidak Ada
741,741018,17411018,TEKNOLOGI HASIL PERTANIAN,S1,28,0,0,Tidak Ada
741,741019,17411019,MANAJEMEN ,S1,98,0,0,Tidak Ada
741,741020,17411020,AKUNTANSI ,S1,98,0,0,Tidak Ada
741,741021,17411021,ILMU POLITIK,S1,42,0,0,Tidak Ada
741,741022,17411022,HUBUNGAN INTERNASIONAL,S1,42,0,0,Tidak Ada
741,741023,17411023,HUKUM,S1,60,0,0,Tidak Ada
741,741024,17411024,PEND. BHS. INGGRIS,S1,42,0,0,Tidak Ada
741,741026,17411026,PENDIDIKAN GURU SEKOLAH DASAR (PGSD) ,S1,70,0,0,Tidak Ada
741,741027,17411027,PENDIDIKAN ILMU PENGETAHUAN ALAM (IPA),S1,42,0,0,Tidak Ada
741,741028,17411028,SISTEM INFORMASI,S1,16,0,0,Tidak Ada
741,741029,17411029,SUMBER DAYA AKUATIK,S1,14,0,0,Tidak Ada
741,741030,17412030,KESELAMATAN DAN KESEHATAN KERJA,D4,24,0,0,Tidak Ada
741,741031,17412031,TERAPI GIGI,D4,24,0,0,Tidak Ada
741,741032,17411032,PENDIDIKAN TEKNOLOGI INFORMASI,S1,28,0,0,Tidak Ada
741,741033,17411033,BIOTEKNOLOGI,S1,12,0,0,Tidak Ada
741,741034,17413034,FARMASI,D3,24,0,0,Tidak Ada
741,741035,17411035,BISNIS DIGITAL,S1,28,0,0,Tidak Ada
741,741036,17411036,ILMU AKTUARIA,S1,14,0,0,Tidak Ada
741,741037,17411037,ARSITEKTUR,S1,14,0,0,Tidak Ada
741,741038,17411038,KEDOKTERAN,S1,10,0,0,Tidak Ada
741,741039,17411039,PENDIDIKAN GURU PENDIDIKAN ANAK USIA DINI,S1,16,1,0,Tidak Ada
751,751001,17511001,AGRIBISNIS,S1,30,0,0,Tidak Ada
751,751002,17511002,AGROTEKNOLOGI / AGROEKOTEKNOLOGI,S1,24,0,0,Tidak Ada
751,751003,17511003,PETERNAKAN,S1,60,0,0,Tidak Ada
751,751004,17511004,MANAJEMEN SUMBERDAYA PERAIRAN,S1,23,0,0,Tidak Ada
751,751005,17511005,BUDIDAYA PERAIRAN,S1,23,0,0,Tidak Ada
751,751006,17511006,MATEMATIKA,S1,18,0,0,Tidak Ada
751,751007,17511007,FISIKA,S1,18,0,0,Tidak Ada
751,751008,17511008,KIMIA,S1,24,0,0,Tidak Ada
751,751009,17511009,BIOLOGI,S1,24,0,0,Tidak Ada
751,751010,17511010,ILMU KESEHATAN MASYARAKAT,S1,110,0,0,Tidak Ada
751,751011,17511011,PENDIDIKAN MATEMATIKA,S1,33,0,0,Tidak Ada
751,751012,17511012,PENDIDIKAN BIOLOGI,S1,27,0,0,Tidak Ada
751,751013,17511013,PENDIDIKAN FISIKA,S1,30,0,0,Tidak Ada
751,751014,17511014,PENDIDIKAN KIMIA,S1,27,0,0,Tidak Ada
751,751015,17511015,TEKNIK SIPIL,S1,30,0,0,Tidak Ada
751,751016,17511016,TEKNIK ARSITEKTUR,S1,24,0,0,Tidak Ada
751,751017,17511017,TEKNIK MESIN,S1,24,0,0,Tidak Ada
751,751018,17511018,TEKNIK ELEKTRO,S1,30,0,0,Tidak Ada
751,751019,17511019,TEKNIK INFORMATIKA,S1,30,0,0,Tidak Ada
751,751020,17511020,PENDIDIKAN DOKTER,S1,36,0,0,Tidak Ada
751,751021,17511021,KEHUTANAN,S1,45,0,0,Tidak Ada
751,751022,17511022,ILMU DAN TEKNOLOGI PANGAN,S1,30,0,0,Tidak Ada
751,751023,17511023,FARMASI,S1,75,0,0,Tidak Ada
751,751024,17511024,AGROBISNIS PERIKANAN,S1,23,0,0,Tidak Ada
751,751025,17511025,TEKNIK GEOFISIKA,S1,23,0,0,Tidak Ada
751,751026,17511026,TEKNIK GEOLOGI,S1,29,0,0,Tidak Ada
751,751027,17511027,ILMU KELAUTAN,S1,23,0,0,Tidak Ada
751,751028,17511028,ILMU LINGKUNGAN,S1,36,0,0,Tidak Ada
751,751029,17511029,TEKNIK PERTAMBANGAN,S1,29,0,0,Tidak Ada
751,751030,17511030,TEKNOLOGI HASIL PERIKANAN,S1,17,0,0,Tidak Ada
751,751031,17511031,GEOGRAFI,S1,24,0,0,Tidak Ada
751,751032,17511032,ILMU TANAH,S1,18,0,0,Tidak Ada
751,751033,17511033,PROTEKSI TANAMAN,S1,18,0,0,Tidak Ada
751,751034,17511034,PENYULUHAN PERTANIAN,S1,30,0,0,Tidak Ada
751,751035,17511035,BIOTEKNOLOGI,S1,24,0,0,Tidak Ada
751,751036,17511036,ILMU KEOLAHRAGAAN,S1,36,0,1,Olahraga
751,751037,17511037,OSEANOGRAFI,S1,17,0,0,Tidak Ada
751,751038,17511038,PERIKANAN TANGKAP,S1,17,0,0,Tidak Ada
751,751039,17511039,STATISTIKA,S1,29,0,0,Tidak Ada
751,751040,17511040,ILMU KOMPUTER,S1,29,0,0,Tidak Ada
751,751041,17511041,REKAYASA INFRASTRUKTUR DAN LINGKUNGAN,S1,24,0,0,Tidak Ada
751,751042,17511042,TEKNIK KELAUTAN,S1,24,0,0,Tidak Ada
751,751043,17511043,GIZI,S1,29,0,0,Tidak Ada
751,751044,17511044,PENDIDIKAN VOKASIONAL TEKNIK,S1,29,0,0,Tidak Ada
751,751045,17511045,KEPERAWATAN,S1,15,0,0,Tidak Ada
751,751046,17511046,EKONOMI PEMBANGUNAN,S1,80,0,0,Tidak Ada
751,751047,17511047,MANAJEMEN,S1,80,0,0,Tidak Ada
751,751048,17511048,AKUTANSI,S1,72,0,0,Tidak Ada
751,751049,17511049,ILMU ADMINISTRASI NEGARA,S1,52,0,0,Tidak Ada
751,751050,17511050,SOSIOLOGI,S1,39,0,0,Tidak Ada
751,751051,17511051,ANTROPOLOGI SOSIAL,S1,35,0,0,Tidak Ada
751,751052,17511052,ILMU KOMUNIKASI,S1,52,0,0,Tidak Ada
751,751053,17511053,ILMU HUKUM,S1,120,0,0,Tidak Ada
751,751054,17511054,PENDIDIKAN SEJARAH,S1,30,0,0,Tidak Ada
751,751055,17511055,PENDIDIKAN EKONOMI,S1,33,0,0,Tidak Ada
751,751056,17511056,PEND. PANCASILA & KEWARGANEGARAAN,S1,30,0,0,Tidak Ada
751,751057,17511057,"PEND. JASMANI, KESEHATAN DAN REKREASI",S1,30,0,1,Olahraga
751,751058,17511058,"PEND. BAHASA, SASTRA INDO. & DAERAH",S1,36,0,0,Tidak Ada
751,751059,17511059,PENDIDIKAN BAHASA INGGRIS,S1,41,0,0,Tidak Ada
751,751060,17511060,PEND. GURU SEKOLAH DASAR (PGSD) S1,S1,54,0,0,Tidak Ada
751,751061,17511061,PENDIDIKAN ANAK USIA DINI (PG-PAUD),S1,30,0,0,Tidak Ada
751,751062,17511062,PENDIDIKAN BIMBINGAN DAN KONSELING,S1,30,0,0,Tidak Ada
751,751063,17511063,ADMINISTRASI BISNIS,S1,52,0,0,Tidak Ada
751,751064,17511064,ARKEOLOGI,S1,18,0,0,Tidak Ada
751,751066,17511066,ILMU KESEJAHTERAAN SOSIAL,S1,39,0,0,Tidak Ada
751,751067,17511067,ILMU SEJARAH,S1,36,0,0,Tidak Ada
751,751068,17511068,JURNALISTIK,S1,39,0,0,Tidak Ada
751,751069,17511069,PENDIDIKAN GEOGRAFI,S1,33,0,0,Tidak Ada
751,751070,17511070,SASTRA INDONESIA,S1,41,0,0,Tidak Ada
751,751071,17511071,SASTRA INGGRIS,S1,48,0,0,Tidak Ada
751,751072,17511072,TRADISI LISAN,S1,20,0,0,Tidak Ada
751,751073,17511073,PSIKOLOGI,S1,29,0,0,Tidak Ada
751,751074,17511074,ILMU POLITIK,S1,46,0,0,Tidak Ada
751,751075,17511075,PENDIDIKAN AKUNTANSI,S1,35,0,0,Tidak Ada
751,751076,17511076,SASTRA PRANCIS,S1,14,0,0,Tidak Ada
751,751077,17511077,PERPUSTAKAAN DAN ILMU INFORMASI,S1,39,0,0,Tidak Ada
751,751078,17511078,ILMU PEMERINTAHAN,S1,46,0,0,Tidak Ada
751,751079,17513079,TEKNIK SIPIL,D3,21,0,0,Tidak Ada
751,751080,17513080,TEKNIK ELEKTRONIKA,D3,24,0,0,Tidak Ada
751,751081,17513081,STATISTIKA,D3,18,0,0,Tidak Ada
751,751082,17513082,TEKNIK ARSITEKTUR,D3,21,0,0,Tidak Ada
751,751083,17513083,TEKNIK MESIN,D3,27,0,0,Tidak Ada
751,751084,17511084,NUTRISI DAN TEKNOLOGI PAKAN TERNAK,S1,18,1,0,Tidak Ada
752,752001,17521001,PENDIDIKAN MATEMATIKA,S1,45,0,0,Tidak Ada
752,752002,17521002,PENDIDIKAN FISIKA,S1,25,0,0,Tidak Ada
752,752003,17521003,PENDIDIKAN BIOLOGI,S1,30,0,0,Tidak Ada
752,752004,17521004,PENDIDIKAN KIMIA,S1,17,0,0,Tidak Ada
752,752007,17521007,AGROTEKNOLOGI,S1,40,0,0,Tidak Ada
752,752008,17521008,SISTEM INFORMASI,S1,40,0,0,Tidak Ada
752,752009,17521009,TEKNIK ELEKTRO,S1,28,0,0,Tidak Ada
752,752010,17521010,AGRIBISNIS,S1,40,0,0,Tidak Ada
752,752011,17521011,KESEHATAN MASYARAKAT,S1,45,0,0,Tidak Ada
752,752012,17521012,MANAJAMEN SUMBERDAYA PERAIRAN,S1,30,0,0,Tidak Ada
752,752013,17521013,PETERNAKAN,S1,30,0,0,Tidak Ada
752,752014,17521014,BUDIDAYA PERAIRAN,S1,34,0,0,Tidak Ada
752,752015,17521015,KEPERAWATAN,S1,45,0,0,Tidak Ada
752,752016,17521016,TEKNOLOGI HASIL PERIKANAN,S1,30,0,0,Tidak Ada
752,752017,17521017,TEKNIK SIPIL,S1,30,0,0,Tidak Ada
752,752018,17521018,TEKNIK ARSITEKTUR,S1,30,0,0,Tidak Ada
752,752019,17521019,FARMASI,S1,30,0,0,Tidak Ada
752,752020,17521020,TEKNIK GEOLOGI,S1,30,0,0,Tidak Ada
752,752021,17521021,PENDIDIKAN VOKASIONAL KONSTRUKSI BANGUNAN,S1,7,0,0,Tidak Ada
752,752022,17521022,PENDIDIKAN TEKNOLOGI INFORMASI,S1,40,0,0,Tidak Ada
752,752023,17521023,TEKNIK INDUSTRI,S1,36,0,0,Tidak Ada
752,752024,17521024,ILMU TEKNOLOGI PANGAN,S1,30,0,0,Tidak Ada
752,752026,17521026,PENDIDIKAN TEKNIK MESIN,S1,36,0,0,Tidak Ada
752,752027,17521027,KIMIA,S1,29,0,0,Tidak Ada
752,752028,17521028,BIOLOGI,S1,29,0,0,Tidak Ada
752,752029,17521029,FISIKA,S1,15,0,0,Tidak Ada
752,752030,17521030,MATEMATIKA,S1,25,0,0,Tidak Ada
752,752031,17521031,STATISTIKA,S1,26,0,0,Tidak Ada
752,752032,17521032,PENDIDIKAN ILMU PENGETAHUAN ALAM,S1,30,0,0,Tidak Ada
752,752033,17521033,KEDOKTERAN,S1,21,0,0,Tidak Ada
752,752034,17522034,TEKNOLOGI REKAYASA PERANGKAT LUNAK,D4,20,0,0,Tidak Ada
752,752035,17522035,TEKNOLOGI REKAYASA ENERGI TERBARUKAN,D4,22,0,0,Tidak Ada
752,752036,17522036,ARSITEKTUR BANGUNAN GEDUNG,D4,22,0,0,Tidak Ada
752,752037,17521037,PERENCANAAN WILAYAH DAN KOTA,S1,24,0,0,Tidak Ada
752,752038,17521038,PENDIDIKAN SEJARAH,S1,27,0,0,Tidak Ada
752,752039,17521039,PENDIDIKAN PANCASLA DAN KEWARGANEGARAAN,S1,50,0,0,Tidak Ada
752,752040,17521040,PENDIDIKAN EKONOMI,S1,75,0,0,Tidak Ada
752,752041,17521041,PENDIDIKAN JASMANI KESEHATAN DAN REKREASI,S1,50,0,1,Olahraga
752,752042,17521042,PENDIDIKAN BAHASA DAN SASTRA INDONESIA,S1,42,0,0,Tidak Ada
752,752043,17521043,PENDIDIKAN BAHASA INGGRIS,S1,60,0,0,Tidak Ada
752,752044,17521044,PENDIDIKAN GURU SD,S1,96,0,0,Tidak Ada
752,752045,17521045,PENDIDIKAN ANAK USIA DINI,S1,58,0,0,Tidak Ada
752,752046,17521046,PENDIDIKAN SENDRATASIK,S1,15,0,3,Sendratasik
752,752047,17521047,BIMBINGAN DAN KONSELING,S1,42,0,0,Tidak Ada
752,752048,17521048,PENDIDIKAN MASYARAKAT,S1,26,0,0,Tidak Ada
752,752049,17521049,MANAJEMEN PENDIDIKAN,S1,48,0,0,Tidak Ada
752,752050,17521050,ILMU HUKUM,S1,113,0,0,Tidak Ada
752,752051,17521051,AKUNTANSI,S1,61,0,0,Tidak Ada
752,752052,17521052,MANAJEMEN,S1,65,0,0,Tidak Ada
752,752053,17521053,PENDIDIKAN KEPELATIHAN OLAHRAGA,S1,45,0,1,Olahraga
752,752054,17521054,SOSIOLOGI,S1,50,0,0,Tidak Ada
752,752055,17521055,ILMU KOMUNIKASI,S1,60,0,0,Tidak Ada
752,752056,17521056,EKONOMI PEMBANGUNAN,S1,36,0,0,Tidak Ada
752,752057,17521057,ADMINISTRASI PUBLIK,S1,40,0,0,Tidak Ada
752,752058,17521058,PENDIDIKAN GEOGRAFI,S1,30,0,0,Tidak Ada
752,752059,17521059,PENDIDIKAN SENI RUPA,S1,20,0,2,"Seni Rupa, Desain, dan Kriya"
752,752060,17523060,FARMASI,D3,27,0,0,Tidak Ada
752,752061,17523061,PARIWISATA,D3,20,0,0,Tidak Ada
752,752062,17521062,PSIKOLOGI,S1,33,0,0,Tidak Ada
752,752063,17522063,AGRIBISNIS PERIKANAN,D4,22,0,0,Tidak Ada
752,752064,17521064,TEKNIK KOMPUTER,S1,40,0,0,Tidak Ada
752,752065,17521065,ILMU KELAUTAN,S1,20,0,0,Tidak Ada
752,752066,17521066,ILMU LINGKUNGAN,S1,15,0,0,Tidak Ada
752,752067,17521067,TEKNOLOGI PENANGKAPAN IKAN,S1,15,0,0,Tidak Ada
752,752068,17521068,PENDIDIKAN KHUSUS,S1,21,1,0,Tidak Ada
752,752069,17521069,PENDIDIKAN VOKASIONAL REKAYASA ELEKTRO,S1,12,1,0,Tidak Ada
753,753001,17531001,PENDIDIKAN MATEMATIKA,S1,18,0,0,Tidak Ada
753,753002,17531002,SISTEM INFORMASI,S1,38,0,0,Tidak Ada
753,753003,17531003,TEKNIK SIPIL,S1,25,0,0,Tidak Ada
753,753004,17531004,TEKNIK PERTAMBANGAN,S1,33,0,0,Tidak Ada
753,753005,17531005,AGRIBISNIS,S1,9,0,0,Tidak Ada
753,753006,17531006,AGROTEKNOLOGI,S1,8,0,0,Tidak Ada
753,753007,17531007,PETERNAKAN,S1,9,0,0,Tidak Ada
753,753008,17531008,ILMU PERIKANAN,S1,9,0,0,Tidak Ada
753,753009,17531009,PENDIDIKAN BIOLOGI,S1,18,0,0,Tidak Ada
753,753010,17531010,PENDIDIKAN KIMIA,S1,9,0,0,Tidak Ada
753,753011,17531011,TEKNOLOGI HASIL PERTANIAN,S1,8,0,0,Tidak Ada
753,753012,17531012,KIMIA,S1,9,0,0,Tidak Ada
753,753013,17531013,ILMU KOMPUTER,S1,34,0,0,Tidak Ada
753,753014,17531014,FARMASI,S1,28,0,0,Tidak Ada
753,753015,17531015,PENDIDIKAN FISIKA,S1,9,0,0,Tidak Ada
753,753016,17531016,ILMU KELAUTAN,S1,9,0,0,Tidak Ada
753,753017,17531017,TEKNIK MESIN,S1,13,0,0,Tidak Ada
753,753018,17531018,TEKNIK PERKAPALAN,S1,13,0,0,Tidak Ada
753,753019,17531019,MATEMATIKA,S1,10,0,0,Tidak Ada
753,753020,17531020,HUKUM,S1,45,0,0,Tidak Ada
753,753021,17531021,ADMINISTRASI PUBLIK,S1,25,0,0,Tidak Ada
753,753022,17531022,PENDIDIKAN BAHASA INDONESIA,S1,20,0,0,Tidak Ada
753,753023,17531023,PENDIDIKAN BAHASA INGGRIS,S1,20,0,0,Tidak Ada
753,753024,17531024,PENDIDIKAN GEOGRAFI,S1,20,0,0,Tidak Ada
753,753025,17531025,AKUNTANSI,S1,23,0,0,Tidak Ada
753,753026,17531026,PENDIDIKAN PANCASILA DAN KEWARGANEGARAAN,S1,20,0,0,Tidak Ada
753,753027,17531027,MANAJEMEN,S1,23,0,0,Tidak Ada
753,753028,17531028,PENDIDIKAN JASMANI,S1,31,0,1,Olahraga
753,753029,17531029,EKONOMI PEMBANGUNAN,S1,20,0,0,Tidak Ada
753,753030,17533030,KEPERAWATAN,D3,20,0,0,Tidak Ada
753,753031,17531031,GIZI,S1,15,1,0,Tidak Ada
811,811001,18111001,PEND. BIOLOGI,S1,28,0,0,Tidak Ada
811,811002,18111002,PEND. FISIKA,S1,24,0,0,Tidak Ada
811,811003,18111003,PEND. MATEMATIKA,S1,24,0,0,Tidak Ada
811,811004,18111004,PEND. KIMIA,S1,19,0,0,Tidak Ada
811,811005,18111005,AGRIBISNIS,S1,18,0,0,Tidak Ada
811,811006,18111006,AGROTEKNOLOGI,S1,10,0,0,Tidak Ada
811,811007,18111007,TEK. HASIL PERTANIAN,S1,9,0,0,Tidak Ada
811,811008,18111008,KEHUTANAN,S1,22,0,0,Tidak Ada
811,811009,18111009,PETERNAKAN,S1,10,0,0,Tidak Ada
811,811010,18111010,TEKNIK PERKAPALAN,S1,15,0,0,Tidak Ada
811,811011,18111011,TEKNIK SISTIM PERKAPALAN,S1,12,0,0,Tidak Ada
811,811012,18111012,TEKNIK  MESIN,S1,33,0,0,Tidak Ada
811,811013,18111013,TEKNIK INDUSTRI,S1,30,0,0,Tidak Ada
811,811014,18111014,MAJEMEN SUMB.PERAIRAN,S1,18,0,0,Tidak Ada
811,811015,18111015,IL. KELAUTAN,S1,21,0,0,Tidak Ada
811,811016,18111016,BUDIDAYA PERAIRAN,S1,18,0,0,Tidak Ada
811,811017,18111017,PEMANFAATAN SD PERIKANAN,S1,22,0,0,Tidak Ada
811,811018,18111018,TEK. HASIL PERIKANAN,S1,24,0,0,Tidak Ada
811,811019,18111019,AGROBISNIS PERIKANAN,S1,24,0,0,Tidak Ada
811,811020,18111020,MATEMATIKA,S1,15,0,0,Tidak Ada
811,811021,18111021,FISIKA,S1,15,0,0,Tidak Ada
811,811022,18111022,KIMIA,S1,12,0,0,Tidak Ada
811,811023,18111023,BIOLOGI,S1,18,0,0,Tidak Ada
811,811024,18111024,PENDIDIKAN DOKTER,S1,45,0,0,Tidak Ada
811,811025,18111025,PERENCANAAN WILAYAH DAN KOTA,S1,34,0,0,Tidak Ada
811,811026,18111026,TEKNIK SIPIL,S1,34,0,0,Tidak Ada
811,811027,18111027,PEMULIAAN TANAMAN,S1,6,0,0,Tidak Ada
811,811028,18111028,ILMU TANAH,S1,6,0,0,Tidak Ada
811,811029,18111029,TEKNIK GEOLOGI,S1,15,0,0,Tidak Ada
811,811030,18111030,STATISTIKA,S1,30,0,0,Tidak Ada
811,811031,18111031,PETERNAKAN (PSDKU KAB. MBD),S1,9,0,0,Tidak Ada
811,811032,18111032,PENDIDIKAN MATEMATIKA (PSDKU KAB. MBD),S1,12,0,0,Tidak Ada
811,811033,18111033,PENDIDIKAN MATEMATIKA (PSDKU KAB. ARU),S1,12,0,0,Tidak Ada
811,811034,18111034,TEKNIK GEOFISIKA,S1,15,0,0,Tidak Ada
811,811035,18111035,TEKNIK PERMINYAKAN,S1,15,0,0,Tidak Ada
811,811036,18111036,TEKNIK KIMIA,S1,12,0,0,Tidak Ada
811,811037,18111037,TEKNIK TRANSPORTASI LAUT,S1,15,0,0,Tidak Ada
811,811038,18111038,IL. HUKUM,S1,185,0,0,Tidak Ada
811,811039,18111039,IL. ADM. NEGARA,S1,57,0,0,Tidak Ada
811,811040,18111040,IL. PEMERINTAHAN,S1,54,0,0,Tidak Ada
811,811041,18111041,SOSIOLOGI,S1,45,0,0,Tidak Ada
811,811042,18111042,MANAJEMEN,S1,123,0,0,Tidak Ada
811,811043,18111043,EKONOMI PEMBANGUNAN,S1,45,0,0,Tidak Ada
811,811044,18111044,AKUNTANSI,S1,120,0,0,Tidak Ada
811,811045,18111045,PENDIDIKAN SEJARAH,S1,37,0,0,Tidak Ada
811,811046,18111046,PENDIDIKAN GEOGRAFI,S1,36,0,0,Tidak Ada
811,811047,18111047,PENDIDIKAN EKONOMI,S1,28,0,0,Tidak Ada
811,811048,18111048,PPKN,S1,30,0,0,Tidak Ada
811,811049,18111049,PEND. BAHASA INDONESIA,S1,32,0,0,Tidak Ada
811,811050,18111050,PEND. BAHASA INGGRIS,S1,40,0,0,Tidak Ada
811,811051,18111051,PEND. BAHASA JERMAN,S1,9,0,0,Tidak Ada
811,811052,18111052,PENJASKESREK,S1,34,0,1,Olahraga
811,811053,18111053,BIMBINGAN KONSELING,S1,22,0,0,Tidak Ada
811,811054,18111054,PEND. LUAR  SEKOLAH,S1,19,0,0,Tidak Ada
811,811055,18111055,PGSD S1,S1,67,0,0,Tidak Ada
811,811056,18111056,ILMU KOMUNIKASI,S1,60,0,0,Tidak Ada
811,811057,18111057,PENYULUHAN PERTANIAN,S1,9,0,0,Tidak Ada
811,811058,18111058,ILMU HUKUM (PSDKU KAB. MBD),S1,15,0,0,Tidak Ada
811,811059,18111059,AKUNTANSI (PSDKU KAB. MBD),S1,15,0,0,Tidak Ada
811,811060,18111060,PEND. GURU SEKOLAH DASAR (PSDKU KAB. MBD),S1,21,0,0,Tidak Ada
811,811061,18111061,PEND. BAHASA INGGRIS (PSDKU KAB. MBD),S1,12,0,0,Tidak Ada
811,811062,18111062,ILMU HUKUM (PSDKU KAB. ARU),S1,15,0,0,Tidak Ada
811,811063,18111063,AKUNTANSI (PSDKU KAB. ARU),S1,15,0,0,Tidak Ada
811,811064,18111064,PEND. GURU SEKOLAH DASAR (PSDKU KAB. ARU),S1,21,0,0,Tidak Ada
811,811065,18111065,PEND. BAHASA INGGRIS (PSDKU KAB. ARU),S1,12,0,0,Tidak Ada
811,811066,18111066,"PEND. JASMANI, KESEHATAN, DAN REKREASI (PSDKU KAB. ARU)",S1,19,0,1,Olahraga
811,811067,18111067,ADMINISTRASI PENDIDIKAN,S1,15,0,0,Tidak Ada
811,811068,18111068,ILMU LINGKUNGAN,S1,6,0,0,Tidak Ada
811,811069,18111069,BIOTEKNOLOGI,S1,15,0,0,Tidak Ada
811,811070,18111070,PENDIDIKAN AKUNTANSI,S1,16,0,0,Tidak Ada
811,811071,18111071,ILMU KOMPUTER,S1,30,0,0,Tidak Ada
811,811072,18111072,PENGELOLAAN HUTAN,S1,6,0,0,Tidak Ada
811,811073,18111073,FARMASI,S1,30,0,0,Tidak Ada
811,811074,18111074,SAINS BIOMEDIS,S1,15,0,0,Tidak Ada
811,811075,18111075,KESELAMATAN DAN KESEHATAN KERJA,S1,9,0,0,Tidak Ada
811,811076,18111076,REKAYASA INSTRUMENTASI DAN OTOMASI,S1,6,0,0,Tidak Ada
811,811077,18111077,PERDAGANGAN INTERNASIONAL,S1,6,1,0,Tidak Ada
811,811078,18111078,KEWIRAUSAHAAN,S1,4,1,0,Tidak Ada
811,811079,18111079,GIZI,S1,9,1,0,Tidak Ada
811,811080,18111080,PENDIDIKAN GURU PENDIDIKAN ANAK USIA DINI,S1,9,1,0,Tidak Ada
811,811081,18111081,PEMBANGUNAN SOSIAL,S1,9,1,0,Tidak Ada
811,811082,18111082,OSEANOGRAFI,S1,9,1,0,Tidak Ada
821,821001,18211001,TEKNIK SIPIL,S1,59,0,0,Tidak Ada
821,821002,18211002,TEKNIK MESIN,S1,30,0,0,Tidak Ada
821,821003,18211003,TEKNIK ELEKTRO,S1,36,0,0,Tidak Ada
821,821004,18211004,ARSITEKTUR,S1,36,0,0,Tidak Ada
821,821005,18211005,TEKNOLOGI PERTANIAN,S1,15,0,0,Tidak Ada
821,821006,18211006,PETERNAKAN,S1,15,0,0,Tidak Ada
821,821007,18211007,MANAJEMEN SUMBERDAYA PERAIRAN,S1,18,0,0,Tidak Ada
821,821008,18211008,ILMU KELAUTAN,S1,12,0,0,Tidak Ada
821,821009,18211009,PEMANFAATAN SUMBERDAYA PERAIRAN,S1,12,0,0,Tidak Ada
821,821010,18211010,BUDIDAYA PERAIRAN,S1,12,0,0,Tidak Ada
821,821011,18211011,PEND. MATEMATIKA,S1,29,0,0,Tidak Ada
821,821012,18211012,PEND. BIOLOGI,S1,30,0,0,Tidak Ada
821,821013,18211013,PEND. FISIKA,S1,15,0,0,Tidak Ada
821,821014,18211014,PEND. KIMIA,S1,24,0,0,Tidak Ada
821,821015,18211015,AGROTEKNOLOGI,S1,15,0,0,Tidak Ada
821,821016,18211016,TEKNIK INFORMATIKA,S1,59,0,0,Tidak Ada
821,821017,18211017,KEHUTANAN,S1,21,0,0,Tidak Ada
821,821018,18211018,TEKNIK PERTAMBANGAN,S1,44,0,0,Tidak Ada
821,821019,18211019,AGRIBISNIS,S1,24,0,0,Tidak Ada
821,821020,18211020,PENDIDIKAN DOKTER,S1,29,0,0,Tidak Ada
821,821021,18211021,ILMU TANAH,S1,15,0,0,Tidak Ada
821,821022,18211022,FARMASI,S1,30,0,0,Tidak Ada
821,821023,18211023,ILMU HUKUM,S1,120,0,0,Tidak Ada
821,821024,18211024,EKONOMI PEMBANGUNAN,S1,60,0,0,Tidak Ada
821,821025,18211025,MANAJEMEN,S1,87,0,0,Tidak Ada
821,821026,18211026,ILMU SEJARAH,S1,12,0,0,Tidak Ada
821,821027,18211027,SASTRA INDONESIA,S1,9,0,0,Tidak Ada
821,821028,18211028,SASTRA INGGRIS,S1,36,0,0,Tidak Ada
821,821029,18211029,PPKN,S1,27,0,0,Tidak Ada
821,821030,18211030,PEND. BAHASA INDONESIA,S1,32,0,0,Tidak Ada
821,821031,18211031,PEND. BAHASA INGGRIS,S1,41,0,0,Tidak Ada
821,821032,18211032,AKUNTANSI,S1,72,0,0,Tidak Ada
821,821033,18211033,PEND. GEOGRAFI,S1,23,0,0,Tidak Ada
821,821034,18211034,PGSD S1,S1,62,0,0,Tidak Ada
821,821035,18211035,ANTROPOLOGI SOSIAL,S1,12,0,0,Tidak Ada
821,821036,18211036,PG PAUD,S1,59,0,0,Tidak Ada
821,821037,18213037,USAHA PERJALANAN WISATA,D3,9,0,0,Tidak Ada
821,821038,18211038,PSIKOLOGI,S1,24,0,0,Tidak Ada
821,821039,18211039,TEKNIK INDUSTRI,S1,29,0,0,Tidak Ada
821,821040,18211040,PENDIDIKAN ILMU PENGETAHUAN ALAM,S1,24,0,0,Tidak Ada
831,831001,28312001,TEKNIK INFORMATIKA,D4,27,0,0,Tidak Ada
831,831002,28312002,MANAJEMEN PROYEK KONSTRUKSI,D4,27,0,0,Tidak Ada
831,831003,28312003,TEKNIK KONSTRUKSI JALAN DAN JEMBATAN,D4,27,0,0,Tidak Ada
831,831004,28312004,TEKNIK PRODUKSI MIGAS,D4,18,0,0,Tidak Ada
831,831005,28312005,TEKNOLOGI REKAYASA SISTEM KELISTRIKAN MINYAK DAN GAS,D4,18,0,0,Tidak Ada
831,831006,28312006,TEKNOLOGI REKAYASA SISTEM MEKANIKAL MINYAK DAN GAS,D4,27,0,0,Tidak Ada
831,831007,28312007,ADMINISTRASI BISNIS TERAPAN,D4,36,0,0,Tidak Ada
831,831008,28313008,AKUNTANSI,D3,45,0,0,Tidak Ada
831,831009,28313009,ADMINISTRASI BISNIS,D3,27,0,0,Tidak Ada
831,831010,28313010,TEKNIK SIPIL,D3,27,0,0,Tidak Ada
831,831011,28313011,TEKNIK MESIN,D3,27,0,0,Tidak Ada
831,831012,28313012,TEKNIK LISTRIK,D3,27,0,0,Tidak Ada
831,831013,28312013,AKUNTANSI SEKTOR PUBLIK,D4,36,0,0,Tidak Ada
831,831014,28312014,AKUNTANSI PERPAJAKAN,D4,18,0,0,Tidak Ada
831,831015,28312015,DESTINASI PARIWISATA,D4,18,1,0,Tidak Ada
832,832001,28322001,TEKNOLOGI KELAUTAN,D4,18,0,0,Tidak Ada
832,832002,28322002,BIOTEKNOLOGI PERIKANAN,D4,12,0,0,Tidak Ada
832,832003,28322003,MANAJEMEN REKAYASA PERIKANAN TANGKAP,D4,15,0,0,Tidak Ada
832,832004,28322004,REKAYASA BUDIDAYA LAUT,D4,18,0,0,Tidak Ada
832,832005,28322005,MANAJEMEN REKAYASA PENGOLAHAN HASIL PERIKANAN,D4,15,0,0,Tidak Ada
832,832006,28322006,AGROWISATA BAHARI,D4,18,0,0,Tidak Ada
832,832007,28323007,AGRIBISNIS PERIKANAN,D3,15,0,0,Tidak Ada
832,832008,28323008,TEKNOLOGI PENANGKAPAN IKAN,D3,9,0,0,Tidak Ada
832,832009,28323009,TEKNOLOGI BUDIDAYA PERIKANAN,D3,9,0,0,Tidak Ada
832,832010,28323010,TEKNOLOGI HASIL PERIKANAN,D3,15,0,0,Tidak Ada
911,911001,19111001,MATEMATIKA,S1,10,0,0,Tidak Ada
911,911002,19111002,BIOLOGI,S1,10,0,0,Tidak Ada
911,911003,19111003,KIMIA,S1,10,0,0,Tidak Ada
911,911004,19111004,FISIKA,S1,10,0,0,Tidak Ada
911,911005,19111005,ILMU KESEHATAN MASYARAKAT,S1,125,0,0,Tidak Ada
911,911006,19111006,PEND. MATEMATIKA,S1,25,0,0,Tidak Ada
911,911007,19111007,PEND. BIOLOGI,S1,25,0,0,Tidak Ada
911,911008,19111008,PEND. KIMIA,S1,25,0,0,Tidak Ada
911,911009,19111009,PEND. FISIKA,S1,25,0,0,Tidak Ada
911,911010,19111010,TEKNIK SIPIL,S1,13,0,0,Tidak Ada
911,911011,19111011,TEKNIK ELEKTRO,S1,13,0,0,Tidak Ada
911,911012,19111012,PENDIDIKAN DOKTER,S1,30,0,0,Tidak Ada
911,911013,19111013,ILMU KEPERAWATAN,S1,15,0,0,Tidak Ada
911,911014,19111014,TEKNIK MESIN,S1,13,0,0,Tidak Ada
911,911015,19111015,TEKNIK PERTAMBANGAN,S1,13,0,0,Tidak Ada
911,911016,19111016,ILMU KELAUTAN,S1,10,0,0,Tidak Ada
911,911017,19111017,FARMASI,S1,13,0,0,Tidak Ada
911,911018,19111018,SISTEM INFORMASI,S1,13,0,0,Tidak Ada
911,911019,19111019,TEKNIK GEOFISIKA,S1,10,0,0,Tidak Ada
911,911020,19111020,PERENCANAAN WILAYAH DAN KOTA/PLANOLOGI,S1,13,0,0,Tidak Ada
911,911021,19111021,ILMU KEOLAHRAGAAN,S1,37,0,1,Olahraga
911,911022,19111022,ILMU PERIKANAN,S1,10,0,0,Tidak Ada
911,911023,19111023,STATISTIKA,S1,10,0,0,Tidak Ada
911,911024,19111024,ILMU EKONOMI,S1,62,0,0,Tidak Ada
911,911025,19111025,ILMU ADMINISTRASI NEGARA,S1,20,0,0,Tidak Ada
911,911026,19111026,ANTROPOLOGI SOSIAL,S1,20,0,0,Tidak Ada
911,911027,19111027,ILMU HUKUM,S1,100,0,0,Tidak Ada
911,911028,19111028,MANAJEMEN,S1,62,0,0,Tidak Ada
911,911029,19111029,ILMU KESEJAHTERAAN SOSIAL,S1,20,0,0,Tidak Ada
911,911030,19111030,PEND. PANCASILA & KEWARGANEG.,S1,25,0,0,Tidak Ada
911,911031,19111031,AKUNTANSI,S1,49,0,0,Tidak Ada
911,911032,19111032,ILMU PEMERINTAHAN,S1,20,0,0,Tidak Ada
911,911033,19111033,BIMBINGAN KONSELING,S1,25,0,0,Tidak Ada
911,911035,19111035,PEND. GEOGRAFI,S1,25,0,0,Tidak Ada
911,911036,19111036,PEND. SEJARAH,S1,25,0,0,Tidak Ada
911,911037,19111037,PEND. BHS. SASTRA IND. & DAERAH,S1,25,0,0,Tidak Ada
911,911038,19111038,PEND. BAHASA INGGRIS,S1,25,0,0,Tidak Ada
911,911039,19111039,HUBUNGAN INTERNASIONAL,S1,20,0,0,Tidak Ada
911,911040,19111040,PENDIDIKAN GURU SEKOLAH DASAR,S1,25,0,0,Tidak Ada
911,911041,19111041,PENDIDKAN JASMANI KESEHATAN REKREASI,S1,25,0,1,Olahraga
911,911042,19111042,PG PAUD,S1,25,0,0,Tidak Ada
911,911043,19111043,ILMU PERPUSTAKAAN,S1,20,0,0,Tidak Ada
911,911044,19111044,MANAJEMEN ADMINISTRASI PERKANTORAN,S1,20,0,0,Tidak Ada
911,911045,19111045,MANAJEMEN PENDIDIKAN,S1,25,0,0,Tidak Ada
911,911046,19111046,PENDIDIKAN KEPELATIHAN OLAHRAGA,S1,50,0,1,Olahraga
911,911048,19113048,TEKNIK MINERAL,D3,9,0,0,Tidak Ada
911,911049,19113049,TEKNIK ELEKTRONIKA,D3,9,0,0,Tidak Ada
911,911051,19113051,TEKNIK SIPIL,D3,10,0,0,Tidak Ada
911,911053,19113053,TEKNIK MESIN,D3,9,0,0,Tidak Ada
911,911054,19111054,TEKNIK GEOLOGI,S1,13,0,0,Tidak Ada
911,911055,19111055,TEKNOLOGI PANGAN,S1,10,0,0,Tidak Ada
911,911056,19111056,SOSIOLOGI,S1,20,0,0,Tidak Ada
911,911057,19111057,PSIKOLOGI,S1,10,1,0,Tidak Ada
911,911058,19111058,PARIWISATA,S1,13,1,0,Tidak Ada
912,912001,19121001,TEKNIK ELEKTRO,S1,12,0,0,Tidak Ada
912,912002,19121002,TEKNIK MESIN,S1,12,0,0,Tidak Ada
912,912003,19121003,TEKNIK SIPIL,S1,19,0,0,Tidak Ada
912,912004,19121004,ARSITEKTUR,S1,10,0,0,Tidak Ada
912,912005,19121005,KETEKNIKAN PERTANIAN,S1,12,0,0,Tidak Ada
912,912006,19121006,AGRIBISNIS,S1,16,0,0,Tidak Ada
912,912007,19121007,AGROTEKNOLOGI,S1,12,0,0,Tidak Ada
912,912008,19121008,PETERNAKAN,S1,8,0,0,Tidak Ada
912,912009,19121009,MANAJEMEN SUMBERDAYA PERAIRAN,S1,10,0,0,Tidak Ada
912,912010,19121010,TEKNIK INFORMATIKA,S1,27,0,0,Tidak Ada
912,912011,19121011,SISTEM INFORMASI,S1,20,0,0,Tidak Ada
912,912012,19121012,PENDIDIKAN MATEMATIKA,S1,6,0,0,Tidak Ada
912,912013,19121013,PENDIDIKAN FISIKA,S1,6,0,0,Tidak Ada
912,912014,19121014,PENDIDIKAN KIMIA,S1,6,0,0,Tidak Ada
912,912015,19121015,PENDIDIKAN KOMPUTER,S1,15,0,0,Tidak Ada
912,912016,19121016,EKONOMI PEMBANGUNAN,S1,16,0,0,Tidak Ada
912,912017,19121017,MANAJEMEN,S1,43,0,0,Tidak Ada
912,912018,19121018,AKUNTANSI,S1,24,0,0,Tidak Ada
912,912019,19121019,ILMU ADMINISTRASI NEGARA,S1,40,0,0,Tidak Ada
912,912020,19121020,"PENDIDIKAN JASMANI, KESEHATAN DAN REKREASI",S1,28,0,1,Olahraga
912,912021,19121021,PENDIDIKAN BAHASA DAN SASTRA INDONESIA,S1,20,0,0,Tidak Ada
912,912022,19121022,PENDIDIKAN BAHASA INGGRIS,S1,8,0,0,Tidak Ada
912,912023,19121023,PENDIDIKAN GURU SEKOLAH DASAR,S1,35,0,0,Tidak Ada
912,912024,19121024,PENDIDIKAN GURU PENDIDIKAN ANAK USIA DINI,S1,10,0,0,Tidak Ada
912,912025,19121025,ILMU HUKUM,S1,43,0,0,Tidak Ada
912,912026,19121026,SASTRA INGGRIS,S1,6,0,0,Tidak Ada
912,912027,19121027,PENDIDIKAN EKONOMI,S1,16,0,0,Tidak Ada
912,912028,19121028,PERENCANAAN WILAYAH DAN KOTA,S1,10,0,0,Tidak Ada
912,912029,19121029,TEKNIK SISTEM PERKAPALAN,S1,6,0,0,Tidak Ada
912,912030,19121030,ILMU POLITIK,S1,8,0,0,Tidak Ada
912,912031,19121031,PEMBANGUNAN SOSIAL,S1,6,0,0,Tidak Ada
913,913001,19131001,DESAIN KOMUNIKASI VISUAL,S1,8,0,2,"Seni Rupa, Desain, dan Kriya"
913,913002,19131002,SENI RUPA MURNI,S1,8,0,2,"Seni Rupa, Desain, dan Kriya"
913,913003,19131003,SENI KRIYA,S1,8,0,2,"Seni Rupa, Desain, dan Kriya"
913,913004,19131004,SENI MUSIK,S1,8,0,6,Musik
913,913005,19131005,SENI TARI,S1,8,0,5,Tari
921,921001,19211001,TEKNOLOGI HASIL PERTANIAN,S1,18,0,0,Tidak Ada
921,921002,19211002,MANAJEMEN SUMBERDAYA PERAIRAN,S1,18,0,0,Tidak Ada
921,921003,19211003,ILMU KELAUTAN,S1,18,0,0,Tidak Ada
921,921004,19211004,MATEMATIKA,S1,18,0,0,Tidak Ada
921,921005,19211005,FISIKA,S1,18,0,0,Tidak Ada
921,921006,19211006,BIOLOGI,S1,24,0,0,Tidak Ada
921,921007,19211007,KIMIA,S1,18,0,0,Tidak Ada
921,921008,19211008,AGRIBISNIS,S1,18,0,0,Tidak Ada
921,921009,19211009,AGROTEKNOLOGI,S1,18,0,0,Tidak Ada
921,921010,19211010,PETERNAKAN,S1,18,0,0,Tidak Ada
921,921011,19211011,KEHUTANAN,S1,41,0,0,Tidak Ada
921,921012,19211012,TEKNIK INFORMATIKA,S1,24,0,0,Tidak Ada
921,921013,19211013,TEKNIK PERTAMBANGAN,S1,20,0,0,Tidak Ada
921,921014,19211014,TEKNIK ELEKTRO,S1,18,0,0,Tidak Ada
921,921015,19211015,PENDIDIKAN BIOLOGI,S1,30,0,0,Tidak Ada
921,921016,19211016,PENDIDIKAN MATEMATIKA,S1,30,0,0,Tidak Ada
921,921017,19211017,PENDIDIKAN KIMIA,S1,30,0,0,Tidak Ada
921,921018,19211018,TEKNIK GEOLOGI,S1,18,0,0,Tidak Ada
921,921019,19211019,PENDIDIKAN FISIKA,S1,18,0,0,Tidak Ada
921,921020,19211020,ILMU TANAH,S1,18,0,0,Tidak Ada
921,921021,19211021,NUTRISI DAN TEKNOLOGI PAKAN TERNAK,S1,18,0,0,Tidak Ada
921,921022,19211022,TEKNIK PERTANIAN DAN BIOSISTEM,S1,18,0,0,Tidak Ada
921,921023,19211023,TEKNIK SIPIL,S1,18,0,0,Tidak Ada
921,921024,19211024,EKONOMI PEMBANGUNAN,S1,27,0,0,Tidak Ada
921,921025,19211025,SASTRA INGGRIS,S1,12,0,0,Tidak Ada
921,921026,19211026,ANTROPOLOGI,S1,12,0,0,Tidak Ada
921,921027,19211027,MANAJEMEN,S1,27,0,0,Tidak Ada
921,921028,19211028,AKUNTANSI,S1,27,0,0,Tidak Ada
921,921029,19211029,SASTRA INDONESIA,S1,12,0,0,Tidak Ada
921,921030,19211030,PENDIDIKAN BAHASA INGGRIS,S1,30,0,0,Tidak Ada
921,921033,19213033,KESEHATAN HEWAN,D3,12,0,0,Tidak Ada
921,921034,19213034,TEKNIK KOMPUTER,D3,18,0,0,Tidak Ada
921,921035,19213035,EKOWISATA,D3,12,0,0,Tidak Ada
921,921037,19213037,TEKNIK LISTRIK,D3,12,0,0,Tidak Ada
921,921039,19213039,BUDIDAYA TANAMAN PANGAN,D3,15,0,0,Tidak Ada
921,921041,19213041,KONSERVASI SUMBERDAYA HUTAN,D3,8,0,0,Tidak Ada
921,921043,19213043,BUDIDAYA PERIKANAN,D3,12,0,0,Tidak Ada
921,921044,19213044,BUDIDAYA TANAMAN PERKEBUNAN,D3,15,0,0,Tidak Ada
921,921045,19213045,BUDIDAYA TERNAK,D3,12,0,0,Tidak Ada
921,921046,19211046,TEKNIK PERMINYAKAN,S1,24,0,0,Tidak Ada
921,921047,19211047,PENDIDKAN GURU SEKOLAH DASAR,S1,30,0,0,Tidak Ada
921,921048,19211048,KONSERVASI HUTAN,S1,18,0,0,Tidak Ada
921,921049,19211049,TEKNOLOGI HASIL HUTAN,S1,18,0,0,Tidak Ada
921,921050,19211050,ILMU LINGKUNGAN,S1,18,0,0,Tidak Ada
921,921051,19211051,AKUAKULTUR,S1,12,1,0,Tidak Ada
921,921052,19211052,PENDIDIKAN BAHASA INDONESIA,S1,30,1,0,Tidak Ada
921,921053,19211053,KEWIRAUSAHAAN (KAMPUS KABUPATEN KAIMANA),S1,18,1,0,Tidak Ada
931,931001,29312001,TEKNOLOGI REKAYASA KONSTRUKSI JALAN DAN JEMBATAN,D4,24,0,0,Tidak Ada
931,931002,29313002,TEKNIK LISTRIK,D3,24,0,0,Tidak Ada
931,931003,29313003,TEKNIK SIPIL,D3,48,0,0,Tidak Ada
931,931004,29313004,MANAJEMEN INFORMATIKA,D3,48,0,0,Tidak Ada
931,931005,29313005,AGRO INDUSTRI,D3,36,0,0,Tidak Ada
931,931006,29313006,TEKNIK PERAWATAN DAN PERBAIKAN MESIN,D3,36,0,0,Tidak Ada
931,931007,29312007,AKUNTANSI SEKTOR PUBLIK,D4,10,0,0,Tidak Ada
931,931008,29312008,PENGELOLAAN AGRIBISNIS PERKEBUNAN,D4,10,0,0,Tidak Ada
